Frame Number,Time Offset,Source,Destination,RSSI (dBm),Protocol Name,Description,This data was collected by holding the laptop on the opposite side of the hall from the original position.
3,0.0953905,[24DEC6 11EF61],[*BROADCAST],236 (0xEC),WiFi,"WiFi:[ ManagementBeacon] ....... RSSI = 236 dBm, Rate = Unknown, SSID = tamulink-wpa, Channel = 6",
4,0.1954647,[80000B C94267],[*BROADCAST],236 (0xEC),WiFi,"WiFi:[ ManagementProbe request] ....... RSSI = 236 dBm, Rate = Unknown, SSID = BroadCast SSID",
5,0.2004036,[80000B C94267],[*BROADCAST],236 (0xEC),WiFi,"WiFi:[ ManagementProbe request] ....... RSSI = 236 dBm, Rate = Unknown, SSID = tamulink-wpa",
6,0.2009870,[24DEC6 11EF61],[*BROADCAST],236 (0xEC),WiFi,"WiFi:[ ManagementBeacon] ....... RSSI = 236 dBm, Rate = Unknown, SSID = tamulink-wpa, Channel = 6",
7,0.3001982,[24DEC6 11EF61],[*BROADCAST],236 (0xEC),WiFi,"WiFi:[ ManagementBeacon] ....... RSSI = 236 dBm, Rate = Unknown, SSID = tamulink-wpa, Channel = 6",
8,0.4026044,[24DEC6 11EF61],[*BROADCAST],236 (0xEC),WiFi,"WiFi:[ ManagementBeacon] ....... RSSI = 236 dBm, Rate = Unknown, SSID = tamulink-wpa, Channel = 6",
9,0.5049113,[24DEC6 11EF61],[*BROADCAST],236 (0xEC),WiFi,"WiFi:[ ManagementBeacon] ....... RSSI = 236 dBm, Rate = Unknown, SSID = tamulink-wpa, Channel = 6",
10,0.6072504,[24DEC6 11EF61],[*BROADCAST],236 (0xEC),WiFi,"WiFi:[ ManagementBeacon] ....... RSSI = 236 dBm, Rate = Unknown, SSID = tamulink-wpa, Channel = 6",
11,0.7098011,[24DEC6 11EF61],[*BROADCAST],236 (0xEC),WiFi,"WiFi:[ ManagementBeacon] ....... RSSI = 236 dBm, Rate = Unknown, SSID = tamulink-wpa, Channel = 6",
12,0.8121821,[24DEC6 11EF61],[*BROADCAST],236 (0xEC),WiFi,"WiFi:[ ManagementBeacon] ....... RSSI = 236 dBm, Rate = Unknown, SSID = tamulink-wpa, Channel = 6",
13,0.9145609,[24DEC6 11EF61],[*BROADCAST],236 (0xEC),WiFi,"WiFi:[ ManagementBeacon] ....... RSSI = 236 dBm, Rate = Unknown, SSID = tamulink-wpa, Channel = 6",
14,1.0197713,[24DEC6 11EF61],[*BROADCAST],236 (0xEC),WiFi,"WiFi:[ ManagementBeacon] ....... RSSI = 236 dBm, Rate = Unknown, SSID = tamulink-wpa, Channel = 6",
15,1.1194011,[24DEC6 11EF61],[*BROADCAST],236 (0xEC),WiFi,"WiFi:[ ManagementBeacon] ....... RSSI = 236 dBm, Rate = Unknown, SSID = tamulink-wpa, Channel = 6",
16,1.2217996,[24DEC6 11EF61],[*BROADCAST],236 (0xEC),WiFi,"WiFi:[ ManagementBeacon] ....... RSSI = 236 dBm, Rate = Unknown, SSID = tamulink-wpa, Channel = 6",
17,1.3241344,[24DEC6 11EF61],[*BROADCAST],236 (0xEC),WiFi,"WiFi:[ ManagementBeacon] ....... RSSI = 236 dBm, Rate = Unknown, SSID = tamulink-wpa, Channel = 6",
18,1.4266078,[24DEC6 11EF61],[*BROADCAST],236 (0xEC),WiFi,"WiFi:[ ManagementBeacon] ....... RSSI = 236 dBm, Rate = Unknown, SSID = tamulink-wpa, Channel = 6",
19,1.5289165,[24DEC6 11EF61],[*BROADCAST],236 (0xEC),WiFi,"WiFi:[ ManagementBeacon] ....... RSSI = 236 dBm, Rate = Unknown, SSID = tamulink-wpa, Channel = 6",
20,1.6313667,[24DEC6 11EF61],[*BROADCAST],236 (0xEC),WiFi,"WiFi:[ ManagementBeacon] ....... RSSI = 236 dBm, Rate = Unknown, SSID = tamulink-wpa, Channel = 6",
21,1.7337126,[24DEC6 11EF61],[*BROADCAST],236 (0xEC),WiFi,"WiFi:[ ManagementBeacon] ....... RSSI = 236 dBm, Rate = Unknown, SSID = tamulink-wpa, Channel = 6",
22,1.8370156,[24DEC6 11EF61],[*BROADCAST],236 (0xEC),WiFi,"WiFi:[ ManagementBeacon] ....... RSSI = 236 dBm, Rate = Unknown, SSID = tamulink-wpa, Channel = 6",
23,1.9384660,[24DEC6 11EF61],[*BROADCAST],236 (0xEC),WiFi,"WiFi:[ ManagementBeacon] ....... RSSI = 236 dBm, Rate = Unknown, SSID = tamulink-wpa, Channel = 6",
24,2.0408465,[24DEC6 11EF61],[*BROADCAST],236 (0xEC),WiFi,"WiFi:[ ManagementBeacon] ....... RSSI = 236 dBm, Rate = Unknown, SSID = tamulink-wpa, Channel = 6",
25,2.1463536,[24DEC6 11EF61],[*BROADCAST],236 (0xEC),WiFi,"WiFi:[ ManagementBeacon] ....... RSSI = 236 dBm, Rate = Unknown, SSID = tamulink-wpa, Channel = 6",
26,2.2458086,[24DEC6 11EF61],[*BROADCAST],236 (0xEC),WiFi,"WiFi:[ ManagementBeacon] ....... RSSI = 236 dBm, Rate = Unknown, SSID = tamulink-wpa, Channel = 6",
27,2.3481028,[24DEC6 11EF61],[*BROADCAST],236 (0xEC),WiFi,"WiFi:[ ManagementBeacon] ....... RSSI = 236 dBm, Rate = Unknown, SSID = tamulink-wpa, Channel = 6",
28,2.4505278,[24DEC6 11EF61],[*BROADCAST],236 (0xEC),WiFi,"WiFi:[ ManagementBeacon] ....... RSSI = 236 dBm, Rate = Unknown, SSID = tamulink-wpa, Channel = 6",
29,2.5528608,[24DEC6 11EF61],[*BROADCAST],236 (0xEC),WiFi,"WiFi:[ ManagementBeacon] ....... RSSI = 236 dBm, Rate = Unknown, SSID = tamulink-wpa, Channel = 6",
30,2.6553261,[24DEC6 11EF61],[*BROADCAST],236 (0xEC),WiFi,"WiFi:[ ManagementBeacon] ....... RSSI = 236 dBm, Rate = Unknown, SSID = tamulink-wpa, Channel = 6",
31,2.7577472,[24DEC6 11EF61],[*BROADCAST],236 (0xEC),WiFi,"WiFi:[ ManagementBeacon] ....... RSSI = 236 dBm, Rate = Unknown, SSID = tamulink-wpa, Channel = 6",
32,2.8603010,[24DEC6 11EF61],[*BROADCAST],236 (0xEC),WiFi,"WiFi:[ ManagementBeacon] ....... RSSI = 236 dBm, Rate = Unknown, SSID = tamulink-wpa, Channel = 6",
33,2.9625280,[24DEC6 11EF61],[*BROADCAST],236 (0xEC),WiFi,"WiFi:[ ManagementBeacon] ....... RSSI = 236 dBm, Rate = Unknown, SSID = tamulink-wpa, Channel = 6",
34,3.0648512,[24DEC6 11EF61],[*BROADCAST],236 (0xEC),WiFi,"WiFi:[ ManagementBeacon] ....... RSSI = 236 dBm, Rate = Unknown, SSID = tamulink-wpa, Channel = 6",
35,3.1675867,[24DEC6 11EF61],[*BROADCAST],236 (0xEC),WiFi,"WiFi:[ ManagementBeacon] ....... RSSI = 236 dBm, Rate = Unknown, SSID = tamulink-wpa, Channel = 6",
36,3.2675630,[48E244 AA232D],[*BROADCAST],236 (0xEC),WiFi,"WiFi:[ ManagementProbe request] ....... RSSI = 236 dBm, Rate = Unknown, SSID = BroadCast SSID",
37,3.2724960,[24DEC6 11EF61],[*BROADCAST],236 (0xEC),WiFi,"WiFi:[ ManagementBeacon] ....... RSSI = 236 dBm, Rate = Unknown, SSID = tamulink-wpa, Channel = 6",
38,3.3721040,[24DEC6 11EF61],[*BROADCAST],236 (0xEC),WiFi,"WiFi:[ ManagementBeacon] ....... RSSI = 236 dBm, Rate = Unknown, SSID = tamulink-wpa, Channel = 6",
39,3.4746094,[24DEC6 11EF61],[*BROADCAST],236 (0xEC),WiFi,"WiFi:[ ManagementBeacon] ....... RSSI = 236 dBm, Rate = Unknown, SSID = tamulink-wpa, Channel = 6",
40,3.5767924,[24DEC6 11EF61],[*BROADCAST],236 (0xEC),WiFi,"WiFi:[ ManagementBeacon] ....... RSSI = 236 dBm, Rate = Unknown, SSID = tamulink-wpa, Channel = 6",
41,3.6793278,[24DEC6 11EF61],[*BROADCAST],236 (0xEC),WiFi,"WiFi:[ ManagementBeacon] ....... RSSI = 236 dBm, Rate = Unknown, SSID = tamulink-wpa, Channel = 6",
42,3.7817211,[24DEC6 11EF61],[*BROADCAST],236 (0xEC),WiFi,"WiFi:[ ManagementBeacon] ....... RSSI = 236 dBm, Rate = Unknown, SSID = tamulink-wpa, Channel = 6",
43,3.8841200,[24DEC6 11EF61],[*BROADCAST],236 (0xEC),WiFi,"WiFi:[ ManagementBeacon] ....... RSSI = 236 dBm, Rate = Unknown, SSID = tamulink-wpa, Channel = 6",
44,3.9865091,[24DEC6 11EF61],[*BROADCAST],236 (0xEC),WiFi,"WiFi:[ ManagementBeacon] ....... RSSI = 236 dBm, Rate = Unknown, SSID = tamulink-wpa, Channel = 6",
45,4.0887982,[24DEC6 11EF61],[*BROADCAST],236 (0xEC),WiFi,"WiFi:[ ManagementBeacon] ....... RSSI = 236 dBm, Rate = Unknown, SSID = tamulink-wpa, Channel = 6",
46,4.1913335,[24DEC6 11EF61],[*BROADCAST],236 (0xEC),WiFi,"WiFi:[ ManagementBeacon] ....... RSSI = 236 dBm, Rate = Unknown, SSID = tamulink-wpa, Channel = 6",
47,4.2937166,[24DEC6 11EF61],[*BROADCAST],236 (0xEC),WiFi,"WiFi:[ ManagementBeacon] ....... RSSI = 236 dBm, Rate = Unknown, SSID = tamulink-wpa, Channel = 6",
48,4.3961459,[24DEC6 11EF61],[*BROADCAST],236 (0xEC),WiFi,"WiFi:[ ManagementBeacon] ....... RSSI = 236 dBm, Rate = Unknown, SSID = tamulink-wpa, Channel = 6",
49,4.4985910,[24DEC6 11EF61],[*BROADCAST],236 (0xEC),WiFi,"WiFi:[ ManagementBeacon] ....... RSSI = 236 dBm, Rate = Unknown, SSID = tamulink-wpa, Channel = 6",
50,4.5977445,[0071CC 5383E9],[*BROADCAST],236 (0xEC),WiFi,"WiFi:[ ManagementProbe request] ....... RSSI = 236 dBm, Rate = Unknown, SSID = BroadCast SSID",
51,4.6009126,[24DEC6 11EF61],[*BROADCAST],236 (0xEC),WiFi,"WiFi:[ ManagementBeacon] ....... RSSI = 236 dBm, Rate = Unknown, SSID = tamulink-wpa, Channel = 6",
52,4.7033645,[24DEC6 11EF61],[*BROADCAST],236 (0xEC),WiFi,"WiFi:[ ManagementBeacon] ....... RSSI = 236 dBm, Rate = Unknown, SSID = tamulink-wpa, Channel = 6",
53,4.8057314,[24DEC6 11EF61],[*BROADCAST],236 (0xEC),WiFi,"WiFi:[ ManagementBeacon] ....... RSSI = 236 dBm, Rate = Unknown, SSID = tamulink-wpa, Channel = 6",
54,4.9082073,[24DEC6 11EF61],[*BROADCAST],236 (0xEC),WiFi,"WiFi:[ ManagementBeacon] ....... RSSI = 236 dBm, Rate = Unknown, SSID = tamulink-wpa, Channel = 6",
55,5.0105322,[24DEC6 11EF61],[*BROADCAST],236 (0xEC),WiFi,"WiFi:[ ManagementBeacon] ....... RSSI = 236 dBm, Rate = Unknown, SSID = tamulink-wpa, Channel = 6",
56,5.1128841,[24DEC6 11EF61],[*BROADCAST],236 (0xEC),WiFi,"WiFi:[ ManagementBeacon] ....... RSSI = 236 dBm, Rate = Unknown, SSID = tamulink-wpa, Channel = 6",
57,5.2153301,[24DEC6 11EF61],[*BROADCAST],236 (0xEC),WiFi,"WiFi:[ ManagementBeacon] ....... RSSI = 236 dBm, Rate = Unknown, SSID = tamulink-wpa, Channel = 6",
58,5.3178073,[24DEC6 11EF61],[*BROADCAST],236 (0xEC),WiFi,"WiFi:[ ManagementBeacon] ....... RSSI = 236 dBm, Rate = Unknown, SSID = tamulink-wpa, Channel = 6",
59,5.4201468,[24DEC6 11EF61],[*BROADCAST],236 (0xEC),WiFi,"WiFi:[ ManagementBeacon] ....... RSSI = 236 dBm, Rate = Unknown, SSID = tamulink-wpa, Channel = 6",
60,5.5225200,[24DEC6 11EF61],[*BROADCAST],236 (0xEC),WiFi,"WiFi:[ ManagementBeacon] ....... RSSI = 236 dBm, Rate = Unknown, SSID = tamulink-wpa, Channel = 6",
61,5.6216889,[4CBB58 8A3C8B],[*BROADCAST],236 (0xEC),WiFi,"WiFi:[ ManagementProbe request] ....... RSSI = 236 dBm, Rate = Unknown, SSID = BroadCast SSID",
62,5.6256152,[24DEC6 11EF61],[*BROADCAST],236 (0xEC),WiFi,"WiFi:[ ManagementBeacon] ....... RSSI = 236 dBm, Rate = Unknown, SSID = tamulink-wpa, Channel = 6",
63,5.7273243,[24DEC6 11EF61],[*BROADCAST],236 (0xEC),WiFi,"WiFi:[ ManagementBeacon] ....... RSSI = 236 dBm, Rate = Unknown, SSID = tamulink-wpa, Channel = 6",
64,5.7385986,10.231.231.191,cs9.wpc.v0cdn.net,,TCP,"TCP:[Keep alive]Flags=...A...., SrcPort=3274, DstPort=HTTPS(443), PayloadLen=1, Seq=1806022226 - 1806022227, Ack=3715653259, Win=65 (scale factor 0x8) = 16640","{TCP:11, IPv4:10}"
65,5.7492057,cs9.wpc.v0cdn.net,10.231.231.191,236 (0xEC),TCP,"TCP:[Keep alive ack]Flags=...A...., SrcPort=HTTPS(443), DstPort=3274, PayloadLen=0, Seq=3715653259, Ack=1806022227, Win=290 (scale factor 0x9) = 148480","{TCP:11, IPv4:10}"
66,5.8297288,[24DEC6 11EF61],[*BROADCAST],236 (0xEC),WiFi,"WiFi:[ ManagementBeacon] ....... RSSI = 236 dBm, Rate = Unknown, SSID = tamulink-wpa, Channel = 6",
67,5.9328586,[24DEC6 11EF61],[*BROADCAST],236 (0xEC),WiFi,"WiFi:[ ManagementBeacon] ....... RSSI = 236 dBm, Rate = Unknown, SSID = tamulink-wpa, Channel = 6",
68,6.0344557,[24DEC6 11EF61],[*BROADCAST],236 (0xEC),WiFi,"WiFi:[ ManagementBeacon] ....... RSSI = 236 dBm, Rate = Unknown, SSID = tamulink-wpa, Channel = 6",
69,6.1369307,[24DEC6 11EF61],[*BROADCAST],236 (0xEC),WiFi,"WiFi:[ ManagementBeacon] ....... RSSI = 236 dBm, Rate = Unknown, SSID = tamulink-wpa, Channel = 6",
70,6.2397197,[24DEC6 11EF61],[*BROADCAST],236 (0xEC),WiFi,"WiFi:[ ManagementBeacon] ....... RSSI = 236 dBm, Rate = Unknown, SSID = tamulink-wpa, Channel = 6",
71,6.3417940,[24DEC6 11EF61],[*BROADCAST],236 (0xEC),WiFi,"WiFi:[ ManagementBeacon] ....... RSSI = 236 dBm, Rate = Unknown, SSID = tamulink-wpa, Channel = 6",
72,6.4442122,[24DEC6 11EF61],[*BROADCAST],236 (0xEC),WiFi,"WiFi:[ ManagementBeacon] ....... RSSI = 236 dBm, Rate = Unknown, SSID = tamulink-wpa, Channel = 6",
73,6.5465191,[24DEC6 11EF61],[*BROADCAST],236 (0xEC),WiFi,"WiFi:[ ManagementBeacon] ....... RSSI = 236 dBm, Rate = Unknown, SSID = tamulink-wpa, Channel = 6",
74,6.6489010,[24DEC6 11EF61],[*BROADCAST],236 (0xEC),WiFi,"WiFi:[ ManagementBeacon] ....... RSSI = 236 dBm, Rate = Unknown, SSID = tamulink-wpa, Channel = 6",
75,6.7514119,[24DEC6 11EF61],[*BROADCAST],236 (0xEC),WiFi,"WiFi:[ ManagementBeacon] ....... RSSI = 236 dBm, Rate = Unknown, SSID = tamulink-wpa, Channel = 6",
76,6.8537497,[24DEC6 11EF61],[*BROADCAST],236 (0xEC),WiFi,"WiFi:[ ManagementBeacon] ....... RSSI = 236 dBm, Rate = Unknown, SSID = tamulink-wpa, Channel = 6",
77,6.9589246,[24DEC6 11EF61],[*BROADCAST],236 (0xEC),WiFi,"WiFi:[ ManagementBeacon] ....... RSSI = 236 dBm, Rate = Unknown, SSID = tamulink-wpa, Channel = 6",
78,7.0584539,[24DEC6 11EF61],[*BROADCAST],236 (0xEC),WiFi,"WiFi:[ ManagementBeacon] ....... RSSI = 236 dBm, Rate = Unknown, SSID = tamulink-wpa, Channel = 6",
79,7.1609315,[24DEC6 11EF61],[*BROADCAST],236 (0xEC),WiFi,"WiFi:[ ManagementBeacon] ....... RSSI = 236 dBm, Rate = Unknown, SSID = tamulink-wpa, Channel = 6",
80,7.2634139,[24DEC6 11EF61],[*BROADCAST],236 (0xEC),WiFi,"WiFi:[ ManagementBeacon] ....... RSSI = 236 dBm, Rate = Unknown, SSID = tamulink-wpa, Channel = 6",
81,7.3657730,[24DEC6 11EF61],[*BROADCAST],236 (0xEC),WiFi,"WiFi:[ ManagementBeacon] ....... RSSI = 236 dBm, Rate = Unknown, SSID = tamulink-wpa, Channel = 6",
82,7.4682335,[24DEC6 11EF61],[*BROADCAST],236 (0xEC),WiFi,"WiFi:[ ManagementBeacon] ....... RSSI = 236 dBm, Rate = Unknown, SSID = tamulink-wpa, Channel = 6",
83,7.5704550,[24DEC6 11EF61],[*BROADCAST],236 (0xEC),WiFi,"WiFi:[ ManagementBeacon] ....... RSSI = 236 dBm, Rate = Unknown, SSID = tamulink-wpa, Channel = 6",
84,7.6729317,[24DEC6 11EF61],[*BROADCAST],236 (0xEC),WiFi,"WiFi:[ ManagementBeacon] ....... RSSI = 236 dBm, Rate = Unknown, SSID = tamulink-wpa, Channel = 6",
85,7.7754017,[24DEC6 11EF61],[*BROADCAST],236 (0xEC),WiFi,"WiFi:[ ManagementBeacon] ....... RSSI = 236 dBm, Rate = Unknown, SSID = tamulink-wpa, Channel = 6",
86,7.8777155,[24DEC6 11EF61],[*BROADCAST],236 (0xEC),WiFi,"WiFi:[ ManagementBeacon] ....... RSSI = 236 dBm, Rate = Unknown, SSID = tamulink-wpa, Channel = 6",
87,7.9801332,[24DEC6 11EF61],[*BROADCAST],236 (0xEC),WiFi,"WiFi:[ ManagementBeacon] ....... RSSI = 236 dBm, Rate = Unknown, SSID = tamulink-wpa, Channel = 6",
88,8.0824625,[24DEC6 11EF61],[*BROADCAST],236 (0xEC),WiFi,"WiFi:[ ManagementBeacon] ....... RSSI = 236 dBm, Rate = Unknown, SSID = tamulink-wpa, Channel = 6",
89,8.1849610,[24DEC6 11EF61],[*BROADCAST],236 (0xEC),WiFi,"WiFi:[ ManagementBeacon] ....... RSSI = 236 dBm, Rate = Unknown, SSID = tamulink-wpa, Channel = 6",
90,8.2873399,[24DEC6 11EF61],[*BROADCAST],236 (0xEC),WiFi,"WiFi:[ ManagementBeacon] ....... RSSI = 236 dBm, Rate = Unknown, SSID = tamulink-wpa, Channel = 6",
91,8.3897781,[24DEC6 11EF61],[*BROADCAST],236 (0xEC),WiFi,"WiFi:[ ManagementBeacon] ....... RSSI = 236 dBm, Rate = Unknown, SSID = tamulink-wpa, Channel = 6",
92,8.5944276,[24DEC6 11EF61],[*BROADCAST],236 (0xEC),WiFi,"WiFi:[ ManagementBeacon] ....... RSSI = 236 dBm, Rate = Unknown, SSID = tamulink-wpa, Channel = 6",
93,8.6969330,[24DEC6 11EF61],[*BROADCAST],236 (0xEC),WiFi,"WiFi:[ ManagementBeacon] ....... RSSI = 236 dBm, Rate = Unknown, SSID = tamulink-wpa, Channel = 6",
94,8.7993940,[24DEC6 11EF61],[*BROADCAST],236 (0xEC),WiFi,"WiFi:[ ManagementBeacon] ....... RSSI = 236 dBm, Rate = Unknown, SSID = tamulink-wpa, Channel = 6",
95,8.9017339,[24DEC6 11EF61],[*BROADCAST],236 (0xEC),WiFi,"WiFi:[ ManagementBeacon] ....... RSSI = 236 dBm, Rate = Unknown, SSID = tamulink-wpa, Channel = 6",
96,9.1065574,[24DEC6 11EF61],[*BROADCAST],236 (0xEC),WiFi,"WiFi:[ ManagementBeacon] ....... RSSI = 236 dBm, Rate = Unknown, SSID = tamulink-wpa, Channel = 6",
97,9.2090200,[24DEC6 11EF61],[*BROADCAST],236 (0xEC),WiFi,"WiFi:[ ManagementBeacon] ....... RSSI = 236 dBm, Rate = Unknown, SSID = tamulink-wpa, Channel = 6",
98,9.3114143,[24DEC6 11EF61],[*BROADCAST],236 (0xEC),WiFi,"WiFi:[ ManagementBeacon] ....... RSSI = 236 dBm, Rate = Unknown, SSID = tamulink-wpa, Channel = 6",
99,9.4101046,[9801A7 951843],[*BROADCAST],236 (0xEC),WiFi,"WiFi:[ ManagementProbe request] ....... RSSI = 236 dBm, Rate = Unknown, SSID = BroadCast SSID, Channel = 6",
100,9.4154378,[24DEC6 11EF61],[*BROADCAST],236 (0xEC),WiFi,"WiFi:[ ManagementBeacon] ....... RSSI = 236 dBm, Rate = Unknown, SSID = tamulink-wpa, Channel = 6",
101,9.5178167,[24DEC6 11EF61],[*BROADCAST],236 (0xEC),WiFi,"WiFi:[ ManagementBeacon] ....... RSSI = 236 dBm, Rate = Unknown, SSID = tamulink-wpa, Channel = 6",
102,9.6214451,[24DEC6 11EF61],[*BROADCAST],236 (0xEC),WiFi,"WiFi:[ ManagementBeacon] ....... RSSI = 236 dBm, Rate = Unknown, SSID = tamulink-wpa, Channel = 6",
103,9.8213356,[80000B C94267],[*BROADCAST],236 (0xEC),WiFi,"WiFi:[ ManagementProbe request] ....... RSSI = 236 dBm, Rate = Unknown, SSID = BroadCast SSID",
104,9.8223864,[80000B C94267],[*BROADCAST],236 (0xEC),WiFi,"WiFi:[ ManagementProbe request] ....... RSSI = 236 dBm, Rate = Unknown, SSID = tamulink-wpa",
105,9.8232644,[80000B C94267],[*BROADCAST],236 (0xEC),WiFi,"WiFi:[ ManagementProbe request] ....... RSSI = 236 dBm, Rate = Unknown, SSID = BroadCast SSID",
106,9.8239259,[24DEC6 11EF61],[*BROADCAST],236 (0xEC),WiFi,"WiFi:[ ManagementBeacon] ....... RSSI = 236 dBm, Rate = Unknown, SSID = tamulink-wpa, Channel = 6",
107,9.9257309,[24DEC6 11EF61],[*BROADCAST],236 (0xEC),WiFi,"WiFi:[ ManagementBeacon] ....... RSSI = 236 dBm, Rate = Unknown, SSID = tamulink-wpa, Channel = 6",
108,10.0282512,[24DEC6 11EF61],[*BROADCAST],236 (0xEC),WiFi,"WiFi:[ ManagementBeacon] ....... RSSI = 236 dBm, Rate = Unknown, SSID = tamulink-wpa, Channel = 6",
109,10.1305830,[24DEC6 11EF61],[*BROADCAST],236 (0xEC),WiFi,"WiFi:[ ManagementBeacon] ....... RSSI = 236 dBm, Rate = Unknown, SSID = tamulink-wpa, Channel = 6",
110,10.2306824,[80000B C94267],[*BROADCAST],236 (0xEC),WiFi,"WiFi:[ ManagementProbe request] ....... RSSI = 236 dBm, Rate = Unknown, SSID = BroadCast SSID",
111,10.2316536,[80000B C94267],[*BROADCAST],236 (0xEC),WiFi,"WiFi:[ ManagementProbe request] ....... RSSI = 236 dBm, Rate = Unknown, SSID = tamulink-wpa",
112,10.2344501,[80000B C94267],[*BROADCAST],236 (0xEC),WiFi,"WiFi:[ ManagementProbe request] ....... RSSI = 236 dBm, Rate = Unknown, SSID = BroadCast SSID",
113,10.3355404,[24DEC6 11EF61],[*BROADCAST],236 (0xEC),WiFi,"WiFi:[ ManagementBeacon] ....... RSSI = 236 dBm, Rate = Unknown, SSID = tamulink-wpa, Channel = 6",
114,10.4378666,[24DEC6 11EF61],[*BROADCAST],236 (0xEC),WiFi,"WiFi:[ ManagementBeacon] ....... RSSI = 236 dBm, Rate = Unknown, SSID = tamulink-wpa, Channel = 6",
115,10.5402527,[24DEC6 11EF61],[*BROADCAST],236 (0xEC),WiFi,"WiFi:[ ManagementBeacon] ....... RSSI = 236 dBm, Rate = Unknown, SSID = tamulink-wpa, Channel = 6",
116,10.6426131,[24DEC6 11EF61],[*BROADCAST],236 (0xEC),WiFi,"WiFi:[ ManagementBeacon] ....... RSSI = 236 dBm, Rate = Unknown, SSID = tamulink-wpa, Channel = 6",
117,10.7451357,[24DEC6 11EF61],[*BROADCAST],236 (0xEC),WiFi,"WiFi:[ ManagementBeacon] ....... RSSI = 236 dBm, Rate = Unknown, SSID = tamulink-wpa, Channel = 6",
118,10.8475166,[24DEC6 11EF61],[*BROADCAST],236 (0xEC),WiFi,"WiFi:[ ManagementBeacon] ....... RSSI = 236 dBm, Rate = Unknown, SSID = tamulink-wpa, Channel = 6",
119,10.9499660,[24DEC6 11EF61],[*BROADCAST],236 (0xEC),WiFi,"WiFi:[ ManagementBeacon] ....... RSSI = 236 dBm, Rate = Unknown, SSID = tamulink-wpa, Channel = 6",
120,11.0522572,[24DEC6 11EF61],[*BROADCAST],236 (0xEC),WiFi,"WiFi:[ ManagementBeacon] ....... RSSI = 236 dBm, Rate = Unknown, SSID = tamulink-wpa, Channel = 6",
121,11.1547562,[24DEC6 11EF61],[*BROADCAST],236 (0xEC),WiFi,"WiFi:[ ManagementBeacon] ....... RSSI = 236 dBm, Rate = Unknown, SSID = tamulink-wpa, Channel = 6",
122,11.2571457,[24DEC6 11EF61],[*BROADCAST],236 (0xEC),WiFi,"WiFi:[ ManagementBeacon] ....... RSSI = 236 dBm, Rate = Unknown, SSID = tamulink-wpa, Channel = 6",
123,11.3594655,[24DEC6 11EF61],[*BROADCAST],236 (0xEC),WiFi,"WiFi:[ ManagementBeacon] ....... RSSI = 236 dBm, Rate = Unknown, SSID = tamulink-wpa, Channel = 6",
124,11.4620282,[24DEC6 11EF61],[*BROADCAST],236 (0xEC),WiFi,"WiFi:[ ManagementBeacon] ....... RSSI = 236 dBm, Rate = Unknown, SSID = tamulink-wpa, Channel = 6",
125,11.5658410,[24DEC6 11EF61],[*BROADCAST],236 (0xEC),WiFi,"WiFi:[ ManagementBeacon] ....... RSSI = 236 dBm, Rate = Unknown, SSID = tamulink-wpa, Channel = 6",
126,11.6696200,[24DEC6 11EF61],[*BROADCAST],236 (0xEC),WiFi,"WiFi:[ ManagementBeacon] ....... RSSI = 236 dBm, Rate = Unknown, SSID = tamulink-wpa, Channel = 6",
127,11.7520525,10.231.231.191,128.194.254.1,,DNS,"DNS:QueryId = 0xA3C9, QUERY (Standard query), Query  for clients6.google.com of type Host Addr on class Internet","{DNS:2, UDP:1, IPv4:32}"
128,11.7520525,10.231.231.191,128.194.254.1,,DNS,"DNS:QueryId = 0xD8AC, QUERY (Standard query), Query  for docs.google.com of type Host Addr on class Internet","{DNS:4, UDP:3, IPv4:32}"
129,11.7520927,10.231.231.191,128.194.254.1,,DNS,"DNS:QueryId = 0x6BC, QUERY (Standard query), Query  for drive.google.com of type Host Addr on class Internet","{DNS:6, UDP:5, IPv4:32}"
130,11.7521141,10.231.231.191,128.194.254.1,,DNS,"DNS:QueryId = 0xF03D, QUERY (Standard query), Query  for ssl.gstatic.com of type Host Addr on class Internet","{DNS:8, UDP:7, IPv4:32}"
131,11.7539180,128.194.254.1,10.231.231.191,236 (0xEC),DNS,"DNS:QueryId = 0xD8AC, QUERY (Standard query), Response - Success, 172.217.6.174 ","{DNS:4, UDP:3, IPv4:32}"
132,11.7543841,128.194.254.1,10.231.231.191,236 (0xEC),DNS,"DNS:QueryId = 0xF03D, QUERY (Standard query), Response - Success, 172.217.9.131 ","{DNS:8, UDP:7, IPv4:32}"
133,11.7546330,128.194.254.1,10.231.231.191,236 (0xEC),DNS,"DNS:QueryId = 0x6BC, QUERY (Standard query), Response - Success, 172.217.9.142 ","{DNS:6, UDP:5, IPv4:32}"
134,11.7549465,128.194.254.1,10.231.231.191,236 (0xEC),DNS,"DNS:QueryId = 0xA3C9, QUERY (Standard query), Response - Success, 49, 0 ","{DNS:2, UDP:1, IPv4:32}"
135,11.7566336,10.231.231.191,clients.l.google.com,,UDP,"UDP:SrcPort = 57384, DstPort = HTTPS(443), Length = 1358","{UDP:9, IPv4:46}"
136,11.7587163,10.231.231.191,ssl.gstatic.com,,UDP,"UDP:SrcPort = 57385, DstPort = HTTPS(443), Length = 1358","{UDP:10, IPv4:3}"
137,11.7689432,[24DEC6 11EF61],[*BROADCAST],236 (0xEC),WiFi,"WiFi:[ ManagementBeacon] ....... RSSI = 236 dBm, Rate = Unknown, SSID = tamulink-wpa, Channel = 6",
138,11.7751318,clients.l.google.com,10.231.231.191,236 (0xEC),UDP,"UDP:SrcPort = HTTPS(443), DstPort = 57384, Length = 1358","{UDP:9, IPv4:46}"
139,11.7753366,clients.l.google.com,10.231.231.191,236 (0xEC),UDP,"UDP:SrcPort = HTTPS(443), DstPort = 57384, Length = 39","{UDP:9, IPv4:46}"
140,11.7756065,10.231.231.191,clients.l.google.com,,UDP,"UDP:SrcPort = 57384, DstPort = HTTPS(443), Length = 47","{UDP:9, IPv4:46}"
141,11.7757468,10.231.231.191,clients.l.google.com,,UDP,"UDP:SrcPort = 57384, DstPort = HTTPS(443), Length = 46","{UDP:9, IPv4:46}"
142,11.7758631,10.231.231.191,ssl.gstatic.com,,UDP,"UDP:SrcPort = 57385, DstPort = HTTPS(443), Length = 1358","{UDP:10, IPv4:3}"
143,11.7771247,ssl.gstatic.com,10.231.231.191,236 (0xEC),UDP,"UDP:SrcPort = HTTPS(443), DstPort = 57385, Length = 1358","{UDP:10, IPv4:3}"
144,11.7772991,ssl.gstatic.com,10.231.231.191,236 (0xEC),UDP,"UDP:SrcPort = HTTPS(443), DstPort = 57385, Length = 39","{UDP:10, IPv4:3}"
145,11.7774548,10.231.231.191,ssl.gstatic.com,,UDP,"UDP:SrcPort = 57385, DstPort = HTTPS(443), Length = 47","{UDP:10, IPv4:3}"
146,11.7775339,10.231.231.191,ssl.gstatic.com,,UDP,"UDP:SrcPort = 57385, DstPort = HTTPS(443), Length = 46","{UDP:10, IPv4:3}"
147,11.7861734,ssl.gstatic.com,10.231.231.191,236 (0xEC),UDP,"UDP:SrcPort = HTTPS(443), DstPort = 57385, Length = 38","{UDP:10, IPv4:3}"
148,11.8103881,clients.l.google.com,10.231.231.191,236 (0xEC),UDP,"UDP:SrcPort = HTTPS(443), DstPort = 57384, Length = 38","{UDP:9, IPv4:46}"
149,11.8714144,[24DEC6 11EF61],[*BROADCAST],236 (0xEC),WiFi,"WiFi:[ ManagementBeacon] ....... RSSI = 236 dBm, Rate = Unknown, SSID = tamulink-wpa, Channel = 6",
150,11.8746043,[60D819 7F1AF1],[*BROADCAST],236 (0xEC),WiFi,"WiFi:[ ManagementProbe request] ....... RSSI = 236 dBm, Rate = Unknown, SSID = BroadCast SSID",
151,11.9245715,[60D819 7F1AF1],[*BROADCAST],236 (0xEC),WiFi,"WiFi:[ ManagementProbe request] ....... RSSI = 236 dBm, Rate = Unknown, SSID = BroadCast SSID",
152,11.9737881,[24DEC6 11EF61],[*BROADCAST],236 (0xEC),WiFi,"WiFi:[ ManagementBeacon] ....... RSSI = 236 dBm, Rate = Unknown, SSID = tamulink-wpa, Channel = 6",
153,12.0563669,10.231.231.191,ssl.gstatic.com,,UDP,"UDP:SrcPort = 57385, DstPort = HTTPS(443), Length = 450","{UDP:10, IPv4:3}"
154,12.0660546,ssl.gstatic.com,10.231.231.191,236 (0xEC),UDP,"UDP:SrcPort = HTTPS(443), DstPort = 57385, Length = 38","{UDP:10, IPv4:3}"
155,12.0731391,ssl.gstatic.com,10.231.231.191,236 (0xEC),UDP,"UDP:SrcPort = HTTPS(443), DstPort = 57385, Length = 358","{UDP:10, IPv4:3}"
156,12.0734026,ssl.gstatic.com,10.231.231.191,236 (0xEC),UDP,"UDP:SrcPort = HTTPS(443), DstPort = 57385, Length = 26","{UDP:10, IPv4:3}"
157,12.0735852,10.231.231.191,ssl.gstatic.com,,UDP,"UDP:SrcPort = 57385, DstPort = HTTPS(443), Length = 52","{UDP:10, IPv4:3}"
158,12.0761425,[24DEC6 11EF61],[*BROADCAST],236 (0xEC),WiFi,"WiFi:[ ManagementBeacon] ....... RSSI = 236 dBm, Rate = Unknown, SSID = tamulink-wpa, Channel = 6",
159,12.1785860,[24DEC6 11EF61],[*BROADCAST],236 (0xEC),WiFi,"WiFi:[ ManagementBeacon] ....... RSSI = 236 dBm, Rate = Unknown, SSID = tamulink-wpa, Channel = 6",
160,12.2810730,[24DEC6 11EF61],[*BROADCAST],236 (0xEC),WiFi,"WiFi:[ ManagementBeacon] ....... RSSI = 236 dBm, Rate = Unknown, SSID = tamulink-wpa, Channel = 6",
161,12.3833475,[24DEC6 11EF61],[*BROADCAST],236 (0xEC),WiFi,"WiFi:[ ManagementBeacon] ....... RSSI = 236 dBm, Rate = Unknown, SSID = tamulink-wpa, Channel = 6",
162,12.4857742,[24DEC6 11EF61],[*BROADCAST],236 (0xEC),WiFi,"WiFi:[ ManagementBeacon] ....... RSSI = 236 dBm, Rate = Unknown, SSID = tamulink-wpa, Channel = 6",
163,12.5099525,[F04F7C 1B02BC],[*BROADCAST],236 (0xEC),WiFi,"WiFi:[ ManagementProbe request] ....... RSSI = 236 dBm, Rate = Unknown, SSID = BroadCast SSID",
164,12.5208509,[F04F7C 1B02BC],[*BROADCAST],236 (0xEC),WiFi,"WiFi:[ ManagementProbe request] ....... RSSI = 236 dBm, Rate = Unknown, SSID = BroadCast SSID",
165,12.5536327,[F04F7C 1B02BC],[*BROADCAST],236 (0xEC),WiFi,"WiFi:[ ManagementProbe request] ....... RSSI = 236 dBm, Rate = Unknown, SSID = BroadCast SSID",
166,12.5645272,[F04F7C 1B02BC],[*BROADCAST],236 (0xEC),WiFi,"WiFi:[ ManagementProbe request] ....... RSSI = 236 dBm, Rate = Unknown, SSID = BroadCast SSID",
167,12.5826820,[F04F7C 1B02BC],[*BROADCAST],236 (0xEC),WiFi,"WiFi:[ ManagementProbe request] ....... RSSI = 236 dBm, Rate = Unknown, SSID = BroadCast SSID",
168,12.5904756,[24DEC6 11EF61],[*BROADCAST],236 (0xEC),WiFi,"WiFi:[ ManagementBeacon] ....... RSSI = 236 dBm, Rate = Unknown, SSID = tamulink-wpa, Channel = 6",
169,12.5936796,[F04F7C 1B02BC],[*BROADCAST],236 (0xEC),WiFi,"WiFi:[ ManagementProbe request] ....... RSSI = 236 dBm, Rate = Unknown, SSID = BroadCast SSID",
170,12.6045788,[F04F7C 1B02BC],[*BROADCAST],236 (0xEC),WiFi,"WiFi:[ ManagementProbe request] ....... RSSI = 236 dBm, Rate = Unknown, SSID = BroadCast SSID",
171,12.6155396,[F04F7C 1B02BC],[*BROADCAST],236 (0xEC),WiFi,"WiFi:[ ManagementProbe request] ....... RSSI = 236 dBm, Rate = Unknown, SSID = BroadCast SSID",
172,12.6322130,[F04F7C 1B02BC],[*BROADCAST],236 (0xEC),WiFi,"WiFi:[ ManagementProbe request] ....... RSSI = 236 dBm, Rate = Unknown, SSID = BroadCast SSID",
173,12.6365995,10.231.231.191,ssl.gstatic.com,,UDP,"UDP:SrcPort = 57385, DstPort = HTTPS(443), Length = 146","{UDP:10, IPv4:3}"
174,12.6431310,[F04F7C 1B02BC],[*BROADCAST],236 (0xEC),WiFi,"WiFi:[ ManagementProbe request] ....... RSSI = 236 dBm, Rate = Unknown, SSID = BroadCast SSID",
175,12.6563793,[F04F7C 1B02BC],[*BROADCAST],236 (0xEC),WiFi,"WiFi:[ ManagementProbe request] ....... RSSI = 236 dBm, Rate = Unknown, SSID = BroadCast SSID",
176,12.6630944,ssl.gstatic.com,10.231.231.191,236 (0xEC),UDP,"UDP:SrcPort = HTTPS(443), DstPort = 57385, Length = 111","{UDP:10, IPv4:3}"
177,12.6639373,ssl.gstatic.com,10.231.231.191,236 (0xEC),UDP,"UDP:SrcPort = HTTPS(443), DstPort = 57385, Length = 26","{UDP:10, IPv4:3}"
178,12.6642700,10.231.231.191,ssl.gstatic.com,,UDP,"UDP:SrcPort = 57385, DstPort = HTTPS(443), Length = 46","{UDP:10, IPv4:3}"
179,12.6743751,[F04F7C 1B02BC],[*BROADCAST],236 (0xEC),WiFi,"WiFi:[ ManagementProbe request] ....... RSSI = 236 dBm, Rate = Unknown, SSID = BroadCast SSID",
180,12.6906452,[24DEC6 11EF61],[*BROADCAST],236 (0xEC),WiFi,"WiFi:[ ManagementBeacon] ....... RSSI = 236 dBm, Rate = Unknown, SSID = tamulink-wpa, Channel = 6",
181,12.6931700,[F04F7C 1B02BC],[*BROADCAST],236 (0xEC),WiFi,"WiFi:[ ManagementProbe request] ....... RSSI = 236 dBm, Rate = Unknown, SSID = BroadCast SSID",
182,12.7051816,[F04F7C 1B02BC],[*BROADCAST],236 (0xEC),WiFi,"WiFi:[ ManagementProbe request] ....... RSSI = 236 dBm, Rate = Unknown, SSID = BroadCast SSID",
183,12.7196124,[F04F7C 1B02BC],[*BROADCAST],236 (0xEC),WiFi,"WiFi:[ ManagementProbe request] ....... RSSI = 236 dBm, Rate = Unknown, SSID = BroadCast SSID",
184,12.7341513,[F04F7C 1B02BC],[*BROADCAST],236 (0xEC),WiFi,"WiFi:[ ManagementProbe request] ....... RSSI = 236 dBm, Rate = Unknown, SSID = BroadCast SSID",
185,12.7542139,[F04F7C 1B02BC],[*BROADCAST],236 (0xEC),WiFi,"WiFi:[ ManagementProbe request] ....... RSSI = 236 dBm, Rate = Unknown, SSID = BroadCast SSID",
186,12.7760166,[F04F7C 1B02BC],[*BROADCAST],236 (0xEC),WiFi,"WiFi:[ ManagementProbe request] ....... RSSI = 236 dBm, Rate = Unknown, SSID = BroadCast SSID",
187,12.7848434,[EC0EC4 224C95],[*BROADCAST],236 (0xEC),WiFi,"WiFi:[ ManagementProbe request] ....... RSSI = 236 dBm, Rate = Unknown, SSID = tamulink-wpa",
188,12.7869201,[F04F7C 1B02BC],[*BROADCAST],236 (0xEC),WiFi,"WiFi:[ ManagementProbe request] ....... RSSI = 236 dBm, Rate = Unknown, SSID = BroadCast SSID",
189,12.7929731,[24DEC6 11EF61],[*BROADCAST],236 (0xEC),WiFi,"WiFi:[ ManagementBeacon] ....... RSSI = 236 dBm, Rate = Unknown, SSID = tamulink-wpa, Channel = 6",
190,12.8087946,[F04F7C 1B02BC],[*BROADCAST],236 (0xEC),WiFi,"WiFi:[ ManagementProbe request] ....... RSSI = 236 dBm, Rate = Unknown, SSID = BroadCast SSID",
191,12.8186880,[EC0EC4 224C95],[*BROADCAST],236 (0xEC),WiFi,"WiFi:[ ManagementProbe request] ....... RSSI = 236 dBm, Rate = Unknown, SSID = tamulink-wpa",
192,12.8953489,[24DEC6 11EF61],[*BROADCAST],236 (0xEC),WiFi,"WiFi:[ ManagementBeacon] ....... RSSI = 236 dBm, Rate = Unknown, SSID = tamulink-wpa, Channel = 6",
193,13.1001661,[24DEC6 11EF61],[*BROADCAST],236 (0xEC),WiFi,"WiFi:[ ManagementBeacon] ....... RSSI = 236 dBm, Rate = Unknown, SSID = tamulink-wpa, Channel = 6",
194,13.1758541,[EC0EC4 224C95],[*BROADCAST],236 (0xEC),WiFi,"WiFi:[ ManagementProbe request] ....... RSSI = 236 dBm, Rate = Unknown, SSID = tamulink-wpa",
195,13.2028682,[24DEC6 11EF61],[*BROADCAST],236 (0xEC),WiFi,"WiFi:[ ManagementBeacon] ....... RSSI = 236 dBm, Rate = Unknown, SSID = tamulink-wpa, Channel = 6",
196,13.2076631,[EC0EC4 224C95],[*BROADCAST],236 (0xEC),WiFi,"WiFi:[ ManagementProbe request] ....... RSSI = 236 dBm, Rate = Unknown, SSID = tamulink-wpa",
197,13.3050456,[24DEC6 11EF61],[*BROADCAST],236 (0xEC),WiFi,"WiFi:[ ManagementBeacon] ....... RSSI = 236 dBm, Rate = Unknown, SSID = tamulink-wpa, Channel = 6",
198,13.4074680,[24DEC6 11EF61],[*BROADCAST],236 (0xEC),WiFi,"WiFi:[ ManagementBeacon] ....... RSSI = 236 dBm, Rate = Unknown, SSID = tamulink-wpa, Channel = 6",
199,13.5099525,[24DEC6 11EF61],[*BROADCAST],236 (0xEC),WiFi,"WiFi:[ ManagementBeacon] ....... RSSI = 236 dBm, Rate = Unknown, SSID = tamulink-wpa, Channel = 6",
200,13.6122847,[24DEC6 11EF61],[*BROADCAST],236 (0xEC),WiFi,"WiFi:[ ManagementBeacon] ....... RSSI = 236 dBm, Rate = Unknown, SSID = tamulink-wpa, Channel = 6",
201,13.7146755,[24DEC6 11EF61],[*BROADCAST],236 (0xEC),WiFi,"WiFi:[ ManagementBeacon] ....... RSSI = 236 dBm, Rate = Unknown, SSID = tamulink-wpa, Channel = 6",
202,13.7528856,[EC0EC4 224C95],[*BROADCAST],236 (0xEC),WiFi,"WiFi:[ ManagementProbe request] ....... RSSI = 236 dBm, Rate = Unknown, SSID = tamulink-wpa",
203,13.7821761,[EC0EC4 224C95],[*BROADCAST],236 (0xEC),WiFi,"WiFi:[ ManagementProbe request] ....... RSSI = 236 dBm, Rate = Unknown, SSID = tamulink-wpa",
204,13.8169757,[24DEC6 11EF61],[*BROADCAST],236 (0xEC),WiFi,"WiFi:[ ManagementBeacon] ....... RSSI = 236 dBm, Rate = Unknown, SSID = tamulink-wpa, Channel = 6",
205,13.9048202,[08D40C D2C71A],[*BROADCAST],236 (0xEC),WiFi,"WiFi:[ ManagementProbe request] ....... RSSI = 236 dBm, Rate = Unknown, SSID = BroadCast SSID",
206,13.9194623,[24DEC6 11EF61],[*BROADCAST],236 (0xEC),WiFi,"WiFi:[ ManagementBeacon] ....... RSSI = 236 dBm, Rate = Unknown, SSID = tamulink-wpa, Channel = 6",
207,13.9468266,[60D819 7F1AF1],[*BROADCAST],236 (0xEC),WiFi,"WiFi:[ ManagementProbe request] ....... RSSI = 236 dBm, Rate = Unknown, SSID = BroadCast SSID",
208,13.9870257,[EC0EC4 224C95],[*BROADCAST],236 (0xEC),WiFi,"WiFi:[ ManagementProbe request] ....... RSSI = 236 dBm, Rate = Unknown, SSID = tamulink-wpa",
209,13.9967891,[60D819 7F1AF1],[*BROADCAST],236 (0xEC),WiFi,"WiFi:[ ManagementProbe request] ....... RSSI = 236 dBm, Rate = Unknown, SSID = BroadCast SSID",
210,14.0218608,[24DEC6 11EF61],[*BROADCAST],236 (0xEC),WiFi,"WiFi:[ ManagementBeacon] ....... RSSI = 236 dBm, Rate = Unknown, SSID = tamulink-wpa, Channel = 6",
211,14.0423009,[08D40C D2C71A],[*BROADCAST],236 (0xEC),WiFi,"WiFi:[ ManagementProbe request] ....... RSSI = 236 dBm, Rate = Unknown, SSID = BroadCast SSID",
212,14.0587609,[60D819 7F1AF1],[*BROADCAST],236 (0xEC),WiFi,"WiFi:[ ManagementProbe request] ....... RSSI = 236 dBm, Rate = Unknown, SSID = BroadCast SSID",
213,14.1241438,[24DEC6 11EF61],[*BROADCAST],236 (0xEC),WiFi,"WiFi:[ ManagementBeacon] ....... RSSI = 236 dBm, Rate = Unknown, SSID = tamulink-wpa, Channel = 6",
214,14.2207835,[EC0EC4 224C95],[*BROADCAST],236 (0xEC),WiFi,"WiFi:[ ManagementProbe request] ....... RSSI = 236 dBm, Rate = Unknown, SSID = tamulink-wpa",
215,14.2267544,[24DEC6 11EF61],[*BROADCAST],236 (0xEC),WiFi,"WiFi:[ ManagementBeacon] ....... RSSI = 236 dBm, Rate = Unknown, SSID = tamulink-wpa, Channel = 6",
216,14.2502801,[EC0EC4 224C95],[*BROADCAST],236 (0xEC),WiFi,"WiFi:[ ManagementProbe request] ....... RSSI = 236 dBm, Rate = Unknown, SSID = tamulink-wpa",
217,14.2758697,[60D819 7F1AF1],[*BROADCAST],236 (0xEC),WiFi,"WiFi:[ ManagementProbe request] ....... RSSI = 236 dBm, Rate = Unknown, SSID = BroadCast SSID",
218,14.4352036,[24DEC6 11EF61],[*BROADCAST],236 (0xEC),WiFi,"WiFi:[ ManagementBeacon] ....... RSSI = 236 dBm, Rate = Unknown, SSID = tamulink-wpa, Channel = 6",
219,14.6363352,[24DEC6 11EF61],[*BROADCAST],236 (0xEC),WiFi,"WiFi:[ ManagementBeacon] ....... RSSI = 236 dBm, Rate = Unknown, SSID = tamulink-wpa, Channel = 6",
220,14.7386828,[24DEC6 11EF61],[*BROADCAST],236 (0xEC),WiFi,"WiFi:[ ManagementBeacon] ....... RSSI = 236 dBm, Rate = Unknown, SSID = tamulink-wpa, Channel = 6",
221,14.8410616,[24DEC6 11EF61],[*BROADCAST],236 (0xEC),WiFi,"WiFi:[ ManagementBeacon] ....... RSSI = 236 dBm, Rate = Unknown, SSID = tamulink-wpa, Channel = 6",
222,14.8813775,[3C2EF9 E3E53C],[*BROADCAST],236 (0xEC),WiFi,"WiFi:[ ManagementProbe request] ....... RSSI = 236 dBm, Rate = Unknown, SSID = BroadCast SSID, Channel = 6",
223,14.8916112,[3C2EF9 E3E53C],[*BROADCAST],236 (0xEC),WiFi,"WiFi:[ ManagementProbe request] ....... RSSI = 236 dBm, Rate = Unknown, SSID = BroadCast SSID, Channel = 6",
224,14.9434695,[24DEC6 11EF61],[*BROADCAST],236 (0xEC),WiFi,"WiFi:[ ManagementBeacon] ....... RSSI = 236 dBm, Rate = Unknown, SSID = tamulink-wpa, Channel = 6",
225,14.9938327,[5AAF2B 0DB734],[*BROADCAST],236 (0xEC),WiFi,"WiFi:[ ManagementProbe request] ....... RSSI = 236 dBm, Rate = Unknown, SSID = BroadCast SSID, Channel = 5",
226,15.0328489,[5AAF2B 0DB734],[*BROADCAST],236 (0xEC),WiFi,"WiFi:[ ManagementProbe request] ....... RSSI = 236 dBm, Rate = Unknown, SSID = BroadCast SSID, Channel = 6",
227,15.0458389,[24DEC6 11EF61],[*BROADCAST],236 (0xEC),WiFi,"WiFi:[ ManagementBeacon] ....... RSSI = 236 dBm, Rate = Unknown, SSID = tamulink-wpa, Channel = 6",
228,15.0498858,[5AAF2B 0DB734],[*BROADCAST],236 (0xEC),WiFi,"WiFi:[ ManagementProbe request] ....... RSSI = 236 dBm, Rate = Unknown, SSID = BroadCast SSID, Channel = 6",
229,15.1084681,[5AAF2B 0DB734],[*BROADCAST],236 (0xEC),WiFi,"WiFi:[ ManagementProbe request] ....... RSSI = 236 dBm, Rate = Unknown, SSID = BroadCast SSID, Channel = 7",
230,15.1431325,[5AAF2B 0DB734],[*BROADCAST],236 (0xEC),WiFi,"WiFi:[ ManagementProbe request] ....... RSSI = 236 dBm, Rate = Unknown, SSID = BroadCast SSID, Channel = 8",
231,15.1482567,[24DEC6 11EF61],[*BROADCAST],236 (0xEC),WiFi,"WiFi:[ ManagementBeacon] ....... RSSI = 236 dBm, Rate = Unknown, SSID = tamulink-wpa, Channel = 6",
232,15.1647278,[5AAF2B 0DB734],[*BROADCAST],236 (0xEC),WiFi,"WiFi:[ ManagementProbe request] ....... RSSI = 236 dBm, Rate = Unknown, SSID = BroadCast SSID, Channel = 8",
233,15.2507527,[24DEC6 11EF61],[*BROADCAST],236 (0xEC),WiFi,"WiFi:[ ManagementBeacon] ....... RSSI = 236 dBm, Rate = Unknown, SSID = tamulink-wpa, Channel = 6",
234,15.3530763,[24DEC6 11EF61],[*BROADCAST],236 (0xEC),WiFi,"WiFi:[ ManagementBeacon] ....... RSSI = 236 dBm, Rate = Unknown, SSID = tamulink-wpa, Channel = 6",
235,15.4555702,[24DEC6 11EF61],[*BROADCAST],236 (0xEC),WiFi,"WiFi:[ ManagementBeacon] ....... RSSI = 236 dBm, Rate = Unknown, SSID = tamulink-wpa, Channel = 6",
236,15.5578669,[24DEC6 11EF61],[*BROADCAST],236 (0xEC),WiFi,"WiFi:[ ManagementBeacon] ....... RSSI = 236 dBm, Rate = Unknown, SSID = tamulink-wpa, Channel = 6",
237,15.6619577,[24DEC6 11EF61],[*BROADCAST],236 (0xEC),WiFi,"WiFi:[ ManagementBeacon] ....... RSSI = 236 dBm, Rate = Unknown, SSID = tamulink-wpa, Channel = 6",
238,15.7627405,[24DEC6 11EF61],[*BROADCAST],236 (0xEC),WiFi,"WiFi:[ ManagementBeacon] ....... RSSI = 236 dBm, Rate = Unknown, SSID = tamulink-wpa, Channel = 6",
239,15.8651685,[24DEC6 11EF61],[*BROADCAST],236 (0xEC),WiFi,"WiFi:[ ManagementBeacon] ....... RSSI = 236 dBm, Rate = Unknown, SSID = tamulink-wpa, Channel = 6",
240,15.9674652,[24DEC6 11EF61],[*BROADCAST],236 (0xEC),WiFi,"WiFi:[ ManagementBeacon] ....... RSSI = 236 dBm, Rate = Unknown, SSID = tamulink-wpa, Channel = 6",
241,16.0698483,[24DEC6 11EF61],[*BROADCAST],236 (0xEC),WiFi,"WiFi:[ ManagementBeacon] ....... RSSI = 236 dBm, Rate = Unknown, SSID = tamulink-wpa, Channel = 6",
242,16.1708569,[681401 9E5761],[*BROADCAST],236 (0xEC),WiFi,"WiFi:[ ManagementProbe request] ....... RSSI = 236 dBm, Rate = Unknown, SSID = MBTFR, Channel = 6",
243,16.1722075,[24DEC6 11EF61],[*BROADCAST],236 (0xEC),WiFi,"WiFi:[ ManagementBeacon] ....... RSSI = 236 dBm, Rate = Unknown, SSID = tamulink-wpa, Channel = 6",
244,16.2746577,[24DEC6 11EF61],[*BROADCAST],236 (0xEC),WiFi,"WiFi:[ ManagementBeacon] ....... RSSI = 236 dBm, Rate = Unknown, SSID = tamulink-wpa, Channel = 6",
245,16.3771200,[24DEC6 11EF61],[*BROADCAST],236 (0xEC),WiFi,"WiFi:[ ManagementBeacon] ....... RSSI = 236 dBm, Rate = Unknown, SSID = tamulink-wpa, Channel = 6",
246,16.4794770,[24DEC6 11EF61],[*BROADCAST],236 (0xEC),WiFi,"WiFi:[ ManagementBeacon] ....... RSSI = 236 dBm, Rate = Unknown, SSID = tamulink-wpa, Channel = 6",
247,16.5818023,[24DEC6 11EF61],[*BROADCAST],236 (0xEC),WiFi,"WiFi:[ ManagementBeacon] ....... RSSI = 236 dBm, Rate = Unknown, SSID = tamulink-wpa, Channel = 6",
248,16.6843467,[24DEC6 11EF61],[*BROADCAST],236 (0xEC),WiFi,"WiFi:[ ManagementBeacon] ....... RSSI = 236 dBm, Rate = Unknown, SSID = tamulink-wpa, Channel = 6",
249,16.7867465,[24DEC6 11EF61],[*BROADCAST],236 (0xEC),WiFi,"WiFi:[ ManagementBeacon] ....... RSSI = 236 dBm, Rate = Unknown, SSID = tamulink-wpa, Channel = 6",
250,16.8891364,[24DEC6 11EF61],[*BROADCAST],236 (0xEC),WiFi,"WiFi:[ ManagementBeacon] ....... RSSI = 236 dBm, Rate = Unknown, SSID = tamulink-wpa, Channel = 6",
251,16.9915447,[24DEC6 11EF61],[*BROADCAST],236 (0xEC),WiFi,"WiFi:[ ManagementBeacon] ....... RSSI = 236 dBm, Rate = Unknown, SSID = tamulink-wpa, Channel = 6",
252,17.0937765,[24DEC6 11EF61],[*BROADCAST],236 (0xEC),WiFi,"WiFi:[ ManagementBeacon] ....... RSSI = 236 dBm, Rate = Unknown, SSID = tamulink-wpa, Channel = 6",
253,17.1962430,[24DEC6 11EF61],[*BROADCAST],236 (0xEC),WiFi,"WiFi:[ ManagementBeacon] ....... RSSI = 236 dBm, Rate = Unknown, SSID = tamulink-wpa, Channel = 6",
254,17.2987355,[24DEC6 11EF61],[*BROADCAST],236 (0xEC),WiFi,"WiFi:[ ManagementBeacon] ....... RSSI = 236 dBm, Rate = Unknown, SSID = tamulink-wpa, Channel = 6",
255,17.4011469,[24DEC6 11EF61],[*BROADCAST],236 (0xEC),WiFi,"WiFi:[ ManagementBeacon] ....... RSSI = 236 dBm, Rate = Unknown, SSID = tamulink-wpa, Channel = 6",
256,17.5034962,[24DEC6 11EF61],[*BROADCAST],236 (0xEC),WiFi,"WiFi:[ ManagementBeacon] ....... RSSI = 236 dBm, Rate = Unknown, SSID = tamulink-wpa, Channel = 6",
257,17.5259639,10.231.231.191,64.233.171.125,,TLS,TLS:Continued Data: 1 Bytes,"{TLS:8, SSLVersionSelector:7, TCP:2, IPv4:1}"
258,17.5427365,64.233.171.125,10.231.231.191,236 (0xEC),TCP,"TCP:[Segment Lost]Flags=...A...., SrcPort=5222, DstPort=2991, PayloadLen=0, Seq=1731802899, Ack=67435796, Win=259","{TCP:2, IPv4:1}"
259,17.6057758,[24DEC6 11EF61],[*BROADCAST],236 (0xEC),WiFi,"WiFi:[ ManagementBeacon] ....... RSSI = 236 dBm, Rate = Unknown, SSID = tamulink-wpa, Channel = 6",
260,17.7083603,[24DEC6 11EF61],[*BROADCAST],236 (0xEC),WiFi,"WiFi:[ ManagementBeacon] ....... RSSI = 236 dBm, Rate = Unknown, SSID = tamulink-wpa, Channel = 6",
261,17.8106926,[24DEC6 11EF61],[*BROADCAST],236 (0xEC),WiFi,"WiFi:[ ManagementBeacon] ....... RSSI = 236 dBm, Rate = Unknown, SSID = tamulink-wpa, Channel = 6",
262,17.9131047,[24DEC6 11EF61],[*BROADCAST],236 (0xEC),WiFi,"WiFi:[ ManagementBeacon] ....... RSSI = 236 dBm, Rate = Unknown, SSID = tamulink-wpa, Channel = 6",
263,18.0154528,[24DEC6 11EF61],[*BROADCAST],236 (0xEC),WiFi,"WiFi:[ ManagementBeacon] ....... RSSI = 236 dBm, Rate = Unknown, SSID = tamulink-wpa, Channel = 6",
264,18.1177645,[24DEC6 11EF61],[*BROADCAST],236 (0xEC),WiFi,"WiFi:[ ManagementBeacon] ....... RSSI = 236 dBm, Rate = Unknown, SSID = tamulink-wpa, Channel = 6",
265,18.2203661,[24DEC6 11EF61],[*BROADCAST],236 (0xEC),WiFi,"WiFi:[ ManagementBeacon] ....... RSSI = 236 dBm, Rate = Unknown, SSID = tamulink-wpa, Channel = 6",
266,18.3227629,[24DEC6 11EF61],[*BROADCAST],236 (0xEC),WiFi,"WiFi:[ ManagementBeacon] ....... RSSI = 236 dBm, Rate = Unknown, SSID = tamulink-wpa, Channel = 6",
267,18.4251122,[24DEC6 11EF61],[*BROADCAST],236 (0xEC),WiFi,"WiFi:[ ManagementBeacon] ....... RSSI = 236 dBm, Rate = Unknown, SSID = tamulink-wpa, Channel = 6",
268,18.6298151,[24DEC6 11EF61],[*BROADCAST],236 (0xEC),WiFi,"WiFi:[ ManagementBeacon] ....... RSSI = 236 dBm, Rate = Unknown, SSID = tamulink-wpa, Channel = 6",
269,18.7322795,[24DEC6 11EF61],[*BROADCAST],236 (0xEC),WiFi,"WiFi:[ ManagementBeacon] ....... RSSI = 236 dBm, Rate = Unknown, SSID = tamulink-wpa, Channel = 6",
270,18.8346955,[24DEC6 11EF61],[*BROADCAST],236 (0xEC),WiFi,"WiFi:[ ManagementBeacon] ....... RSSI = 236 dBm, Rate = Unknown, SSID = tamulink-wpa, Channel = 6",
271,18.9370705,[24DEC6 11EF61],[*BROADCAST],236 (0xEC),WiFi,"WiFi:[ ManagementBeacon] ....... RSSI = 236 dBm, Rate = Unknown, SSID = tamulink-wpa, Channel = 6",
272,19.0412998,[24DEC6 11EF61],[*BROADCAST],236 (0xEC),WiFi,"WiFi:[ ManagementBeacon] ....... RSSI = 236 dBm, Rate = Unknown, SSID = tamulink-wpa, Channel = 6",
273,19.1418833,[24DEC6 11EF61],[*BROADCAST],236 (0xEC),WiFi,"WiFi:[ ManagementBeacon] ....... RSSI = 236 dBm, Rate = Unknown, SSID = tamulink-wpa, Channel = 6",
274,19.2442895,[24DEC6 11EF61],[*BROADCAST],236 (0xEC),WiFi,"WiFi:[ ManagementBeacon] ....... RSSI = 236 dBm, Rate = Unknown, SSID = tamulink-wpa, Channel = 6",
275,19.3467607,[24DEC6 11EF61],[*BROADCAST],236 (0xEC),WiFi,"WiFi:[ ManagementBeacon] ....... RSSI = 236 dBm, Rate = Unknown, SSID = tamulink-wpa, Channel = 6",
276,19.4490964,[24DEC6 11EF61],[*BROADCAST],236 (0xEC),WiFi,"WiFi:[ ManagementBeacon] ....... RSSI = 236 dBm, Rate = Unknown, SSID = tamulink-wpa, Channel = 6",
277,19.5514688,[24DEC6 11EF61],[*BROADCAST],236 (0xEC),WiFi,"WiFi:[ ManagementBeacon] ....... RSSI = 236 dBm, Rate = Unknown, SSID = tamulink-wpa, Channel = 6",
278,19.6538258,[24DEC6 11EF61],[*BROADCAST],236 (0xEC),WiFi,"WiFi:[ ManagementBeacon] ....... RSSI = 236 dBm, Rate = Unknown, SSID = tamulink-wpa, Channel = 6",
279,19.7562927,[24DEC6 11EF61],[*BROADCAST],236 (0xEC),WiFi,"WiFi:[ ManagementBeacon] ....... RSSI = 236 dBm, Rate = Unknown, SSID = tamulink-wpa, Channel = 6",
280,19.8587109,[24DEC6 11EF61],[*BROADCAST],236 (0xEC),WiFi,"WiFi:[ ManagementBeacon] ....... RSSI = 236 dBm, Rate = Unknown, SSID = tamulink-wpa, Channel = 6",
281,19.9610474,[24DEC6 11EF61],[*BROADCAST],236 (0xEC),WiFi,"WiFi:[ ManagementBeacon] ....... RSSI = 236 dBm, Rate = Unknown, SSID = tamulink-wpa, Channel = 6",
282,20.0634686,[24DEC6 11EF61],[*BROADCAST],236 (0xEC),WiFi,"WiFi:[ ManagementBeacon] ....... RSSI = 236 dBm, Rate = Unknown, SSID = tamulink-wpa, Channel = 6",
283,20.1640906,[80000B C94267],[*BROADCAST],236 (0xEC),WiFi,"WiFi:[ ManagementProbe request] ....... RSSI = 236 dBm, Rate = Unknown, SSID = BroadCast SSID",
284,20.1695406,[24DEC6 11EF61],[*BROADCAST],236 (0xEC),WiFi,"WiFi:[ ManagementBeacon] ....... RSSI = 236 dBm, Rate = Unknown, SSID = tamulink-wpa, Channel = 6",
285,20.2683669,[24DEC6 11EF61],[*BROADCAST],236 (0xEC),WiFi,"WiFi:[ ManagementBeacon] ....... RSSI = 236 dBm, Rate = Unknown, SSID = tamulink-wpa, Channel = 6",
286,20.3707513,[24DEC6 11EF61],[*BROADCAST],236 (0xEC),WiFi,"WiFi:[ ManagementBeacon] ....... RSSI = 236 dBm, Rate = Unknown, SSID = tamulink-wpa, Channel = 6",
287,20.4732491,[24DEC6 11EF61],[*BROADCAST],236 (0xEC),WiFi,"WiFi:[ ManagementBeacon] ....... RSSI = 236 dBm, Rate = Unknown, SSID = tamulink-wpa, Channel = 6",
288,20.5731150,[80000B C94267],[*BROADCAST],236 (0xEC),WiFi,"WiFi:[ ManagementProbe request] ....... RSSI = 236 dBm, Rate = Unknown, SSID = BroadCast SSID",
289,20.5779774,[24DEC6 11EF61],[*BROADCAST],236 (0xEC),WiFi,"WiFi:[ ManagementBeacon] ....... RSSI = 236 dBm, Rate = Unknown, SSID = tamulink-wpa, Channel = 6",
290,20.6779610,[24DEC6 11EF61],[*BROADCAST],236 (0xEC),WiFi,"WiFi:[ ManagementBeacon] ....... RSSI = 236 dBm, Rate = Unknown, SSID = tamulink-wpa, Channel = 6",
291,20.7802799,[24DEC6 11EF61],[*BROADCAST],236 (0xEC),WiFi,"WiFi:[ ManagementBeacon] ....... RSSI = 236 dBm, Rate = Unknown, SSID = tamulink-wpa, Channel = 6",
292,20.8827644,[24DEC6 11EF61],[*BROADCAST],236 (0xEC),WiFi,"WiFi:[ ManagementBeacon] ....... RSSI = 236 dBm, Rate = Unknown, SSID = tamulink-wpa, Channel = 6",
293,20.9850743,[24DEC6 11EF61],[*BROADCAST],236 (0xEC),WiFi,"WiFi:[ ManagementBeacon] ....... RSSI = 236 dBm, Rate = Unknown, SSID = tamulink-wpa, Channel = 6",
294,21.0910429,[24DEC6 11EF61],[*BROADCAST],236 (0xEC),WiFi,"WiFi:[ ManagementBeacon] ....... RSSI = 236 dBm, Rate = Unknown, SSID = tamulink-wpa, Channel = 6",
295,21.1876600,[80000B DC717A],[*BROADCAST],236 (0xEC),WiFi,"WiFi:[ ManagementProbe request] ....... RSSI = 236 dBm, Rate = Unknown, SSID = BroadCast SSID",
296,21.1933666,[24DEC6 11EF61],[*BROADCAST],236 (0xEC),WiFi,"WiFi:[ ManagementBeacon] ....... RSSI = 236 dBm, Rate = Unknown, SSID = tamulink-wpa, Channel = 6",
297,21.2923148,[24DEC6 11EF61],[*BROADCAST],236 (0xEC),WiFi,"WiFi:[ ManagementBeacon] ....... RSSI = 236 dBm, Rate = Unknown, SSID = tamulink-wpa, Channel = 6",
298,21.3946829,[24DEC6 11EF61],[*BROADCAST],236 (0xEC),WiFi,"WiFi:[ ManagementBeacon] ....... RSSI = 236 dBm, Rate = Unknown, SSID = tamulink-wpa, Channel = 6",
299,21.4970904,[24DEC6 11EF61],[*BROADCAST],236 (0xEC),WiFi,"WiFi:[ ManagementBeacon] ....... RSSI = 236 dBm, Rate = Unknown, SSID = tamulink-wpa, Channel = 6",
300,21.5993572,[24DEC6 11EF61],[*BROADCAST],236 (0xEC),WiFi,"WiFi:[ ManagementBeacon] ....... RSSI = 236 dBm, Rate = Unknown, SSID = tamulink-wpa, Channel = 6",
301,21.7018951,[24DEC6 11EF61],[*BROADCAST],236 (0xEC),WiFi,"WiFi:[ ManagementBeacon] ....... RSSI = 236 dBm, Rate = Unknown, SSID = tamulink-wpa, Channel = 6",
302,21.8042812,[24DEC6 11EF61],[*BROADCAST],236 (0xEC),WiFi,"WiFi:[ ManagementBeacon] ....... RSSI = 236 dBm, Rate = Unknown, SSID = tamulink-wpa, Channel = 6",
303,21.9067229,[24DEC6 11EF61],[*BROADCAST],236 (0xEC),WiFi,"WiFi:[ ManagementBeacon] ....... RSSI = 236 dBm, Rate = Unknown, SSID = tamulink-wpa, Channel = 6",
304,22.0090803,[24DEC6 11EF61],[*BROADCAST],236 (0xEC),WiFi,"WiFi:[ ManagementBeacon] ....... RSSI = 236 dBm, Rate = Unknown, SSID = tamulink-wpa, Channel = 6",
305,22.1122619,[24DEC6 11EF61],[*BROADCAST],236 (0xEC),WiFi,"WiFi:[ ManagementBeacon] ....... RSSI = 236 dBm, Rate = Unknown, SSID = tamulink-wpa, Channel = 6",
306,22.3163567,[24DEC6 11EF61],[*BROADCAST],236 (0xEC),WiFi,"WiFi:[ ManagementBeacon] ....... RSSI = 236 dBm, Rate = Unknown, SSID = tamulink-wpa, Channel = 6",
307,22.4187150,[24DEC6 11EF61],[*BROADCAST],236 (0xEC),WiFi,"WiFi:[ ManagementBeacon] ....... RSSI = 236 dBm, Rate = Unknown, SSID = tamulink-wpa, Channel = 6",
308,22.5067383,10.231.231.191,64.233.171.125,,TCP,"TCP:[Continuation to #257]Flags=...AP..., SrcPort=2991, DstPort=5222, PayloadLen=30, Seq=67435796 - 67435826, Ack=1731802899, Win=68","{TCP:2, IPv4:1}"
309,22.5211652,[24DEC6 11EF61],[*BROADCAST],236 (0xEC),WiFi,"WiFi:[ ManagementBeacon] ....... RSSI = 236 dBm, Rate = Unknown, SSID = tamulink-wpa, Channel = 6",
310,22.5235857,64.233.171.125,10.231.231.191,236 (0xEC),TCP,"TCP:Flags=...A...., SrcPort=5222, DstPort=2991, PayloadLen=0, Seq=1731802899, Ack=67435826, Win=259","{TCP:2, IPv4:1}"
311,22.6254330,[24DEC6 11EF61],[*BROADCAST],236 (0xEC),WiFi,"WiFi:[ ManagementBeacon] ....... RSSI = 236 dBm, Rate = Unknown, SSID = tamulink-wpa, Channel = 6",
312,22.7258510,[24DEC6 11EF61],[*BROADCAST],236 (0xEC),WiFi,"WiFi:[ ManagementBeacon] ....... RSSI = 236 dBm, Rate = Unknown, SSID = tamulink-wpa, Channel = 6",
313,22.8283684,[24DEC6 11EF61],[*BROADCAST],236 (0xEC),WiFi,"WiFi:[ ManagementBeacon] ....... RSSI = 236 dBm, Rate = Unknown, SSID = tamulink-wpa, Channel = 6",
314,22.9306976,[24DEC6 11EF61],[*BROADCAST],236 (0xEC),WiFi,"WiFi:[ ManagementBeacon] ....... RSSI = 236 dBm, Rate = Unknown, SSID = tamulink-wpa, Channel = 6",
315,23.0330769,[24DEC6 11EF61],[*BROADCAST],236 (0xEC),WiFi,"WiFi:[ ManagementBeacon] ....... RSSI = 236 dBm, Rate = Unknown, SSID = tamulink-wpa, Channel = 6",
316,23.1354553,[24DEC6 11EF61],[*BROADCAST],236 (0xEC),WiFi,"WiFi:[ ManagementBeacon] ....... RSSI = 236 dBm, Rate = Unknown, SSID = tamulink-wpa, Channel = 6",
317,23.2393343,[24DEC6 11EF61],[*BROADCAST],236 (0xEC),WiFi,"WiFi:[ ManagementBeacon] ....... RSSI = 236 dBm, Rate = Unknown, SSID = tamulink-wpa, Channel = 6",
318,23.3403763,[24DEC6 11EF61],[*BROADCAST],236 (0xEC),WiFi,"WiFi:[ ManagementBeacon] ....... RSSI = 236 dBm, Rate = Unknown, SSID = tamulink-wpa, Channel = 6",
319,23.4427628,[24DEC6 11EF61],[*BROADCAST],236 (0xEC),WiFi,"WiFi:[ ManagementBeacon] ....... RSSI = 236 dBm, Rate = Unknown, SSID = tamulink-wpa, Channel = 6",
320,23.5450779,[24DEC6 11EF61],[*BROADCAST],236 (0xEC),WiFi,"WiFi:[ ManagementBeacon] ....... RSSI = 236 dBm, Rate = Unknown, SSID = tamulink-wpa, Channel = 6",
321,23.6507454,[24DEC6 11EF61],[*BROADCAST],236 (0xEC),WiFi,"WiFi:[ ManagementBeacon] ....... RSSI = 236 dBm, Rate = Unknown, SSID = tamulink-wpa, Channel = 6",
322,23.7474386,[08D40C D2C71A],[*BROADCAST],236 (0xEC),WiFi,"WiFi:[ ManagementProbe request] ....... RSSI = 236 dBm, Rate = Unknown, SSID = BroadCast SSID",
323,23.8522893,[24DEC6 11EF61],[*BROADCAST],236 (0xEC),WiFi,"WiFi:[ ManagementBeacon] ....... RSSI = 236 dBm, Rate = Unknown, SSID = tamulink-wpa, Channel = 6",
324,23.9547412,[24DEC6 11EF61],[*BROADCAST],236 (0xEC),WiFi,"WiFi:[ ManagementBeacon] ....... RSSI = 236 dBm, Rate = Unknown, SSID = tamulink-wpa, Channel = 6",
325,24.0570191,[24DEC6 11EF61],[*BROADCAST],236 (0xEC),WiFi,"WiFi:[ ManagementBeacon] ....... RSSI = 236 dBm, Rate = Unknown, SSID = tamulink-wpa, Channel = 6",
326,24.1594664,[24DEC6 11EF61],[*BROADCAST],236 (0xEC),WiFi,"WiFi:[ ManagementBeacon] ....... RSSI = 236 dBm, Rate = Unknown, SSID = tamulink-wpa, Channel = 6",
327,24.2618704,[24DEC6 11EF61],[*BROADCAST],236 (0xEC),WiFi,"WiFi:[ ManagementBeacon] ....... RSSI = 236 dBm, Rate = Unknown, SSID = tamulink-wpa, Channel = 6",
328,24.3643254,[24DEC6 11EF61],[*BROADCAST],236 (0xEC),WiFi,"WiFi:[ ManagementBeacon] ....... RSSI = 236 dBm, Rate = Unknown, SSID = tamulink-wpa, Channel = 6",
329,24.4666884,[24DEC6 11EF61],[*BROADCAST],236 (0xEC),WiFi,"WiFi:[ ManagementBeacon] ....... RSSI = 236 dBm, Rate = Unknown, SSID = tamulink-wpa, Channel = 6",
330,24.5657046,[48E244 AA2EB7],[*BROADCAST],236 (0xEC),WiFi,"WiFi:[ ManagementProbe request] ....... RSSI = 236 dBm, Rate = Unknown, SSID = BroadCast SSID",
331,24.5689864,[24DEC6 11EF61],[*BROADCAST],236 (0xEC),WiFi,"WiFi:[ ManagementBeacon] ....... RSSI = 236 dBm, Rate = Unknown, SSID = tamulink-wpa, Channel = 6",
332,24.7779710,[24DEC6 11EF61],[*BROADCAST],236 (0xEC),WiFi,"WiFi:[ ManagementBeacon] ....... RSSI = 236 dBm, Rate = Unknown, SSID = tamulink-wpa, Channel = 6",
333,24.8763658,[24DEC6 11EF61],[*BROADCAST],236 (0xEC),WiFi,"WiFi:[ ManagementBeacon] ....... RSSI = 236 dBm, Rate = Unknown, SSID = tamulink-wpa, Channel = 6",
334,24.9786835,[24DEC6 11EF61],[*BROADCAST],236 (0xEC),WiFi,"WiFi:[ ManagementBeacon] ....... RSSI = 236 dBm, Rate = Unknown, SSID = tamulink-wpa, Channel = 6",
335,25.1835694,[24DEC6 11EF61],[*BROADCAST],236 (0xEC),WiFi,"WiFi:[ ManagementBeacon] ....... RSSI = 236 dBm, Rate = Unknown, SSID = tamulink-wpa, Channel = 6",
336,25.2858525,[24DEC6 11EF61],[*BROADCAST],236 (0xEC),WiFi,"WiFi:[ ManagementBeacon] ....... RSSI = 236 dBm, Rate = Unknown, SSID = tamulink-wpa, Channel = 6",
337,25.3883194,[24DEC6 11EF61],[*BROADCAST],236 (0xEC),WiFi,"WiFi:[ ManagementBeacon] ....... RSSI = 236 dBm, Rate = Unknown, SSID = tamulink-wpa, Channel = 6",
338,25.4907329,[24DEC6 11EF61],[*BROADCAST],236 (0xEC),WiFi,"WiFi:[ ManagementBeacon] ....... RSSI = 236 dBm, Rate = Unknown, SSID = tamulink-wpa, Channel = 6",
339,25.5929791,[24DEC6 11EF61],[*BROADCAST],236 (0xEC),WiFi,"WiFi:[ ManagementBeacon] ....... RSSI = 236 dBm, Rate = Unknown, SSID = tamulink-wpa, Channel = 6",
340,25.6965678,[24DEC6 11EF61],[*BROADCAST],236 (0xEC),WiFi,"WiFi:[ ManagementBeacon] ....... RSSI = 236 dBm, Rate = Unknown, SSID = tamulink-wpa, Channel = 6",
341,25.7942749,[681401 9E5761],[*BROADCAST],236 (0xEC),WiFi,"WiFi:[ ManagementProbe request] ....... RSSI = 236 dBm, Rate = Unknown, SSID = BroadCast SSID, Channel = 6",
342,25.8026954,[985FD3 3540E6],[*BROADCAST],236 (0xEC),WiFi,"WiFi:[ ManagementProbe request] ....... RSSI = 236 dBm, Rate = Unknown, SSID = BroadCast SSID, Channel = 5",
343,25.8118785,[24DEC6 11EF61],[*BROADCAST],236 (0xEC),WiFi,"WiFi:[ ManagementBeacon] ....... RSSI = 236 dBm, Rate = Unknown, SSID = tamulink-wpa, Channel = 6",
344,25.9003666,[24DEC6 11EF61],[*BROADCAST],236 (0xEC),WiFi,"WiFi:[ ManagementBeacon] ....... RSSI = 236 dBm, Rate = Unknown, SSID = tamulink-wpa, Channel = 6",
345,25.9984937,[90489A D13AC7],[*BROADCAST],236 (0xEC),WiFi,"WiFi:[ ManagementProbe request] ....... RSSI = 236 dBm, Rate = Unknown, SSID = tamulink-wpa",
346,26.0047790,[24DEC6 11EF61],[*BROADCAST],236 (0xEC),WiFi,"WiFi:[ ManagementBeacon] ....... RSSI = 236 dBm, Rate = Unknown, SSID = tamulink-wpa, Channel = 6",
347,26.1050131,[24DEC6 11EF61],[*BROADCAST],236 (0xEC),WiFi,"WiFi:[ ManagementBeacon] ....... RSSI = 236 dBm, Rate = Unknown, SSID = tamulink-wpa, Channel = 6",
348,26.2074813,[24DEC6 11EF61],[*BROADCAST],236 (0xEC),WiFi,"WiFi:[ ManagementBeacon] ....... RSSI = 236 dBm, Rate = Unknown, SSID = tamulink-wpa, Channel = 6",
349,26.3098165,[24DEC6 11EF61],[*BROADCAST],236 (0xEC),WiFi,"WiFi:[ ManagementBeacon] ....... RSSI = 236 dBm, Rate = Unknown, SSID = tamulink-wpa, Channel = 6",
350,26.4122394,[24DEC6 11EF61],[*BROADCAST],236 (0xEC),WiFi,"WiFi:[ ManagementBeacon] ....... RSSI = 236 dBm, Rate = Unknown, SSID = tamulink-wpa, Channel = 6",
351,26.5147055,[24DEC6 11EF61],[*BROADCAST],236 (0xEC),WiFi,"WiFi:[ ManagementBeacon] ....... RSSI = 236 dBm, Rate = Unknown, SSID = tamulink-wpa, Channel = 6",
352,26.6170835,[24DEC6 11EF61],[*BROADCAST],236 (0xEC),WiFi,"WiFi:[ ManagementBeacon] ....... RSSI = 236 dBm, Rate = Unknown, SSID = tamulink-wpa, Channel = 6",
353,26.7195277,[24DEC6 11EF61],[*BROADCAST],236 (0xEC),WiFi,"WiFi:[ ManagementBeacon] ....... RSSI = 236 dBm, Rate = Unknown, SSID = tamulink-wpa, Channel = 6",
354,26.8219686,[24DEC6 11EF61],[*BROADCAST],236 (0xEC),WiFi,"WiFi:[ ManagementBeacon] ....... RSSI = 236 dBm, Rate = Unknown, SSID = tamulink-wpa, Channel = 6",
355,26.9242751,[24DEC6 11EF61],[*BROADCAST],236 (0xEC),WiFi,"WiFi:[ ManagementBeacon] ....... RSSI = 236 dBm, Rate = Unknown, SSID = tamulink-wpa, Channel = 6",
356,27.0269905,[24DEC6 11EF61],[*BROADCAST],236 (0xEC),WiFi,"WiFi:[ ManagementBeacon] ....... RSSI = 236 dBm, Rate = Unknown, SSID = tamulink-wpa, Channel = 6",
357,27.0574027,10.231.231.191,ssl.gstatic.com,,UDP,"UDP:SrcPort = 57385, DstPort = HTTPS(443), Length = 31","{UDP:10, IPv4:3}"
358,27.1290144,[24DEC6 11EF61],[*BROADCAST],236 (0xEC),WiFi,"WiFi:[ ManagementBeacon] ....... RSSI = 236 dBm, Rate = Unknown, SSID = tamulink-wpa, Channel = 6",
359,27.1308392,ssl.gstatic.com,10.231.231.191,236 (0xEC),UDP,"UDP:SrcPort = HTTPS(443), DstPort = 57385, Length = 38","{UDP:10, IPv4:3}"
360,27.1527372,[90489A D13AC7],[*BROADCAST],236 (0xEC),WiFi,"WiFi:[ ManagementProbe request] ....... RSSI = 236 dBm, Rate = Unknown, SSID = tamulink-wpa",
361,27.2314749,[24DEC6 11EF61],[*BROADCAST],236 (0xEC),WiFi,"WiFi:[ ManagementBeacon] ....... RSSI = 236 dBm, Rate = Unknown, SSID = tamulink-wpa, Channel = 6",
362,27.3339696,[24DEC6 11EF61],[*BROADCAST],236 (0xEC),WiFi,"WiFi:[ ManagementBeacon] ....... RSSI = 236 dBm, Rate = Unknown, SSID = tamulink-wpa, Channel = 6",
363,27.4363288,[24DEC6 11EF61],[*BROADCAST],236 (0xEC),WiFi,"WiFi:[ ManagementBeacon] ....... RSSI = 236 dBm, Rate = Unknown, SSID = tamulink-wpa, Channel = 6",
364,27.5386879,[24DEC6 11EF61],[*BROADCAST],236 (0xEC),WiFi,"WiFi:[ ManagementBeacon] ....... RSSI = 236 dBm, Rate = Unknown, SSID = tamulink-wpa, Channel = 6",
365,27.6410963,[24DEC6 11EF61],[*BROADCAST],236 (0xEC),WiFi,"WiFi:[ ManagementBeacon] ....... RSSI = 236 dBm, Rate = Unknown, SSID = tamulink-wpa, Channel = 6",
366,27.7435709,[24DEC6 11EF61],[*BROADCAST],236 (0xEC),WiFi,"WiFi:[ ManagementBeacon] ....... RSSI = 236 dBm, Rate = Unknown, SSID = tamulink-wpa, Channel = 6",
367,27.8459617,[24DEC6 11EF61],[*BROADCAST],236 (0xEC),WiFi,"WiFi:[ ManagementBeacon] ....... RSSI = 236 dBm, Rate = Unknown, SSID = tamulink-wpa, Channel = 6",
368,27.9482926,[24DEC6 11EF61],[*BROADCAST],236 (0xEC),WiFi,"WiFi:[ ManagementBeacon] ....... RSSI = 236 dBm, Rate = Unknown, SSID = tamulink-wpa, Channel = 6",
369,28.0506813,[24DEC6 11EF61],[*BROADCAST],236 (0xEC),WiFi,"WiFi:[ ManagementBeacon] ....... RSSI = 236 dBm, Rate = Unknown, SSID = tamulink-wpa, Channel = 6",
370,28.1489324,[6C4008 0E06D3],[*BROADCAST],236 (0xEC),WiFi,"WiFi:[ ManagementProbe request] ....... RSSI = 236 dBm, Rate = Unknown, SSID = tamulink-wpa, Channel = 6",
371,28.1530469,[24DEC6 11EF61],[*BROADCAST],236 (0xEC),WiFi,"WiFi:[ ManagementBeacon] ....... RSSI = 236 dBm, Rate = Unknown, SSID = tamulink-wpa, Channel = 6",
372,28.2554809,[24DEC6 11EF61],[*BROADCAST],236 (0xEC),WiFi,"WiFi:[ ManagementBeacon] ....... RSSI = 236 dBm, Rate = Unknown, SSID = tamulink-wpa, Channel = 6",
373,28.3579324,[24DEC6 11EF61],[*BROADCAST],236 (0xEC),WiFi,"WiFi:[ ManagementBeacon] ....... RSSI = 236 dBm, Rate = Unknown, SSID = tamulink-wpa, Channel = 6",
374,28.4603510,[24DEC6 11EF61],[*BROADCAST],236 (0xEC),WiFi,"WiFi:[ ManagementBeacon] ....... RSSI = 236 dBm, Rate = Unknown, SSID = tamulink-wpa, Channel = 6",
375,28.5626905,[24DEC6 11EF61],[*BROADCAST],236 (0xEC),WiFi,"WiFi:[ ManagementBeacon] ....... RSSI = 236 dBm, Rate = Unknown, SSID = tamulink-wpa, Channel = 6",
376,28.6651677,[24DEC6 11EF61],[*BROADCAST],236 (0xEC),WiFi,"WiFi:[ ManagementBeacon] ....... RSSI = 236 dBm, Rate = Unknown, SSID = tamulink-wpa, Channel = 6",
377,28.7675153,[24DEC6 11EF61],[*BROADCAST],236 (0xEC),WiFi,"WiFi:[ ManagementBeacon] ....... RSSI = 236 dBm, Rate = Unknown, SSID = tamulink-wpa, Channel = 6",
378,28.9739622,[24DEC6 11EF61],[*BROADCAST],236 (0xEC),WiFi,"WiFi:[ ManagementBeacon] ....... RSSI = 236 dBm, Rate = Unknown, SSID = tamulink-wpa, Channel = 6",
379,29.0746158,[24DEC6 11EF61],[*BROADCAST],236 (0xEC),WiFi,"WiFi:[ ManagementBeacon] ....... RSSI = 236 dBm, Rate = Unknown, SSID = tamulink-wpa, Channel = 6",
380,29.1771593,[24DEC6 11EF61],[*BROADCAST],236 (0xEC),WiFi,"WiFi:[ ManagementBeacon] ....... RSSI = 236 dBm, Rate = Unknown, SSID = tamulink-wpa, Channel = 6",
381,29.2795736,[24DEC6 11EF61],[*BROADCAST],236 (0xEC),WiFi,"WiFi:[ ManagementBeacon] ....... RSSI = 236 dBm, Rate = Unknown, SSID = tamulink-wpa, Channel = 6",
382,29.3819063,[24DEC6 11EF61],[*BROADCAST],236 (0xEC),WiFi,"WiFi:[ ManagementBeacon] ....... RSSI = 236 dBm, Rate = Unknown, SSID = tamulink-wpa, Channel = 6",
383,29.4843086,[24DEC6 11EF61],[*BROADCAST],236 (0xEC),WiFi,"WiFi:[ ManagementBeacon] ....... RSSI = 236 dBm, Rate = Unknown, SSID = tamulink-wpa, Channel = 6",
384,29.5866113,[24DEC6 11EF61],[*BROADCAST],236 (0xEC),WiFi,"WiFi:[ ManagementBeacon] ....... RSSI = 236 dBm, Rate = Unknown, SSID = tamulink-wpa, Channel = 6",
385,29.6891745,[24DEC6 11EF61],[*BROADCAST],236 (0xEC),WiFi,"WiFi:[ ManagementBeacon] ....... RSSI = 236 dBm, Rate = Unknown, SSID = tamulink-wpa, Channel = 6",
386,29.7915486,[24DEC6 11EF61],[*BROADCAST],236 (0xEC),WiFi,"WiFi:[ ManagementBeacon] ....... RSSI = 236 dBm, Rate = Unknown, SSID = tamulink-wpa, Channel = 6",
387,29.8914723,[80000B C94267],[*BROADCAST],236 (0xEC),WiFi,"WiFi:[ ManagementProbe request] ....... RSSI = 236 dBm, Rate = Unknown, SSID = BroadCast SSID",
388,29.8984542,[80000B C94267],[*BROADCAST],236 (0xEC),WiFi,"WiFi:[ ManagementProbe request] ....... RSSI = 236 dBm, Rate = Unknown, SSID = tamulink-wpa",
389,29.8994801,[80000B C94267],[*BROADCAST],236 (0xEC),WiFi,"WiFi:[ ManagementProbe request] ....... RSSI = 236 dBm, Rate = Unknown, SSID = BroadCast SSID",
390,29.9000421,[24DEC6 11EF61],[*BROADCAST],236 (0xEC),WiFi,"WiFi:[ ManagementBeacon] ....... RSSI = 236 dBm, Rate = Unknown, SSID = tamulink-wpa, Channel = 6",
391,29.9963726,[24DEC6 11EF61],[*BROADCAST],236 (0xEC),WiFi,"WiFi:[ ManagementBeacon] ....... RSSI = 236 dBm, Rate = Unknown, SSID = tamulink-wpa, Channel = 6",
392,30.0985752,[24DEC6 11EF61],[*BROADCAST],236 (0xEC),WiFi,"WiFi:[ ManagementBeacon] ....... RSSI = 236 dBm, Rate = Unknown, SSID = tamulink-wpa, Channel = 6",
393,30.2025496,[24DEC6 11EF61],[*BROADCAST],236 (0xEC),WiFi,"WiFi:[ ManagementBeacon] ....... RSSI = 236 dBm, Rate = Unknown, SSID = tamulink-wpa, Channel = 6",
394,30.3020618,[80000B C94267],[*BROADCAST],236 (0xEC),WiFi,"WiFi:[ ManagementProbe request] ....... RSSI = 236 dBm, Rate = Unknown, SSID = BroadCast SSID",
395,30.3069303,[24DEC6 11EF61],[*BROADCAST],236 (0xEC),WiFi,"WiFi:[ ManagementBeacon] ....... RSSI = 236 dBm, Rate = Unknown, SSID = tamulink-wpa, Channel = 6",
396,30.4059721,[24DEC6 11EF61],[*BROADCAST],236 (0xEC),WiFi,"WiFi:[ ManagementBeacon] ....... RSSI = 236 dBm, Rate = Unknown, SSID = tamulink-wpa, Channel = 6",
397,30.5082851,[24DEC6 11EF61],[*BROADCAST],236 (0xEC),WiFi,"WiFi:[ ManagementBeacon] ....... RSSI = 236 dBm, Rate = Unknown, SSID = tamulink-wpa, Channel = 6",
398,30.6106177,[24DEC6 11EF61],[*BROADCAST],236 (0xEC),WiFi,"WiFi:[ ManagementBeacon] ....... RSSI = 236 dBm, Rate = Unknown, SSID = tamulink-wpa, Channel = 6",
399,30.7131650,[24DEC6 11EF61],[*BROADCAST],236 (0xEC),WiFi,"WiFi:[ ManagementBeacon] ....... RSSI = 236 dBm, Rate = Unknown, SSID = tamulink-wpa, Channel = 6",
400,30.8155721,[24DEC6 11EF61],[*BROADCAST],236 (0xEC),WiFi,"WiFi:[ ManagementBeacon] ....... RSSI = 236 dBm, Rate = Unknown, SSID = tamulink-wpa, Channel = 6",
401,30.9204463,[24DEC6 11EF61],[*BROADCAST],236 (0xEC),WiFi,"WiFi:[ ManagementBeacon] ....... RSSI = 236 dBm, Rate = Unknown, SSID = tamulink-wpa, Channel = 6",
402,31.0203798,[24DEC6 11EF61],[*BROADCAST],236 (0xEC),WiFi,"WiFi:[ ManagementBeacon] ....... RSSI = 236 dBm, Rate = Unknown, SSID = tamulink-wpa, Channel = 6",
403,31.1251231,[24DEC6 11EF61],[*BROADCAST],236 (0xEC),WiFi,"WiFi:[ ManagementBeacon] ....... RSSI = 236 dBm, Rate = Unknown, SSID = tamulink-wpa, Channel = 6",
404,31.2247175,[C0EEFB E54B1E],[*BROADCAST],236 (0xEC),WiFi,"WiFi:[ ManagementProbe request] ....... RSSI = 236 dBm, Rate = Unknown, SSID = tamulink-wpa, Channel = 7",
405,31.2256164,[24DEC6 11EF61],[*BROADCAST],236 (0xEC),WiFi,"WiFi:[ ManagementBeacon] ....... RSSI = 236 dBm, Rate = Unknown, SSID = tamulink-wpa, Channel = 6",
406,31.3274821,[24DEC6 11EF61],[*BROADCAST],236 (0xEC),WiFi,"WiFi:[ ManagementBeacon] ....... RSSI = 236 dBm, Rate = Unknown, SSID = tamulink-wpa, Channel = 6",
407,31.4299751,[24DEC6 11EF61],[*BROADCAST],236 (0xEC),WiFi,"WiFi:[ ManagementBeacon] ....... RSSI = 236 dBm, Rate = Unknown, SSID = tamulink-wpa, Channel = 6",
408,31.5323171,[24DEC6 11EF61],[*BROADCAST],236 (0xEC),WiFi,"WiFi:[ ManagementBeacon] ....... RSSI = 236 dBm, Rate = Unknown, SSID = tamulink-wpa, Channel = 6",
409,31.6345985,[24DEC6 11EF61],[*BROADCAST],236 (0xEC),WiFi,"WiFi:[ ManagementBeacon] ....... RSSI = 236 dBm, Rate = Unknown, SSID = tamulink-wpa, Channel = 6",
410,31.7371513,[24DEC6 11EF61],[*BROADCAST],236 (0xEC),WiFi,"WiFi:[ ManagementBeacon] ....... RSSI = 236 dBm, Rate = Unknown, SSID = tamulink-wpa, Channel = 6",
411,31.8395144,[24DEC6 11EF61],[*BROADCAST],236 (0xEC),WiFi,"WiFi:[ ManagementBeacon] ....... RSSI = 236 dBm, Rate = Unknown, SSID = tamulink-wpa, Channel = 6",
412,31.9419526,[24DEC6 11EF61],[*BROADCAST],236 (0xEC),WiFi,"WiFi:[ ManagementBeacon] ....... RSSI = 236 dBm, Rate = Unknown, SSID = tamulink-wpa, Channel = 6",
