Frame Number,Time Offset,Source,Destination,RSSI (dBm),Protocol Name,Description,"This data was collected by rotating the laptop so that the keyboard still faced up, but the screen faced down the hall. Otherwise, the original position was unaltered."
3,0.0897061,[80000B C94267],[*BROADCAST],219 (0xDB),WiFi,"WiFi:[ ManagementProbe request] ....... RSSI = 219 dBm, Rate = Unknown, SSID = BroadCast SSID",
4,0.1871489,[24DEC6 11EF61],[*BROADCAST],219 (0xDB),WiFi,"WiFi:[ ManagementBeacon] ....... RSSI = 219 dBm, Rate = Unknown, SSID = tamulink-wpa, Channel = 6",
5,0.2162611,[80000B C94267],[*BROADCAST],219 (0xDB),WiFi,"WiFi:[ ManagementProbe request] ....... RSSI = 219 dBm, Rate = Unknown, SSID = BroadCast SSID",
6,0.2221833,[80000B C94267],[*BROADCAST],219 (0xDB),WiFi,"WiFi:[ ManagementProbe request] ....... RSSI = 219 dBm, Rate = Unknown, SSID = tamulink-wpa",
7,0.2229988,[80000B C94267],[*BROADCAST],219 (0xDB),WiFi,"WiFi:[ ManagementProbe request] ....... RSSI = 219 dBm, Rate = Unknown, SSID = BroadCast SSID",
8,0.2895299,[24DEC6 11EF61],[*BROADCAST],219 (0xDB),WiFi,"WiFi:[ ManagementBeacon] ....... RSSI = 219 dBm, Rate = Unknown, SSID = tamulink-wpa, Channel = 6",
9,0.3918347,[80000B C94267],[*BROADCAST],219 (0xDB),WiFi,"WiFi:[ ManagementProbe request] ....... RSSI = 219 dBm, Rate = Unknown, SSID = tamulink-wpa",
10,0.5968135,[24DEC6 11EF61],[*BROADCAST],219 (0xDB),WiFi,"WiFi:[ ManagementBeacon] ....... RSSI = 219 dBm, Rate = Unknown, SSID = tamulink-wpa, Channel = 6",
11,0.6992137,[24DEC6 11EF61],[*BROADCAST],219 (0xDB),WiFi,"WiFi:[ ManagementBeacon] ....... RSSI = 219 dBm, Rate = Unknown, SSID = tamulink-wpa, Channel = 6",
12,1.0063442,[24DEC6 11EF61],[*BROADCAST],219 (0xDB),WiFi,"WiFi:[ ManagementBeacon] ....... RSSI = 219 dBm, Rate = Unknown, SSID = tamulink-wpa, Channel = 6",
13,1.2112225,[24DEC6 11EF61],[*BROADCAST],219 (0xDB),WiFi,"WiFi:[ ManagementBeacon] ....... RSSI = 219 dBm, Rate = Unknown, SSID = tamulink-wpa, Channel = 6",
14,1.2210282,[9801A7 951843],[*BROADCAST],219 (0xDB),WiFi,"WiFi:[ ManagementProbe request] ....... RSSI = 219 dBm, Rate = Unknown, SSID = BroadCast SSID, Channel = 4",
15,1.2667350,[9801A7 951843],[*BROADCAST],219 (0xDB),WiFi,"WiFi:[ ManagementProbe request] ....... RSSI = 219 dBm, Rate = Unknown, SSID = BroadCast SSID, Channel = 5",
16,1.3135384,[24DEC6 11EF61],[*BROADCAST],219 (0xDB),WiFi,"WiFi:[ ManagementBeacon] ....... RSSI = 219 dBm, Rate = Unknown, SSID = tamulink-wpa, Channel = 6",
17,1.3492891,[9801A7 951843],[*BROADCAST],219 (0xDB),WiFi,"WiFi:[ ManagementProbe request] ....... RSSI = 219 dBm, Rate = Unknown, SSID = BroadCast SSID, Channel = 6",
18,1.3869026,[9801A7 951843],[*BROADCAST],219 (0xDB),WiFi,"WiFi:[ ManagementProbe request] ....... RSSI = 219 dBm, Rate = Unknown, SSID = BroadCast SSID, Channel = 6",
19,1.4125234,[1C3E84 39BC67],[*BROADCAST],219 (0xDB),WiFi,"WiFi:[ ManagementProbe request] ....... RSSI = 219 dBm, Rate = Unknown, SSID = BroadCast SSID, Channel = 4",
20,1.4160267,[24DEC6 11EF61],[*BROADCAST],219 (0xDB),WiFi,"WiFi:[ ManagementBeacon] ....... RSSI = 219 dBm, Rate = Unknown, SSID = tamulink-wpa, Channel = 6",
21,1.4191452,[1C3E84 39BC67],[*BROADCAST],219 (0xDB),WiFi,"WiFi:[ ManagementProbe request] ....... RSSI = 219 dBm, Rate = Unknown, SSID = BroadCast SSID, Channel = 4",
22,1.4286096,[1C3E84 39BC67],[*BROADCAST],219 (0xDB),WiFi,"WiFi:[ ManagementProbe request] ....... RSSI = 219 dBm, Rate = Unknown, SSID = BroadCast SSID, Channel = 5",
23,1.4482642,[1C3E84 39BC67],[*BROADCAST],219 (0xDB),WiFi,"WiFi:[ ManagementProbe request] ....... RSSI = 219 dBm, Rate = Unknown, SSID = BroadCast SSID, Channel = 6",
24,1.4538926,[1C3E84 39BC67],[*BROADCAST],219 (0xDB),WiFi,"WiFi:[ ManagementProbe request] ....... RSSI = 219 dBm, Rate = Unknown, SSID = BroadCast SSID, Channel = 6",
25,1.4887169,[9801A7 951843],[*BROADCAST],219 (0xDB),WiFi,"WiFi:[ ManagementProbe request] ....... RSSI = 219 dBm, Rate = Unknown, SSID = BroadCast SSID, Channel = 7",
26,1.5183406,[24DEC6 11EF61],[*BROADCAST],219 (0xDB),WiFi,"WiFi:[ ManagementBeacon] ....... RSSI = 219 dBm, Rate = Unknown, SSID = tamulink-wpa, Channel = 6",
27,1.5347617,[9801A7 951843],[*BROADCAST],219 (0xDB),WiFi,"WiFi:[ ManagementProbe request] ....... RSSI = 219 dBm, Rate = Unknown, SSID = BroadCast SSID, Channel = 8",
28,1.5729123,[9801A7 951843],[*BROADCAST],219 (0xDB),WiFi,"WiFi:[ ManagementProbe request] ....... RSSI = 219 dBm, Rate = Unknown, SSID = BroadCast SSID, Channel = 8",
29,1.6208225,[24DEC6 11EF61],[*BROADCAST],219 (0xDB),WiFi,"WiFi:[ ManagementBeacon] ....... RSSI = 219 dBm, Rate = Unknown, SSID = tamulink-wpa, Channel = 6",
30,1.7231418,[24DEC6 11EF61],[*BROADCAST],219 (0xDB),WiFi,"WiFi:[ ManagementBeacon] ....... RSSI = 219 dBm, Rate = Unknown, SSID = tamulink-wpa, Channel = 6",
31,1.8256169,[24DEC6 11EF61],[*BROADCAST],219 (0xDB),WiFi,"WiFi:[ ManagementBeacon] ....... RSSI = 219 dBm, Rate = Unknown, SSID = tamulink-wpa, Channel = 6",
32,1.8730169,[1008B1 FB0511],[*BROADCAST],219 (0xDB),WiFi,"WiFi:[ ManagementProbe request] ....... RSSI = 219 dBm, Rate = Unknown, SSID = BroadCast SSID",
33,1.9279376,[24DEC6 11EF61],[*BROADCAST],219 (0xDB),WiFi,"WiFi:[ ManagementBeacon] ....... RSSI = 219 dBm, Rate = Unknown, SSID = tamulink-wpa, Channel = 6",
34,1.9313656,[1008B1 FB0511],[*BROADCAST],219 (0xDB),WiFi,"WiFi:[ ManagementProbe request] ....... RSSI = 219 dBm, Rate = Unknown, SSID = BroadCast SSID",
35,1.9611958,[1008B1 FB0511],[*BROADCAST],219 (0xDB),WiFi,"WiFi:[ ManagementProbe request] ....... RSSI = 219 dBm, Rate = Unknown, SSID = BroadCast SSID",
36,2.0302244,[24DEC6 11EF61],[*BROADCAST],219 (0xDB),WiFi,"WiFi:[ ManagementBeacon] ....... RSSI = 219 dBm, Rate = Unknown, SSID = tamulink-wpa, Channel = 6",
37,2.0560428,[1008B1 FB0511],[*BROADCAST],219 (0xDB),WiFi,"WiFi:[ ManagementProbe request] ....... RSSI = 219 dBm, Rate = Unknown, SSID = BroadCast SSID",
38,2.0859196,[1008B1 FB0511],[*BROADCAST],219 (0xDB),WiFi,"WiFi:[ ManagementProbe request] ....... RSSI = 219 dBm, Rate = Unknown, SSID = BroadCast SSID",
39,2.1168720,10.231.231.191,64.233.169.188,,TCP,"TCP:[Segment Lost]Flags=...A...., SrcPort=3037, DstPort=5228, PayloadLen=1, Seq=3080786924 - 3080786925, Ack=2850113377, Win=66","{TCP:31, IPv4:30}"
40,2.1326790,[24DEC6 11EF61],[*BROADCAST],219 (0xDB),WiFi,"WiFi:[ ManagementBeacon] ....... RSSI = 219 dBm, Rate = Unknown, SSID = tamulink-wpa, Channel = 6",
41,2.1327098,64.233.169.188,10.231.231.191,219 (0xDB),TCP,"TCP:[Segment Lost]Flags=...A...., SrcPort=5228, DstPort=3037, PayloadLen=0, Seq=2850113377, Ack=3080786925, Win=180","{TCP:31, IPv4:30}"
42,2.2351908,[24DEC6 11EF61],[*BROADCAST],219 (0xDB),WiFi,"WiFi:[ ManagementBeacon] ....... RSSI = 219 dBm, Rate = Unknown, SSID = tamulink-wpa, Channel = 6",
43,2.2452903,[1008B1 FB0511],[*BROADCAST],219 (0xDB),WiFi,"WiFi:[ ManagementProbe request] ....... RSSI = 219 dBm, Rate = Unknown, SSID = BroadCast SSID",
44,2.2752073,[1008B1 FB0511],[*BROADCAST],219 (0xDB),WiFi,"WiFi:[ ManagementProbe request] ....... RSSI = 219 dBm, Rate = Unknown, SSID = BroadCast SSID",
45,2.3076650,[1008B1 FB0511],[*BROADCAST],219 (0xDB),WiFi,"WiFi:[ ManagementProbe request] ....... RSSI = 219 dBm, Rate = Unknown, SSID = BroadCast SSID",
46,2.3375889,[24DEC6 11EF61],[*BROADCAST],219 (0xDB),WiFi,"WiFi:[ ManagementBeacon] ....... RSSI = 219 dBm, Rate = Unknown, SSID = tamulink-wpa, Channel = 6",
47,2.3395544,[1008B1 FB0511],[*BROADCAST],219 (0xDB),WiFi,"WiFi:[ ManagementProbe request] ....... RSSI = 219 dBm, Rate = Unknown, SSID = BroadCast SSID",
48,2.3700624,[1008B1 FB0511],[*BROADCAST],219 (0xDB),WiFi,"WiFi:[ ManagementProbe request] ....... RSSI = 219 dBm, Rate = Unknown, SSID = BroadCast SSID",
49,2.4029054,[1008B1 FB0511],[*BROADCAST],219 (0xDB),WiFi,"WiFi:[ ManagementProbe request] ....... RSSI = 219 dBm, Rate = Unknown, SSID = BroadCast SSID",
50,2.4399908,[24DEC6 11EF61],[*BROADCAST],219 (0xDB),WiFi,"WiFi:[ ManagementBeacon] ....... RSSI = 219 dBm, Rate = Unknown, SSID = tamulink-wpa, Channel = 6",
51,2.5422362,[24DEC6 11EF61],[*BROADCAST],219 (0xDB),WiFi,"WiFi:[ ManagementBeacon] ....... RSSI = 219 dBm, Rate = Unknown, SSID = tamulink-wpa, Channel = 6",
52,2.6446860,[24DEC6 11EF61],[*BROADCAST],219 (0xDB),WiFi,"WiFi:[ ManagementBeacon] ....... RSSI = 219 dBm, Rate = Unknown, SSID = tamulink-wpa, Channel = 6",
53,2.7472218,[24DEC6 11EF61],[*BROADCAST],219 (0xDB),WiFi,"WiFi:[ ManagementBeacon] ....... RSSI = 219 dBm, Rate = Unknown, SSID = tamulink-wpa, Channel = 6",
54,2.8673235,[9801A7 2A041F],[*BROADCAST],219 (0xDB),WiFi,"WiFi:[ ManagementProbe request] ....... RSSI = 219 dBm, Rate = Unknown, SSID = tamulink-wpa, Channel = 6",
55,2.8687523,[9801A7 2A041F],[*BROADCAST],219 (0xDB),WiFi,"WiFi:[ ManagementProbe request] ....... RSSI = 219 dBm, Rate = Unknown, SSID = tamulink-wpa, Channel = 6",
56,2.8703008,[E09467 35AEF3],[*BROADCAST],219 (0xDB),WiFi,"WiFi:[ ManagementProbe request] ....... RSSI = 219 dBm, Rate = Unknown, SSID = BroadCast SSID",
57,2.9799853,[E09467 35AEF3],[*BROADCAST],219 (0xDB),WiFi,"WiFi:[ ManagementProbe request] ....... RSSI = 219 dBm, Rate = Unknown, SSID = BroadCast SSID",
58,3.0542231,[24DEC6 11EF61],[*BROADCAST],219 (0xDB),WiFi,"WiFi:[ ManagementBeacon] ....... RSSI = 219 dBm, Rate = Unknown, SSID = tamulink-wpa, Channel = 6",
59,3.0639228,10.231.231.191,10.231.255.255,,NbtNs,NbtNs:Query Request for WPAD   <0x00> Workstation Service,"{UDP:2, IPv4:1}"
60,3.0651117,FE80:0:0:0:FDF4:508D:125E:8B3B,FF02:0:0:0:0:0:1:3,,LLMNR,"LLMNR:QueryId = 0xE3DD, Standard, Query  for wpad of type Host Addr on class Internet","{UDP:4, IPv6:3}"
61,3.0652596,10.231.231.191,224.0.0.252,,LLMNR,"LLMNR:QueryId = 0xE3DD, Standard, Query  for wpad of type Host Addr on class Internet","{UDP:6, IPv4:5}"
62,3.0658203,FE80:0:0:0:FDF4:508D:125E:8B3B,FF02:0:0:0:0:0:1:3,,LLMNR,"LLMNR:QueryId = 0x17A3, Standard, Query  for wpad of type AAAA on class Internet","{UDP:7, IPv6:3}"
63,3.0659238,10.231.231.191,224.0.0.252,,LLMNR,"LLMNR:QueryId = 0x17A3, Standard, Query  for wpad of type AAAA on class Internet","{UDP:8, IPv4:5}"
64,3.1568342,[24DEC6 11EF61],[*BROADCAST],220 (0xDC),WiFi,"WiFi:[ ManagementBeacon] ....... RSSI = 220 dBm, Rate = Unknown, SSID = tamulink-wpa, Channel = 6",
65,3.2591211,[24DEC6 11EF61],[*BROADCAST],220 (0xDC),WiFi,"WiFi:[ ManagementBeacon] ....... RSSI = 220 dBm, Rate = Unknown, SSID = tamulink-wpa, Channel = 6",
66,3.2988669,[E48B7F D7773B],[*BROADCAST],220 (0xDC),WiFi,"WiFi:[ ManagementProbe request] ....... RSSI = 220 dBm, Rate = Unknown, SSID = BroadCast SSID, Channel = 6",
67,3.3212307,[E48B7F D7773B],[*BROADCAST],220 (0xDC),WiFi,"WiFi:[ ManagementProbe request] ....... RSSI = 220 dBm, Rate = Unknown, SSID = BroadCast SSID, Channel = 7",
68,3.3616303,[24DEC6 11EF61],[*BROADCAST],220 (0xDC),WiFi,"WiFi:[ ManagementBeacon] ....... RSSI = 220 dBm, Rate = Unknown, SSID = tamulink-wpa, Channel = 6",
69,3.4471036,10.231.231.191,64.233.171.125,,TLS,TLS:TLS Rec Layer-1 SSL Application Data,"{TLS:8, SSLVersionSelector:7, TCP:2, IPv4:1}"
70,3.4640690,[24DEC6 11EF61],[*BROADCAST],221 (0xDD),WiFi,"WiFi:[ ManagementBeacon] ....... RSSI = 221 dBm, Rate = Unknown, SSID = tamulink-wpa, Channel = 6",
71,3.4640690,64.233.171.125,10.231.231.191,221 (0xDD),TCP,"TCP:[Segment Lost]Flags=...A...., SrcPort=5222, DstPort=2991, PayloadLen=0, Seq=1731802181, Ack=67433710, Win=246","{TCP:2, IPv4:1}"
72,3.4758898,FE80:0:0:0:FDF4:508D:125E:8B3B,FF02:0:0:0:0:0:1:3,,LLMNR,"LLMNR:QueryId = 0xE3DD, Standard, Query  for wpad of type Host Addr on class Internet","{UDP:4, IPv6:3}"
73,3.4759219,FE80:0:0:0:FDF4:508D:125E:8B3B,FF02:0:0:0:0:0:1:3,,LLMNR,"LLMNR:QueryId = 0x17A3, Standard, Query  for wpad of type AAAA on class Internet","{UDP:7, IPv6:3}"
74,3.4761469,10.231.231.191,224.0.0.252,,LLMNR,"LLMNR:QueryId = 0x17A3, Standard, Query  for wpad of type AAAA on class Internet","{UDP:8, IPv4:5}"
75,3.4761918,10.231.231.191,224.0.0.252,,LLMNR,"LLMNR:QueryId = 0xE3DD, Standard, Query  for wpad of type Host Addr on class Internet","{UDP:6, IPv4:5}"
76,3.5167715,[D81D72 D16736],[*BROADCAST],221 (0xDD),WiFi,"WiFi:[ ManagementProbe request] ....... RSSI = 221 dBm, Rate = Unknown, SSID = BroadCast SSID, Channel = 6",
77,3.5662443,[24DEC6 11EF61],[*BROADCAST],221 (0xDD),WiFi,"WiFi:[ ManagementBeacon] ....... RSSI = 221 dBm, Rate = Unknown, SSID = tamulink-wpa, Channel = 6",
78,3.6687472,[24DEC6 11EF61],[*BROADCAST],221 (0xDD),WiFi,"WiFi:[ ManagementBeacon] ....... RSSI = 221 dBm, Rate = Unknown, SSID = tamulink-wpa, Channel = 6",
79,3.7711465,[24DEC6 11EF61],[*BROADCAST],221 (0xDD),WiFi,"WiFi:[ ManagementBeacon] ....... RSSI = 221 dBm, Rate = Unknown, SSID = tamulink-wpa, Channel = 6",
80,3.8135532,10.231.231.191,10.231.255.255,,NbtNs,NbtNs:Query Request for WPAD   <0x00> Workstation Service,"{UDP:2, IPv4:1}"
81,3.8736019,[24DEC6 11EF61],[*BROADCAST],221 (0xDD),WiFi,"WiFi:[ ManagementBeacon] ....... RSSI = 221 dBm, Rate = Unknown, SSID = tamulink-wpa, Channel = 6",
82,3.9759452,[24DEC6 11EF61],[*BROADCAST],222 (0xDE),WiFi,"WiFi:[ ManagementBeacon] ....... RSSI = 222 dBm, Rate = Unknown, SSID = tamulink-wpa, Channel = 6",
83,4.0782561,[24DEC6 11EF61],[*BROADCAST],222 (0xDE),WiFi,"WiFi:[ ManagementBeacon] ....... RSSI = 222 dBm, Rate = Unknown, SSID = tamulink-wpa, Channel = 6",
84,4.2048269,[C4D987 0FAF2D],[*BROADCAST],222 (0xDE),WiFi,"WiFi:[ ManagementProbe request] ....... RSSI = 222 dBm, Rate = Unknown, SSID = BroadCast SSID",
85,4.2131473,[C4D987 0FAF2D],[*BROADCAST],222 (0xDE),WiFi,"WiFi:[ ManagementProbe request] ....... RSSI = 222 dBm, Rate = Unknown, SSID = BroadCast SSID",
86,4.2831360,[24DEC6 11EF61],[*BROADCAST],222 (0xDE),WiFi,"WiFi:[ ManagementBeacon] ....... RSSI = 222 dBm, Rate = Unknown, SSID = tamulink-wpa, Channel = 6",
87,4.3574325,[C4D987 0FAF2D],[*BROADCAST],222 (0xDE),WiFi,"WiFi:[ ManagementProbe request] ....... RSSI = 222 dBm, Rate = Unknown, SSID = BroadCast SSID",
88,4.3856308,[24DEC6 11EF61],[*BROADCAST],222 (0xDE),WiFi,"WiFi:[ ManagementBeacon] ....... RSSI = 222 dBm, Rate = Unknown, SSID = tamulink-wpa, Channel = 6",
89,4.4880549,[24DEC6 11EF61],[*BROADCAST],222 (0xDE),WiFi,"WiFi:[ ManagementBeacon] ....... RSSI = 222 dBm, Rate = Unknown, SSID = tamulink-wpa, Channel = 6",
90,4.4942341,[3096FB AF7092],[*BROADCAST],222 (0xDE),WiFi,"WiFi:[ ManagementProbe request] ....... RSSI = 222 dBm, Rate = Unknown, SSID = attwifi, Channel = 5",
91,4.4954901,[3096FB AF7092],[*BROADCAST],222 (0xDE),WiFi,"WiFi:[ ManagementProbe request] ....... RSSI = 222 dBm, Rate = Unknown, SSID = BroadCast SSID, Channel = 5",
92,4.5369991,[3096FB AF7092],[*BROADCAST],222 (0xDE),WiFi,"WiFi:[ ManagementProbe request] ....... RSSI = 222 dBm, Rate = Unknown, SSID = attwifi, Channel = 6",
93,4.5382663,[3096FB AF7092],[*BROADCAST],222 (0xDE),WiFi,"WiFi:[ ManagementProbe request] ....... RSSI = 222 dBm, Rate = Unknown, SSID = BroadCast SSID, Channel = 6",
94,4.5565896,[3096FB AF7092],[*BROADCAST],222 (0xDE),WiFi,"WiFi:[ ManagementProbe request] ....... RSSI = 222 dBm, Rate = Unknown, SSID = attwifi, Channel = 6",
95,4.5578768,[3096FB AF7092],[*BROADCAST],222 (0xDE),WiFi,"WiFi:[ ManagementProbe request] ....... RSSI = 222 dBm, Rate = Unknown, SSID = BroadCast SSID, Channel = 6",
96,4.5643511,10.231.231.191,10.231.255.255,,NbtNs,NbtNs:Query Request for WPAD   <0x00> Workstation Service,"{UDP:2, IPv4:1}"
97,4.5906527,[24DEC6 11EF61],[*BROADCAST],223 (0xDF),WiFi,"WiFi:[ ManagementBeacon] ....... RSSI = 223 dBm, Rate = Unknown, SSID = tamulink-wpa, Channel = 6",
98,4.6254279,[3096FB AF7092],[*BROADCAST],223 (0xDF),WiFi,"WiFi:[ ManagementProbe request] ....... RSSI = 223 dBm, Rate = Unknown, SSID = attwifi, Channel = 7",
99,4.6267053,[3096FB AF7092],[*BROADCAST],223 (0xDF),WiFi,"WiFi:[ ManagementProbe request] ....... RSSI = 223 dBm, Rate = Unknown, SSID = BroadCast SSID, Channel = 7",
100,4.6477621,[3096FB AF7092],[*BROADCAST],223 (0xDF),WiFi,"WiFi:[ ManagementProbe request] ....... RSSI = 223 dBm, Rate = Unknown, SSID = attwifi, Channel = 7",
101,4.6490840,[3096FB AF7092],[*BROADCAST],223 (0xDF),WiFi,"WiFi:[ ManagementProbe request] ....... RSSI = 223 dBm, Rate = Unknown, SSID = BroadCast SSID, Channel = 7",
102,4.6670806,[3096FB AF7092],[*BROADCAST],223 (0xDF),WiFi,"WiFi:[ ManagementProbe request] ....... RSSI = 223 dBm, Rate = Unknown, SSID = attwifi, Channel = 8",
103,4.6684640,[3096FB AF7092],[*BROADCAST],223 (0xDF),WiFi,"WiFi:[ ManagementProbe request] ....... RSSI = 223 dBm, Rate = Unknown, SSID = BroadCast SSID, Channel = 8",
104,4.6894717,[3096FB AF7092],[*BROADCAST],223 (0xDF),WiFi,"WiFi:[ ManagementProbe request] ....... RSSI = 223 dBm, Rate = Unknown, SSID = BroadCast SSID, Channel = 8",
105,4.6944069,[24DEC6 11EF61],[*BROADCAST],223 (0xDF),WiFi,"WiFi:[ ManagementBeacon] ....... RSSI = 223 dBm, Rate = Unknown, SSID = tamulink-wpa, Channel = 6",
106,4.7951598,[24DEC6 11EF61],[*BROADCAST],223 (0xDF),WiFi,"WiFi:[ ManagementBeacon] ....... RSSI = 223 dBm, Rate = Unknown, SSID = tamulink-wpa, Channel = 6",
107,4.9001588,[24DEC6 11EF61],[*BROADCAST],223 (0xDF),WiFi,"WiFi:[ ManagementBeacon] ....... RSSI = 223 dBm, Rate = Unknown, SSID = tamulink-wpa, Channel = 6",
108,5.0007693,[24DEC6 11EF61],[*BROADCAST],223 (0xDF),WiFi,"WiFi:[ ManagementBeacon] ....... RSSI = 223 dBm, Rate = Unknown, SSID = tamulink-wpa, Channel = 6",
109,5.1023069,[24DEC6 11EF61],[*BROADCAST],223 (0xDF),WiFi,"WiFi:[ ManagementBeacon] ....... RSSI = 223 dBm, Rate = Unknown, SSID = tamulink-wpa, Channel = 6",
110,5.2077349,[24DEC6 11EF61],[*BROADCAST],223 (0xDF),WiFi,"WiFi:[ ManagementBeacon] ....... RSSI = 223 dBm, Rate = Unknown, SSID = tamulink-wpa, Channel = 6",
111,5.3071283,[24DEC6 11EF61],[*BROADCAST],223 (0xDF),WiFi,"WiFi:[ ManagementBeacon] ....... RSSI = 223 dBm, Rate = Unknown, SSID = tamulink-wpa, Channel = 6",
112,5.4095619,[24DEC6 11EF61],[*BROADCAST],223 (0xDF),WiFi,"WiFi:[ ManagementBeacon] ....... RSSI = 223 dBm, Rate = Unknown, SSID = tamulink-wpa, Channel = 6",
113,5.5119518,[24DEC6 11EF61],[*BROADCAST],223 (0xDF),WiFi,"WiFi:[ ManagementBeacon] ....... RSSI = 223 dBm, Rate = Unknown, SSID = tamulink-wpa, Channel = 6",
114,5.6142186,[24DEC6 11EF61],[*BROADCAST],223 (0xDF),WiFi,"WiFi:[ ManagementBeacon] ....... RSSI = 223 dBm, Rate = Unknown, SSID = tamulink-wpa, Channel = 6",
115,5.7168074,[24DEC6 11EF61],[*BROADCAST],223 (0xDF),WiFi,"WiFi:[ ManagementBeacon] ....... RSSI = 223 dBm, Rate = Unknown, SSID = tamulink-wpa, Channel = 6",
116,5.8192286,[24DEC6 11EF61],[*BROADCAST],224 (0xE0),WiFi,"WiFi:[ ManagementBeacon] ....... RSSI = 224 dBm, Rate = Unknown, SSID = tamulink-wpa, Channel = 6",
117,5.8275738,[E09467 35AEF3],[*BROADCAST],224 (0xE0),WiFi,"WiFi:[ ManagementProbe request] ....... RSSI = 224 dBm, Rate = Unknown, SSID = BroadCast SSID",
118,5.9214543,[24DEC6 11EF61],[*BROADCAST],224 (0xE0),WiFi,"WiFi:[ ManagementBeacon] ....... RSSI = 224 dBm, Rate = Unknown, SSID = tamulink-wpa, Channel = 6",
119,5.9251702,[B4B676 1E7184],[*BROADCAST],224 (0xE0),WiFi,"WiFi:[ ManagementProbe request] ....... RSSI = 224 dBm, Rate = Unknown, SSID = BroadCast SSID",
120,5.9602452,[B4B676 1E7184],[*BROADCAST],224 (0xE0),WiFi,"WiFi:[ ManagementProbe request] ....... RSSI = 224 dBm, Rate = Unknown, SSID = BroadCast SSID",
121,5.9952778,[B4B676 1E7184],[*BROADCAST],224 (0xE0),WiFi,"WiFi:[ ManagementProbe request] ....... RSSI = 224 dBm, Rate = Unknown, SSID = BroadCast SSID",
122,6.0239431,[24DEC6 11EF61],[*BROADCAST],224 (0xE0),WiFi,"WiFi:[ ManagementBeacon] ....... RSSI = 224 dBm, Rate = Unknown, SSID = tamulink-wpa, Channel = 6",
123,6.0303728,[B4B676 1E7184],[*BROADCAST],224 (0xE0),WiFi,"WiFi:[ ManagementProbe request] ....... RSSI = 224 dBm, Rate = Unknown, SSID = BroadCast SSID",
124,6.0427056,[B4B676 1E7184],[*BROADCAST],224 (0xE0),WiFi,"WiFi:[ ManagementProbe request] ....... RSSI = 224 dBm, Rate = Unknown, SSID = BroadCast SSID",
125,6.1262133,[24DEC6 11EF61],[*BROADCAST],224 (0xE0),WiFi,"WiFi:[ ManagementBeacon] ....... RSSI = 224 dBm, Rate = Unknown, SSID = tamulink-wpa, Channel = 6",
126,6.2288380,[24DEC6 11EF61],[*BROADCAST],224 (0xE0),WiFi,"WiFi:[ ManagementBeacon] ....... RSSI = 224 dBm, Rate = Unknown, SSID = tamulink-wpa, Channel = 6",
127,6.3311565,[24DEC6 11EF61],[*BROADCAST],225 (0xE1),WiFi,"WiFi:[ ManagementBeacon] ....... RSSI = 225 dBm, Rate = Unknown, SSID = tamulink-wpa, Channel = 6",
128,6.4336423,[24DEC6 11EF61],[*BROADCAST],225 (0xE1),WiFi,"WiFi:[ ManagementBeacon] ....... RSSI = 225 dBm, Rate = Unknown, SSID = tamulink-wpa, Channel = 6",
129,6.5359471,[24DEC6 11EF61],[*BROADCAST],225 (0xE1),WiFi,"WiFi:[ ManagementBeacon] ....... RSSI = 225 dBm, Rate = Unknown, SSID = tamulink-wpa, Channel = 6",
130,6.6384222,[24DEC6 11EF61],[*BROADCAST],225 (0xE1),WiFi,"WiFi:[ ManagementBeacon] ....... RSSI = 225 dBm, Rate = Unknown, SSID = tamulink-wpa, Channel = 6",
131,6.7408301,[24DEC6 11EF61],[*BROADCAST],226 (0xE2),WiFi,"WiFi:[ ManagementBeacon] ....... RSSI = 226 dBm, Rate = Unknown, SSID = tamulink-wpa, Channel = 6",
132,6.7769455,[985FD3 3540E6],[*BROADCAST],226 (0xE2),WiFi,"WiFi:[ ManagementProbe request] ....... RSSI = 226 dBm, Rate = Unknown, SSID = BroadCast SSID, Channel = 5",
133,6.8431443,[24DEC6 11EF61],[*BROADCAST],226 (0xE2),WiFi,"WiFi:[ ManagementBeacon] ....... RSSI = 226 dBm, Rate = Unknown, SSID = tamulink-wpa, Channel = 6",
134,6.8607030,[985FD3 3540E6],[*BROADCAST],226 (0xE2),WiFi,"WiFi:[ ManagementProbe request] ....... RSSI = 226 dBm, Rate = Unknown, SSID = BroadCast SSID, Channel = 6",
135,6.9524238,[24DEC6 11EF61],[*BROADCAST],226 (0xE2),WiFi,"WiFi:[ ManagementBeacon] ....... RSSI = 226 dBm, Rate = Unknown, SSID = tamulink-wpa, Channel = 6",
136,7.0478562,[24DEC6 11EF61],[*BROADCAST],226 (0xE2),WiFi,"WiFi:[ ManagementBeacon] ....... RSSI = 226 dBm, Rate = Unknown, SSID = tamulink-wpa, Channel = 6",
137,7.1521505,[24DEC6 11EF61],[*BROADCAST],227 (0xE3),WiFi,"WiFi:[ ManagementBeacon] ....... RSSI = 227 dBm, Rate = Unknown, SSID = tamulink-wpa, Channel = 6",
138,7.2528384,[24DEC6 11EF61],[*BROADCAST],227 (0xE3),WiFi,"WiFi:[ ManagementBeacon] ....... RSSI = 227 dBm, Rate = Unknown, SSID = tamulink-wpa, Channel = 6",
139,7.3552279,[24DEC6 11EF61],[*BROADCAST],227 (0xE3),WiFi,"WiFi:[ ManagementBeacon] ....... RSSI = 227 dBm, Rate = Unknown, SSID = tamulink-wpa, Channel = 6",
140,7.5598423,[24DEC6 11EF61],[*BROADCAST],227 (0xE3),WiFi,"WiFi:[ ManagementBeacon] ....... RSSI = 227 dBm, Rate = Unknown, SSID = tamulink-wpa, Channel = 6",
141,7.6623195,[24DEC6 11EF61],[*BROADCAST],227 (0xE3),WiFi,"WiFi:[ ManagementBeacon] ....... RSSI = 227 dBm, Rate = Unknown, SSID = tamulink-wpa, Channel = 6",
142,7.7647933,[24DEC6 11EF61],[*BROADCAST],228 (0xE4),WiFi,"WiFi:[ ManagementBeacon] ....... RSSI = 228 dBm, Rate = Unknown, SSID = tamulink-wpa, Channel = 6",
143,7.8671511,[24DEC6 11EF61],[*BROADCAST],228 (0xE4),WiFi,"WiFi:[ ManagementBeacon] ....... RSSI = 228 dBm, Rate = Unknown, SSID = tamulink-wpa, Channel = 6",
144,7.9696236,[24DEC6 11EF61],[*BROADCAST],228 (0xE4),WiFi,"WiFi:[ ManagementBeacon] ....... RSSI = 228 dBm, Rate = Unknown, SSID = tamulink-wpa, Channel = 6",
145,7.9974571,10.231.231.191,23.46.49.170,,TCP,"TCP:Flags=...A...F, SrcPort=3258, DstPort=HTTP(80), PayloadLen=0, Seq=3474420215, Ack=1230590300, Win=68","{TCP:10, IPv4:9}"
146,8.0046528,23.46.49.170,10.231.231.191,228 (0xE4),TCP,"TCP:Flags=...A...F, SrcPort=HTTP(80), DstPort=3258, PayloadLen=0, Seq=1230590300, Ack=3474420216, Win=946","{TCP:10, IPv4:9}"
147,8.0048564,10.231.231.191,23.46.49.170,,TCP,"TCP:Flags=...A...., SrcPort=3258, DstPort=HTTP(80), PayloadLen=0, Seq=3474420216, Ack=1230590301, Win=68","{TCP:10, IPv4:9}"
148,8.0718660,[24DEC6 11EF61],[*BROADCAST],229 (0xE5),WiFi,"WiFi:[ ManagementBeacon] ....... RSSI = 229 dBm, Rate = Unknown, SSID = tamulink-wpa, Channel = 6",
149,8.1743206,[24DEC6 11EF61],[*BROADCAST],229 (0xE5),WiFi,"WiFi:[ ManagementBeacon] ....... RSSI = 229 dBm, Rate = Unknown, SSID = tamulink-wpa, Channel = 6",
150,8.2767101,[24DEC6 11EF61],[*BROADCAST],229 (0xE5),WiFi,"WiFi:[ ManagementBeacon] ....... RSSI = 229 dBm, Rate = Unknown, SSID = tamulink-wpa, Channel = 6",
151,8.3792181,[24DEC6 11EF61],[*BROADCAST],229 (0xE5),WiFi,"WiFi:[ ManagementBeacon] ....... RSSI = 229 dBm, Rate = Unknown, SSID = tamulink-wpa, Channel = 6",
152,8.4815477,[24DEC6 11EF61],[*BROADCAST],230 (0xE6),WiFi,"WiFi:[ ManagementBeacon] ....... RSSI = 230 dBm, Rate = Unknown, SSID = tamulink-wpa, Channel = 6",
153,8.5838474,[24DEC6 11EF61],[*BROADCAST],230 (0xE6),WiFi,"WiFi:[ ManagementBeacon] ....... RSSI = 230 dBm, Rate = Unknown, SSID = tamulink-wpa, Channel = 6",
154,8.6864213,[24DEC6 11EF61],[*BROADCAST],230 (0xE6),WiFi,"WiFi:[ ManagementBeacon] ....... RSSI = 230 dBm, Rate = Unknown, SSID = tamulink-wpa, Channel = 6",
155,8.7887945,[24DEC6 11EF61],[*BROADCAST],230 (0xE6),WiFi,"WiFi:[ ManagementBeacon] ....... RSSI = 230 dBm, Rate = Unknown, SSID = tamulink-wpa, Channel = 6",
156,8.8911699,[24DEC6 11EF61],[*BROADCAST],230 (0xE6),WiFi,"WiFi:[ ManagementBeacon] ....... RSSI = 230 dBm, Rate = Unknown, SSID = tamulink-wpa, Channel = 6",
157,8.9935702,[24DEC6 11EF61],[*BROADCAST],230 (0xE6),WiFi,"WiFi:[ ManagementBeacon] ....... RSSI = 230 dBm, Rate = Unknown, SSID = tamulink-wpa, Channel = 6",
158,9.0963057,[24DEC6 11EF61],[*BROADCAST],231 (0xE7),WiFi,"WiFi:[ ManagementBeacon] ....... RSSI = 231 dBm, Rate = Unknown, SSID = tamulink-wpa, Channel = 6",
159,9.3007640,[24DEC6 11EF61],[*BROADCAST],231 (0xE7),WiFi,"WiFi:[ ManagementBeacon] ....... RSSI = 231 dBm, Rate = Unknown, SSID = tamulink-wpa, Channel = 6",
160,9.4032458,[24DEC6 11EF61],[*BROADCAST],231 (0xE7),WiFi,"WiFi:[ ManagementBeacon] ....... RSSI = 231 dBm, Rate = Unknown, SSID = tamulink-wpa, Channel = 6",
161,9.5055627,[24DEC6 11EF61],[*BROADCAST],231 (0xE7),WiFi,"WiFi:[ ManagementBeacon] ....... RSSI = 231 dBm, Rate = Unknown, SSID = tamulink-wpa, Channel = 6",
162,9.6085800,[24DEC6 11EF61],[*BROADCAST],232 (0xE8),WiFi,"WiFi:[ ManagementBeacon] ....... RSSI = 232 dBm, Rate = Unknown, SSID = tamulink-wpa, Channel = 6",
163,9.7104255,[24DEC6 11EF61],[*BROADCAST],232 (0xE8),WiFi,"WiFi:[ ManagementBeacon] ....... RSSI = 232 dBm, Rate = Unknown, SSID = tamulink-wpa, Channel = 6",
164,9.7808923,[B8D7AF 121CFC],[*BROADCAST],232 (0xE8),WiFi,"WiFi:[ ManagementProbe request] ....... RSSI = 232 dBm, Rate = Unknown, SSID = tamulink-wpa, Channel = 6",
165,9.8087301,[6C4008 0E06D3],[*BROADCAST],232 (0xE8),WiFi,"WiFi:[ ManagementProbe request] ....... RSSI = 232 dBm, Rate = Unknown, SSID = tamulink-wpa, Channel = 6",
166,9.8149533,[24DEC6 11EF61],[*BROADCAST],232 (0xE8),WiFi,"WiFi:[ ManagementBeacon] ....... RSSI = 232 dBm, Rate = Unknown, SSID = tamulink-wpa, Channel = 6",
167,9.8724819,[80000B C94267],[*BROADCAST],232 (0xE8),WiFi,"WiFi:[ ManagementProbe request] ....... RSSI = 232 dBm, Rate = Unknown, SSID = BroadCast SSID",
168,9.8774799,[80000B C94267],[*BROADCAST],232 (0xE8),WiFi,"WiFi:[ ManagementProbe request] ....... RSSI = 232 dBm, Rate = Unknown, SSID = tamulink-wpa",
169,9.8820211,[B8D7AF 121CFC],[*BROADCAST],232 (0xE8),WiFi,"WiFi:[ ManagementProbe request] ....... RSSI = 232 dBm, Rate = Unknown, SSID = tamulink-wpa, Channel = 7",
170,9.8829260,[80000B C94267],[*BROADCAST],232 (0xE8),WiFi,"WiFi:[ ManagementProbe request] ....... RSSI = 232 dBm, Rate = Unknown, SSID = BroadCast SSID",
171,9.9019973,[B8D7AF 121CFC],[*BROADCAST],232 (0xE8),WiFi,"WiFi:[ ManagementProbe request] ....... RSSI = 232 dBm, Rate = Unknown, SSID = tamulink-wpa, Channel = 7",
172,9.9174044,[24DEC6 11EF61],[*BROADCAST],232 (0xE8),WiFi,"WiFi:[ ManagementBeacon] ....... RSSI = 232 dBm, Rate = Unknown, SSID = tamulink-wpa, Channel = 6",
173,10.0169971,[80000B C94267],[*BROADCAST],232 (0xE8),WiFi,"WiFi:[ ManagementProbe request] ....... RSSI = 232 dBm, Rate = Unknown, SSID = BroadCast SSID",
174,10.0219284,[80000B C94267],[*BROADCAST],232 (0xE8),WiFi,"WiFi:[ ManagementProbe request] ....... RSSI = 232 dBm, Rate = Unknown, SSID = tamulink-wpa",
175,10.0225976,[24DEC6 11EF61],[*BROADCAST],233 (0xE9),WiFi,"WiFi:[ ManagementBeacon] ....... RSSI = 233 dBm, Rate = Unknown, SSID = tamulink-wpa, Channel = 6",
176,10.0271522,[80000B C94267],[*BROADCAST],233 (0xE9),WiFi,"WiFi:[ ManagementProbe request] ....... RSSI = 233 dBm, Rate = Unknown, SSID = BroadCast SSID",
177,10.0471484,[80000B C94267],[*BROADCAST],233 (0xE9),WiFi,"WiFi:[ ManagementProbe request] ....... RSSI = 233 dBm, Rate = Unknown, SSID = BroadCast SSID",
178,10.0532455,[80000B C94267],[*BROADCAST],233 (0xE9),WiFi,"WiFi:[ ManagementProbe request] ....... RSSI = 233 dBm, Rate = Unknown, SSID = BroadCast SSID",
179,10.1204181,[24DEC6 11EF61],[*BROADCAST],233 (0xE9),WiFi,"WiFi:[ ManagementBeacon] ....... RSSI = 233 dBm, Rate = Unknown, SSID = tamulink-wpa, Channel = 6",
180,10.2229252,[24DEC6 11EF61],[*BROADCAST],233 (0xE9),WiFi,"WiFi:[ ManagementBeacon] ....... RSSI = 233 dBm, Rate = Unknown, SSID = tamulink-wpa, Channel = 6",
181,10.2526631,[80000B C94267],[*BROADCAST],233 (0xE9),WiFi,"WiFi:[ ManagementProbe request] ....... RSSI = 233 dBm, Rate = Unknown, SSID = BroadCast SSID",
182,10.2658434,[80000B C94267],[*BROADCAST],233 (0xE9),WiFi,"WiFi:[ ManagementProbe request] ....... RSSI = 233 dBm, Rate = Unknown, SSID = tamulink-wpa",
183,10.2687078,[80000B C94267],[*BROADCAST],233 (0xE9),WiFi,"WiFi:[ ManagementProbe request] ....... RSSI = 233 dBm, Rate = Unknown, SSID = BroadCast SSID",
184,10.3254221,[24DEC6 11EF61],[*BROADCAST],233 (0xE9),WiFi,"WiFi:[ ManagementBeacon] ....... RSSI = 233 dBm, Rate = Unknown, SSID = tamulink-wpa, Channel = 6",
185,10.4232789,[F04F7C 1B02BC],[*BROADCAST],233 (0xE9),WiFi,"WiFi:[ ManagementProbe request] ....... RSSI = 233 dBm, Rate = Unknown, SSID = BroadCast SSID",
186,10.4279891,[80000B C94267],[*BROADCAST],233 (0xE9),WiFi,"WiFi:[ ManagementProbe request] ....... RSSI = 233 dBm, Rate = Unknown, SSID = BroadCast SSID",
187,10.4287537,[24DEC6 11EF61],[*BROADCAST],233 (0xE9),WiFi,"WiFi:[ ManagementBeacon] ....... RSSI = 233 dBm, Rate = Unknown, SSID = tamulink-wpa, Channel = 6",
188,10.4341294,[F04F7C 1B02BC],[*BROADCAST],233 (0xE9),WiFi,"WiFi:[ ManagementProbe request] ....... RSSI = 233 dBm, Rate = Unknown, SSID = BroadCast SSID",
189,10.4356710,[80000B C94267],[*BROADCAST],233 (0xE9),WiFi,"WiFi:[ ManagementProbe request] ....... RSSI = 233 dBm, Rate = Unknown, SSID = tamulink-wpa",
190,10.4364408,[80000B C94267],[*BROADCAST],233 (0xE9),WiFi,"WiFi:[ ManagementProbe request] ....... RSSI = 233 dBm, Rate = Unknown, SSID = BroadCast SSID",
191,10.4559701,[F04F7C 1B02BC],[*BROADCAST],233 (0xE9),WiFi,"WiFi:[ ManagementProbe request] ....... RSSI = 233 dBm, Rate = Unknown, SSID = BroadCast SSID",
192,10.4669215,[F04F7C 1B02BC],[*BROADCAST],233 (0xE9),WiFi,"WiFi:[ ManagementProbe request] ....... RSSI = 233 dBm, Rate = Unknown, SSID = BroadCast SSID",
193,10.4777942,[F04F7C 1B02BC],[*BROADCAST],233 (0xE9),WiFi,"WiFi:[ ManagementProbe request] ....... RSSI = 233 dBm, Rate = Unknown, SSID = BroadCast SSID",
194,10.4843305,[F04F7C 1B02BC],[*BROADCAST],233 (0xE9),WiFi,"WiFi:[ ManagementProbe request] ....... RSSI = 233 dBm, Rate = Unknown, SSID = BroadCast SSID",
195,10.4952083,[F04F7C 1B02BC],[*BROADCAST],233 (0xE9),WiFi,"WiFi:[ ManagementProbe request] ....... RSSI = 233 dBm, Rate = Unknown, SSID = BroadCast SSID",
196,10.5218956,[F04F7C 1B02BC],[*BROADCAST],233 (0xE9),WiFi,"WiFi:[ ManagementProbe request] ....... RSSI = 233 dBm, Rate = Unknown, SSID = BroadCast SSID",
197,10.5301117,[24DEC6 11EF61],[*BROADCAST],234 (0xEA),WiFi,"WiFi:[ ManagementBeacon] ....... RSSI = 234 dBm, Rate = Unknown, SSID = tamulink-wpa, Channel = 6",
198,10.5327910,[F04F7C 1B02BC],[*BROADCAST],234 (0xEA),WiFi,"WiFi:[ ManagementProbe request] ....... RSSI = 234 dBm, Rate = Unknown, SSID = BroadCast SSID",
199,10.5604752,[F04F7C 1B02BC],[*BROADCAST],234 (0xEA),WiFi,"WiFi:[ ManagementProbe request] ....... RSSI = 234 dBm, Rate = Unknown, SSID = BroadCast SSID",
200,10.5822809,[F04F7C 1B02BC],[*BROADCAST],234 (0xEA),WiFi,"WiFi:[ ManagementProbe request] ....... RSSI = 234 dBm, Rate = Unknown, SSID = BroadCast SSID",
201,10.6042607,[F04F7C 1B02BC],[*BROADCAST],234 (0xEA),WiFi,"WiFi:[ ManagementProbe request] ....... RSSI = 234 dBm, Rate = Unknown, SSID = BroadCast SSID",
202,10.6282470,[F04F7C 1B02BC],[*BROADCAST],234 (0xEA),WiFi,"WiFi:[ ManagementProbe request] ....... RSSI = 234 dBm, Rate = Unknown, SSID = BroadCast SSID",
203,10.6363485,[24DEC6 11EF61],[*BROADCAST],234 (0xEA),WiFi,"WiFi:[ ManagementBeacon] ....... RSSI = 234 dBm, Rate = Unknown, SSID = tamulink-wpa, Channel = 6",
204,10.6520075,[F04F7C 1B02BC],[*BROADCAST],234 (0xEA),WiFi,"WiFi:[ ManagementProbe request] ....... RSSI = 234 dBm, Rate = Unknown, SSID = BroadCast SSID",
205,10.6678179,[F04F7C 1B02BC],[*BROADCAST],234 (0xEA),WiFi,"WiFi:[ ManagementProbe request] ....... RSSI = 234 dBm, Rate = Unknown, SSID = BroadCast SSID",
206,10.7350255,[24DEC6 11EF61],[*BROADCAST],234 (0xEA),WiFi,"WiFi:[ ManagementBeacon] ....... RSSI = 234 dBm, Rate = Unknown, SSID = tamulink-wpa, Channel = 6",
207,10.8373522,[24DEC6 11EF61],[*BROADCAST],234 (0xEA),WiFi,"WiFi:[ ManagementBeacon] ....... RSSI = 234 dBm, Rate = Unknown, SSID = tamulink-wpa, Channel = 6",
208,10.9398110,[24DEC6 11EF61],[*BROADCAST],235 (0xEB),WiFi,"WiFi:[ ManagementBeacon] ....... RSSI = 235 dBm, Rate = Unknown, SSID = tamulink-wpa, Channel = 6",
209,11.0421368,[24DEC6 11EF61],[*BROADCAST],235 (0xEB),WiFi,"WiFi:[ ManagementBeacon] ....... RSSI = 235 dBm, Rate = Unknown, SSID = tamulink-wpa, Channel = 6",
210,11.1444895,[24DEC6 11EF61],[*BROADCAST],235 (0xEB),WiFi,"WiFi:[ ManagementBeacon] ....... RSSI = 235 dBm, Rate = Unknown, SSID = tamulink-wpa, Channel = 6",
211,11.1704883,[9801A7 951843],[*BROADCAST],235 (0xEB),WiFi,"WiFi:[ ManagementProbe request] ....... RSSI = 235 dBm, Rate = Unknown, SSID = BroadCast SSID, Channel = 4",
212,11.2076614,[9801A7 951843],[*BROADCAST],235 (0xEB),WiFi,"WiFi:[ ManagementProbe request] ....... RSSI = 235 dBm, Rate = Unknown, SSID = BroadCast SSID, Channel = 4",
213,11.2469705,[24DEC6 11EF61],[*BROADCAST],235 (0xEB),WiFi,"WiFi:[ ManagementBeacon] ....... RSSI = 235 dBm, Rate = Unknown, SSID = tamulink-wpa, Channel = 6",
214,11.2916079,[9801A7 951843],[*BROADCAST],235 (0xEB),WiFi,"WiFi:[ ManagementProbe request] ....... RSSI = 235 dBm, Rate = Unknown, SSID = BroadCast SSID, Channel = 5",
215,11.3378792,[9801A7 951843],[*BROADCAST],235 (0xEB),WiFi,"WiFi:[ ManagementProbe request] ....... RSSI = 235 dBm, Rate = Unknown, SSID = BroadCast SSID, Channel = 6",
216,11.3493947,[24DEC6 11EF61],[*BROADCAST],235 (0xEB),WiFi,"WiFi:[ ManagementBeacon] ....... RSSI = 235 dBm, Rate = Unknown, SSID = tamulink-wpa, Channel = 6",
217,11.3753799,[9801A7 951843],[*BROADCAST],235 (0xEB),WiFi,"WiFi:[ ManagementProbe request] ....... RSSI = 235 dBm, Rate = Unknown, SSID = BroadCast SSID, Channel = 6",
218,11.4404484,[9801A7 951843],[*BROADCAST],235 (0xEB),WiFi,"WiFi:[ ManagementProbe request] ....... RSSI = 235 dBm, Rate = Unknown, SSID = BroadCast SSID, Channel = 7",
219,11.4517363,[24DEC6 11EF61],[*BROADCAST],235 (0xEB),WiFi,"WiFi:[ ManagementBeacon] ....... RSSI = 235 dBm, Rate = Unknown, SSID = tamulink-wpa, Channel = 6",
220,11.4785836,[9801A7 951843],[*BROADCAST],235 (0xEB),WiFi,"WiFi:[ ManagementProbe request] ....... RSSI = 235 dBm, Rate = Unknown, SSID = BroadCast SSID, Channel = 7",
221,11.5231718,[9801A7 951843],[*BROADCAST],235 (0xEB),WiFi,"WiFi:[ ManagementProbe request] ....... RSSI = 235 dBm, Rate = Unknown, SSID = BroadCast SSID, Channel = 8",
222,11.5567153,[24DEC6 11EF61],[*BROADCAST],235 (0xEB),WiFi,"WiFi:[ ManagementBeacon] ....... RSSI = 235 dBm, Rate = Unknown, SSID = tamulink-wpa, Channel = 6",
223,11.5601622,[9801A7 951843],[*BROADCAST],235 (0xEB),WiFi,"WiFi:[ ManagementProbe request] ....... RSSI = 235 dBm, Rate = Unknown, SSID = BroadCast SSID, Channel = 8",
224,11.6565184,[24DEC6 11EF61],[*BROADCAST],235 (0xEB),WiFi,"WiFi:[ ManagementBeacon] ....... RSSI = 235 dBm, Rate = Unknown, SSID = tamulink-wpa, Channel = 6",
225,11.7589947,[24DEC6 11EF61],[*BROADCAST],235 (0xEB),WiFi,"WiFi:[ ManagementBeacon] ....... RSSI = 235 dBm, Rate = Unknown, SSID = tamulink-wpa, Channel = 6",
226,11.8613166,[24DEC6 11EF61],[*BROADCAST],236 (0xEC),WiFi,"WiFi:[ ManagementBeacon] ....... RSSI = 236 dBm, Rate = Unknown, SSID = tamulink-wpa, Channel = 6",
227,11.9638289,[24DEC6 11EF61],[*BROADCAST],236 (0xEC),WiFi,"WiFi:[ ManagementBeacon] ....... RSSI = 236 dBm, Rate = Unknown, SSID = tamulink-wpa, Channel = 6",
228,12.0660320,[24DEC6 11EF61],[*BROADCAST],236 (0xEC),WiFi,"WiFi:[ ManagementBeacon] ....... RSSI = 236 dBm, Rate = Unknown, SSID = tamulink-wpa, Channel = 6",
229,12.1684347,[24DEC6 11EF61],[*BROADCAST],236 (0xEC),WiFi,"WiFi:[ ManagementBeacon] ....... RSSI = 236 dBm, Rate = Unknown, SSID = tamulink-wpa, Channel = 6",
230,12.2717779,[24DEC6 11EF61],[*BROADCAST],236 (0xEC),WiFi,"WiFi:[ ManagementBeacon] ....... RSSI = 236 dBm, Rate = Unknown, SSID = tamulink-wpa, Channel = 6",
231,12.3733998,[24DEC6 11EF61],[*BROADCAST],236 (0xEC),WiFi,"WiFi:[ ManagementBeacon] ....... RSSI = 236 dBm, Rate = Unknown, SSID = tamulink-wpa, Channel = 6",
232,12.4757778,[24DEC6 11EF61],[*BROADCAST],236 (0xEC),WiFi,"WiFi:[ ManagementBeacon] ....... RSSI = 236 dBm, Rate = Unknown, SSID = tamulink-wpa, Channel = 6",
233,12.6805658,[24DEC6 11EF61],[*BROADCAST],236 (0xEC),WiFi,"WiFi:[ ManagementBeacon] ....... RSSI = 236 dBm, Rate = Unknown, SSID = tamulink-wpa, Channel = 6",
234,12.7829143,[24DEC6 11EF61],[*BROADCAST],236 (0xEC),WiFi,"WiFi:[ ManagementBeacon] ....... RSSI = 236 dBm, Rate = Unknown, SSID = tamulink-wpa, Channel = 6",
235,12.8884013,[24DEC6 11EF61],[*BROADCAST],236 (0xEC),WiFi,"WiFi:[ ManagementBeacon] ....... RSSI = 236 dBm, Rate = Unknown, SSID = tamulink-wpa, Channel = 6",
236,13.0900486,[24DEC6 11EF61],[*BROADCAST],236 (0xEC),WiFi,"WiFi:[ ManagementBeacon] ....... RSSI = 236 dBm, Rate = Unknown, SSID = tamulink-wpa, Channel = 6",
237,13.1193041,[70EF00 CFB3D3],[*BROADCAST],236 (0xEC),WiFi,"WiFi:[ ManagementProbe request] ....... RSSI = 236 dBm, Rate = Unknown, SSID = eduroam, Channel = 6",
238,13.1294202,[70EF00 CFB3D3],[*BROADCAST],236 (0xEC),WiFi,"WiFi:[ ManagementProbe request] ....... RSSI = 236 dBm, Rate = Unknown, SSID = eduroam, Channel = 6",
239,13.1926306,[24DEC6 11EF61],[*BROADCAST],236 (0xEC),WiFi,"WiFi:[ ManagementBeacon] ....... RSSI = 236 dBm, Rate = Unknown, SSID = tamulink-wpa, Channel = 6",
240,13.2282405,[70EF00 CFB3D3],[*BROADCAST],236 (0xEC),WiFi,"WiFi:[ ManagementProbe request] ....... RSSI = 236 dBm, Rate = Unknown, SSID = eduroam, Channel = 4",
241,13.2394926,[70EF00 CFB3D3],[*BROADCAST],236 (0xEC),WiFi,"WiFi:[ ManagementProbe request] ....... RSSI = 236 dBm, Rate = Unknown, SSID = eduroam, Channel = 4",
242,13.2949641,[24DEC6 11EF61],[*BROADCAST],236 (0xEC),WiFi,"WiFi:[ ManagementBeacon] ....... RSSI = 236 dBm, Rate = Unknown, SSID = tamulink-wpa, Channel = 6",
243,13.3062195,[70EF00 CFB3D3],[*BROADCAST],236 (0xEC),WiFi,"WiFi:[ ManagementProbe request] ....... RSSI = 236 dBm, Rate = Unknown, SSID = eduroam, Channel = 5",
244,13.3164708,[70EF00 CFB3D3],[*BROADCAST],236 (0xEC),WiFi,"WiFi:[ ManagementProbe request] ....... RSSI = 236 dBm, Rate = Unknown, SSID = eduroam, Channel = 5",
245,13.3279983,[70EF00 CFB3D3],[*BROADCAST],236 (0xEC),WiFi,"WiFi:[ ManagementProbe request] ....... RSSI = 236 dBm, Rate = Unknown, SSID = eduroam, Channel = 7",
246,13.3675935,[70EF00 CFB3D3],[*BROADCAST],236 (0xEC),WiFi,"WiFi:[ ManagementProbe request] ....... RSSI = 236 dBm, Rate = Unknown, SSID = eduroam, Channel = 8",
247,13.3974280,[24DEC6 11EF61],[*BROADCAST],236 (0xEC),WiFi,"WiFi:[ ManagementBeacon] ....... RSSI = 236 dBm, Rate = Unknown, SSID = tamulink-wpa, Channel = 6",
248,13.4998466,[24DEC6 11EF61],[*BROADCAST],236 (0xEC),WiFi,"WiFi:[ ManagementBeacon] ....... RSSI = 236 dBm, Rate = Unknown, SSID = tamulink-wpa, Channel = 6",
249,13.5385926,[648099 9E0B29],[*BROADCAST],236 (0xEC),WiFi,"WiFi:[ ManagementProbe request] ....... RSSI = 236 dBm, Rate = Unknown, SSID = BroadCast SSID",
250,13.6478519,[404E36 88201D],[*BROADCAST],236 (0xEC),WiFi,"WiFi:[ ManagementProbe request] ....... RSSI = 236 dBm, Rate = Unknown, SSID = tamulink-wpa, Channel = 6",
251,13.6629195,[404E36 88201D],[*BROADCAST],236 (0xEC),WiFi,"WiFi:[ ManagementProbe request] ....... RSSI = 236 dBm, Rate = Unknown, SSID = tamulink-wpa, Channel = 6",
252,13.7044892,[24DEC6 11EF61],[*BROADCAST],236 (0xEC),WiFi,"WiFi:[ ManagementBeacon] ....... RSSI = 236 dBm, Rate = Unknown, SSID = tamulink-wpa, Channel = 6",
253,13.8093887,[24DEC6 11EF61],[*BROADCAST],236 (0xEC),WiFi,"WiFi:[ ManagementBeacon] ....... RSSI = 236 dBm, Rate = Unknown, SSID = tamulink-wpa, Channel = 6",
254,13.9118633,[24DEC6 11EF61],[*BROADCAST],236 (0xEC),WiFi,"WiFi:[ ManagementBeacon] ....... RSSI = 236 dBm, Rate = Unknown, SSID = tamulink-wpa, Channel = 6",
255,14.1156934,[24DEC6 11EF61],[*BROADCAST],236 (0xEC),WiFi,"WiFi:[ ManagementBeacon] ....... RSSI = 236 dBm, Rate = Unknown, SSID = tamulink-wpa, Channel = 6",
256,14.1207294,[CC61E5 DB100B],[*BROADCAST],236 (0xEC),WiFi,"WiFi:[ ManagementProbe request] ....... RSSI = 236 dBm, Rate = Unknown, SSID = BroadCast SSID, Channel = 6",
257,14.2165168,[24DEC6 11EF61],[*BROADCAST],236 (0xEC),WiFi,"WiFi:[ ManagementBeacon] ....... RSSI = 236 dBm, Rate = Unknown, SSID = tamulink-wpa, Channel = 6",
258,14.3190458,[24DEC6 11EF61],[*BROADCAST],236 (0xEC),WiFi,"WiFi:[ ManagementBeacon] ....... RSSI = 236 dBm, Rate = Unknown, SSID = tamulink-wpa, Channel = 6",
259,14.5237376,[24DEC6 11EF61],[*BROADCAST],236 (0xEC),WiFi,"WiFi:[ ManagementBeacon] ....... RSSI = 236 dBm, Rate = Unknown, SSID = tamulink-wpa, Channel = 6",
260,14.6260223,[24DEC6 11EF61],[*BROADCAST],236 (0xEC),WiFi,"WiFi:[ ManagementBeacon] ....... RSSI = 236 dBm, Rate = Unknown, SSID = tamulink-wpa, Channel = 6",
261,14.7285350,[24DEC6 11EF61],[*BROADCAST],236 (0xEC),WiFi,"WiFi:[ ManagementBeacon] ....... RSSI = 236 dBm, Rate = Unknown, SSID = tamulink-wpa, Channel = 6",
262,14.8336675,[24DEC6 11EF61],[*BROADCAST],236 (0xEC),WiFi,"WiFi:[ ManagementBeacon] ....... RSSI = 236 dBm, Rate = Unknown, SSID = tamulink-wpa, Channel = 6",
263,14.9334398,[24DEC6 11EF61],[*BROADCAST],236 (0xEC),WiFi,"WiFi:[ ManagementBeacon] ....... RSSI = 236 dBm, Rate = Unknown, SSID = tamulink-wpa, Channel = 6",
264,15.0357412,[24DEC6 11EF61],[*BROADCAST],236 (0xEC),WiFi,"WiFi:[ ManagementBeacon] ....... RSSI = 236 dBm, Rate = Unknown, SSID = tamulink-wpa, Channel = 6",
265,15.1381683,[24DEC6 11EF61],[*BROADCAST],236 (0xEC),WiFi,"WiFi:[ ManagementBeacon] ....... RSSI = 236 dBm, Rate = Unknown, SSID = tamulink-wpa, Channel = 6",
266,15.2405698,[24DEC6 11EF61],[*BROADCAST],236 (0xEC),WiFi,"WiFi:[ ManagementBeacon] ....... RSSI = 236 dBm, Rate = Unknown, SSID = tamulink-wpa, Channel = 6",
267,15.3429812,[24DEC6 11EF61],[*BROADCAST],236 (0xEC),WiFi,"WiFi:[ ManagementBeacon] ....... RSSI = 236 dBm, Rate = Unknown, SSID = tamulink-wpa, Channel = 6",
268,15.4510735,[24DEC6 11EF61],[*BROADCAST],236 (0xEC),WiFi,"WiFi:[ ManagementBeacon] ....... RSSI = 236 dBm, Rate = Unknown, SSID = tamulink-wpa, Channel = 6",
269,15.4686851,[8CF5A3 F1E075],[*BROADCAST],236 (0xEC),WiFi,"WiFi:[ ManagementProbe request] ....... RSSI = 236 dBm, Rate = Unknown, SSID = tamulink-wpa, Channel = 6",
270,15.5476422,[24DEC6 11EF61],[*BROADCAST],236 (0xEC),WiFi,"WiFi:[ ManagementBeacon] ....... RSSI = 236 dBm, Rate = Unknown, SSID = tamulink-wpa, Channel = 6",
271,15.6502173,[24DEC6 11EF61],[*BROADCAST],236 (0xEC),WiFi,"WiFi:[ ManagementBeacon] ....... RSSI = 236 dBm, Rate = Unknown, SSID = tamulink-wpa, Channel = 6",
272,15.7526338,[24DEC6 11EF61],[*BROADCAST],236 (0xEC),WiFi,"WiFi:[ ManagementBeacon] ....... RSSI = 236 dBm, Rate = Unknown, SSID = tamulink-wpa, Channel = 6",
273,15.7712162,[90B686 24EB97],[*BROADCAST],236 (0xEC),WiFi,"WiFi:[ ManagementProbe request] ....... RSSI = 236 dBm, Rate = Unknown, SSID = tamulink-wpa, Channel = 6",
274,15.7916406,[90B686 24EB97],[*BROADCAST],236 (0xEC),WiFi,"WiFi:[ ManagementProbe request] ....... RSSI = 236 dBm, Rate = Unknown, SSID = tamulink-wpa, Channel = 6",
275,15.8714247,[90B686 24EB97],[*BROADCAST],236 (0xEC),WiFi,"WiFi:[ ManagementProbe request] ....... RSSI = 236 dBm, Rate = Unknown, SSID = tamulink-wpa, Channel = 6",
276,15.8915018,[90B686 24EB97],[*BROADCAST],236 (0xEC),WiFi,"WiFi:[ ManagementProbe request] ....... RSSI = 236 dBm, Rate = Unknown, SSID = tamulink-wpa, Channel = 6",
277,15.9573970,[24DEC6 11EF61],[*BROADCAST],236 (0xEC),WiFi,"WiFi:[ ManagementBeacon] ....... RSSI = 236 dBm, Rate = Unknown, SSID = tamulink-wpa, Channel = 6",
278,15.9727224,[90B686 24EB97],[*BROADCAST],236 (0xEC),WiFi,"WiFi:[ ManagementProbe request] ....... RSSI = 236 dBm, Rate = Unknown, SSID = tamulink-wpa, Channel = 6",
279,15.9929667,[90B686 24EB97],[*BROADCAST],236 (0xEC),WiFi,"WiFi:[ ManagementProbe request] ....... RSSI = 236 dBm, Rate = Unknown, SSID = tamulink-wpa, Channel = 6",
280,16.0132607,[90B686 24EB97],[*BROADCAST],236 (0xEC),WiFi,"WiFi:[ ManagementProbe request] ....... RSSI = 236 dBm, Rate = Unknown, SSID = tamulink-wpa, Channel = 6",
281,16.0596313,[24DEC6 11EF61],[*BROADCAST],236 (0xEC),WiFi,"WiFi:[ ManagementBeacon] ....... RSSI = 236 dBm, Rate = Unknown, SSID = tamulink-wpa, Channel = 6",
282,16.1620298,[24DEC6 11EF61],[*BROADCAST],236 (0xEC),WiFi,"WiFi:[ ManagementBeacon] ....... RSSI = 236 dBm, Rate = Unknown, SSID = tamulink-wpa, Channel = 6",
283,16.2646104,[24DEC6 11EF61],[*BROADCAST],236 (0xEC),WiFi,"WiFi:[ ManagementBeacon] ....... RSSI = 236 dBm, Rate = Unknown, SSID = tamulink-wpa, Channel = 6",
284,16.3669482,[24DEC6 11EF61],[*BROADCAST],236 (0xEC),WiFi,"WiFi:[ ManagementBeacon] ....... RSSI = 236 dBm, Rate = Unknown, SSID = tamulink-wpa, Channel = 6",
285,16.4662368,[648099 9E0B29],[*BROADCAST],236 (0xEC),WiFi,"WiFi:[ ManagementProbe request] ....... RSSI = 236 dBm, Rate = Unknown, SSID = BroadCast SSID",
286,16.4697453,[24DEC6 11EF61],[*BROADCAST],236 (0xEC),WiFi,"WiFi:[ ManagementBeacon] ....... RSSI = 236 dBm, Rate = Unknown, SSID = tamulink-wpa, Channel = 6",
287,16.5716156,[24DEC6 11EF61],[*BROADCAST],236 (0xEC),WiFi,"WiFi:[ ManagementBeacon] ....... RSSI = 236 dBm, Rate = Unknown, SSID = tamulink-wpa, Channel = 6",
288,16.6740783,[24DEC6 11EF61],[*BROADCAST],236 (0xEC),WiFi,"WiFi:[ ManagementBeacon] ....... RSSI = 236 dBm, Rate = Unknown, SSID = tamulink-wpa, Channel = 6",
289,16.7765226,[24DEC6 11EF61],[*BROADCAST],236 (0xEC),WiFi,"WiFi:[ ManagementBeacon] ....... RSSI = 236 dBm, Rate = Unknown, SSID = tamulink-wpa, Channel = 6",
290,16.7834540,[E67E09 DD45FE],[*BROADCAST],236 (0xEC),WiFi,"WiFi:[ ManagementProbe request] ....... RSSI = 236 dBm, Rate = Unknown, SSID = HMG5, Channel = 6",
291,16.8789480,[24DEC6 11EF61],[*BROADCAST],236 (0xEC),WiFi,"WiFi:[ ManagementBeacon] ....... RSSI = 236 dBm, Rate = Unknown, SSID = tamulink-wpa, Channel = 6",
292,16.9813405,[24DEC6 11EF61],[*BROADCAST],236 (0xEC),WiFi,"WiFi:[ ManagementBeacon] ....... RSSI = 236 dBm, Rate = Unknown, SSID = tamulink-wpa, Channel = 6",
293,17.0836851,[24DEC6 11EF61],[*BROADCAST],236 (0xEC),WiFi,"WiFi:[ ManagementBeacon] ....... RSSI = 236 dBm, Rate = Unknown, SSID = tamulink-wpa, Channel = 6",
294,17.1861101,[24DEC6 11EF61],[*BROADCAST],236 (0xEC),WiFi,"WiFi:[ ManagementBeacon] ....... RSSI = 236 dBm, Rate = Unknown, SSID = tamulink-wpa, Channel = 6",
295,17.2886344,[24DEC6 11EF61],[*BROADCAST],236 (0xEC),WiFi,"WiFi:[ ManagementBeacon] ....... RSSI = 236 dBm, Rate = Unknown, SSID = tamulink-wpa, Channel = 6",
296,17.3909910,[24DEC6 11EF61],[*BROADCAST],236 (0xEC),WiFi,"WiFi:[ ManagementBeacon] ....... RSSI = 236 dBm, Rate = Unknown, SSID = tamulink-wpa, Channel = 6",
297,17.4934228,[24DEC6 11EF61],[*BROADCAST],236 (0xEC),WiFi,"WiFi:[ ManagementBeacon] ....... RSSI = 236 dBm, Rate = Unknown, SSID = tamulink-wpa, Channel = 6",
298,17.5956336,[24DEC6 11EF61],[*BROADCAST],236 (0xEC),WiFi,"WiFi:[ ManagementBeacon] ....... RSSI = 236 dBm, Rate = Unknown, SSID = tamulink-wpa, Channel = 6",
299,17.6982271,[24DEC6 11EF61],[*BROADCAST],236 (0xEC),WiFi,"WiFi:[ ManagementBeacon] ....... RSSI = 236 dBm, Rate = Unknown, SSID = tamulink-wpa, Channel = 6",
300,17.8006393,[24DEC6 11EF61],[*BROADCAST],236 (0xEC),WiFi,"WiFi:[ ManagementBeacon] ....... RSSI = 236 dBm, Rate = Unknown, SSID = tamulink-wpa, Channel = 6",
301,17.9030019,[24DEC6 11EF61],[*BROADCAST],236 (0xEC),WiFi,"WiFi:[ ManagementBeacon] ....... RSSI = 236 dBm, Rate = Unknown, SSID = tamulink-wpa, Channel = 6",
302,18.0054329,[24DEC6 11EF61],[*BROADCAST],235 (0xEB),WiFi,"WiFi:[ ManagementBeacon] ....... RSSI = 235 dBm, Rate = Unknown, SSID = tamulink-wpa, Channel = 6",
303,18.1076222,[24DEC6 11EF61],[*BROADCAST],235 (0xEB),WiFi,"WiFi:[ ManagementBeacon] ....... RSSI = 235 dBm, Rate = Unknown, SSID = tamulink-wpa, Channel = 6",
304,18.2100413,[24DEC6 11EF61],[*BROADCAST],235 (0xEB),WiFi,"WiFi:[ ManagementBeacon] ....... RSSI = 235 dBm, Rate = Unknown, SSID = tamulink-wpa, Channel = 6",
305,18.3125732,[24DEC6 11EF61],[*BROADCAST],235 (0xEB),WiFi,"WiFi:[ ManagementBeacon] ....... RSSI = 235 dBm, Rate = Unknown, SSID = tamulink-wpa, Channel = 6",
306,18.4149892,[24DEC6 11EF61],[*BROADCAST],235 (0xEB),WiFi,"WiFi:[ ManagementBeacon] ....... RSSI = 235 dBm, Rate = Unknown, SSID = tamulink-wpa, Channel = 6",
307,18.5174138,[24DEC6 11EF61],[*BROADCAST],235 (0xEB),WiFi,"WiFi:[ ManagementBeacon] ....... RSSI = 235 dBm, Rate = Unknown, SSID = tamulink-wpa, Channel = 6",
308,18.7221702,[24DEC6 11EF61],[*BROADCAST],235 (0xEB),WiFi,"WiFi:[ ManagementBeacon] ....... RSSI = 235 dBm, Rate = Unknown, SSID = tamulink-wpa, Channel = 6",
309,18.8245755,[24DEC6 11EF61],[*BROADCAST],235 (0xEB),WiFi,"WiFi:[ ManagementBeacon] ....... RSSI = 235 dBm, Rate = Unknown, SSID = tamulink-wpa, Channel = 6",
310,18.9269899,[24DEC6 11EF61],[*BROADCAST],235 (0xEB),WiFi,"WiFi:[ ManagementBeacon] ....... RSSI = 235 dBm, Rate = Unknown, SSID = tamulink-wpa, Channel = 6",
311,19.0293542,[24DEC6 11EF61],[*BROADCAST],235 (0xEB),WiFi,"WiFi:[ ManagementBeacon] ....... RSSI = 235 dBm, Rate = Unknown, SSID = tamulink-wpa, Channel = 6",
312,19.1317441,[24DEC6 11EF61],[*BROADCAST],235 (0xEB),WiFi,"WiFi:[ ManagementBeacon] ....... RSSI = 235 dBm, Rate = Unknown, SSID = tamulink-wpa, Channel = 6",
313,19.1370282,[9801A7 2A041F],[*BROADCAST],235 (0xEB),WiFi,"WiFi:[ ManagementProbe request] ....... RSSI = 235 dBm, Rate = Unknown, SSID = tamulink-wpa, Channel = 6",
314,19.1473907,[9801A7 2A041F],[*BROADCAST],235 (0xEB),WiFi,"WiFi:[ ManagementProbe request] ....... RSSI = 235 dBm, Rate = Unknown, SSID = tamulink-wpa, Channel = 6",
315,19.2342076,[24DEC6 11EF61],[*BROADCAST],235 (0xEB),WiFi,"WiFi:[ ManagementBeacon] ....... RSSI = 235 dBm, Rate = Unknown, SSID = tamulink-wpa, Channel = 6",
316,19.3366164,[24DEC6 11EF61],[*BROADCAST],235 (0xEB),WiFi,"WiFi:[ ManagementBeacon] ....... RSSI = 235 dBm, Rate = Unknown, SSID = tamulink-wpa, Channel = 6",
317,19.4389785,[24DEC6 11EF61],[*BROADCAST],235 (0xEB),WiFi,"WiFi:[ ManagementBeacon] ....... RSSI = 235 dBm, Rate = Unknown, SSID = tamulink-wpa, Channel = 6",
318,19.5412534,[24DEC6 11EF61],[*BROADCAST],235 (0xEB),WiFi,"WiFi:[ ManagementBeacon] ....... RSSI = 235 dBm, Rate = Unknown, SSID = tamulink-wpa, Channel = 6",
319,19.6438038,[24DEC6 11EF61],[*BROADCAST],235 (0xEB),WiFi,"WiFi:[ ManagementBeacon] ....... RSSI = 235 dBm, Rate = Unknown, SSID = tamulink-wpa, Channel = 6",
320,19.7030780,[80000B C94267],[*BROADCAST],235 (0xEB),WiFi,"WiFi:[ ManagementProbe request] ....... RSSI = 235 dBm, Rate = Unknown, SSID = BroadCast SSID",
321,19.7095463,[80000B C94267],[*BROADCAST],235 (0xEB),WiFi,"WiFi:[ ManagementProbe request] ....... RSSI = 235 dBm, Rate = Unknown, SSID = BroadCast SSID",
322,19.7461591,[24DEC6 11EF61],[*BROADCAST],235 (0xEB),WiFi,"WiFi:[ ManagementBeacon] ....... RSSI = 235 dBm, Rate = Unknown, SSID = tamulink-wpa, Channel = 6",
323,19.8474769,[80000B C94267],[*BROADCAST],235 (0xEB),WiFi,"WiFi:[ ManagementProbe request] ....... RSSI = 235 dBm, Rate = Unknown, SSID = BroadCast SSID",
324,19.8523919,[80000B C94267],[*BROADCAST],235 (0xEB),WiFi,"WiFi:[ ManagementProbe request] ....... RSSI = 235 dBm, Rate = Unknown, SSID = tamulink-wpa",
325,19.8530330,[24DEC6 11EF61],[*BROADCAST],234 (0xEA),WiFi,"WiFi:[ ManagementBeacon] ....... RSSI = 234 dBm, Rate = Unknown, SSID = tamulink-wpa, Channel = 6",
326,19.8777660,[80000B C94267],[*BROADCAST],234 (0xEA),WiFi,"WiFi:[ ManagementProbe request] ....... RSSI = 234 dBm, Rate = Unknown, SSID = BroadCast SSID",
327,19.8842304,[80000B C94267],[*BROADCAST],234 (0xEA),WiFi,"WiFi:[ ManagementProbe request] ....... RSSI = 234 dBm, Rate = Unknown, SSID = BroadCast SSID",
328,19.9510403,[24DEC6 11EF61],[*BROADCAST],234 (0xEA),WiFi,"WiFi:[ ManagementBeacon] ....... RSSI = 234 dBm, Rate = Unknown, SSID = tamulink-wpa, Channel = 6",
329,20.0172755,[90B686 24EB97],[*BROADCAST],234 (0xEA),WiFi,"WiFi:[ ManagementProbe request] ....... RSSI = 234 dBm, Rate = Unknown, SSID = BroadCast SSID, Channel = 7",
330,20.0532690,[24DEC6 11EF61],[*BROADCAST],234 (0xEA),WiFi,"WiFi:[ ManagementBeacon] ....... RSSI = 234 dBm, Rate = Unknown, SSID = tamulink-wpa, Channel = 6",
331,20.0810897,[90B686 24EB97],[*BROADCAST],234 (0xEA),WiFi,"WiFi:[ ManagementProbe request] ....... RSSI = 234 dBm, Rate = Unknown, SSID = BroadCast SSID, Channel = 8",
332,20.1028342,[80000B C94267],[*BROADCAST],234 (0xEA),WiFi,"WiFi:[ ManagementProbe request] ....... RSSI = 234 dBm, Rate = Unknown, SSID = tamulink-wpa",
333,20.1036903,[80000B C94267],[*BROADCAST],234 (0xEA),WiFi,"WiFi:[ ManagementProbe request] ....... RSSI = 234 dBm, Rate = Unknown, SSID = BroadCast SSID",
334,20.1556949,[24DEC6 11EF61],[*BROADCAST],234 (0xEA),WiFi,"WiFi:[ ManagementBeacon] ....... RSSI = 234 dBm, Rate = Unknown, SSID = tamulink-wpa, Channel = 6",
335,20.2569746,[80000B C94267],[*BROADCAST],234 (0xEA),WiFi,"WiFi:[ ManagementProbe request] ....... RSSI = 234 dBm, Rate = Unknown, SSID = BroadCast SSID",
336,20.2621899,[80000B C94267],[*BROADCAST],234 (0xEA),WiFi,"WiFi:[ ManagementProbe request] ....... RSSI = 234 dBm, Rate = Unknown, SSID = tamulink-wpa",
337,20.2630610,[80000B C94267],[*BROADCAST],234 (0xEA),WiFi,"WiFi:[ ManagementProbe request] ....... RSSI = 234 dBm, Rate = Unknown, SSID = BroadCast SSID",
338,20.2640660,[24DEC6 11EF61],[*BROADCAST],233 (0xE9),WiFi,"WiFi:[ ManagementBeacon] ....... RSSI = 233 dBm, Rate = Unknown, SSID = tamulink-wpa, Channel = 6",
339,20.3605791,[24DEC6 11EF61],[*BROADCAST],233 (0xE9),WiFi,"WiFi:[ ManagementBeacon] ....... RSSI = 233 dBm, Rate = Unknown, SSID = tamulink-wpa, Channel = 6",
340,20.4630401,[24DEC6 11EF61],[*BROADCAST],233 (0xE9),WiFi,"WiFi:[ ManagementBeacon] ....... RSSI = 233 dBm, Rate = Unknown, SSID = tamulink-wpa, Channel = 6",
341,20.5652525,[24DEC6 11EF61],[*BROADCAST],233 (0xE9),WiFi,"WiFi:[ ManagementBeacon] ....... RSSI = 233 dBm, Rate = Unknown, SSID = tamulink-wpa, Channel = 6",
342,20.6677417,[24DEC6 11EF61],[*BROADCAST],233 (0xE9),WiFi,"WiFi:[ ManagementBeacon] ....... RSSI = 233 dBm, Rate = Unknown, SSID = tamulink-wpa, Channel = 6",
343,20.7702061,[24DEC6 11EF61],[*BROADCAST],233 (0xE9),WiFi,"WiFi:[ ManagementBeacon] ....... RSSI = 233 dBm, Rate = Unknown, SSID = tamulink-wpa, Channel = 6",
344,20.8726520,[24DEC6 11EF61],[*BROADCAST],232 (0xE8),WiFi,"WiFi:[ ManagementBeacon] ....... RSSI = 232 dBm, Rate = Unknown, SSID = tamulink-wpa, Channel = 6",
345,20.9749646,[24DEC6 11EF61],[*BROADCAST],232 (0xE8),WiFi,"WiFi:[ ManagementBeacon] ....... RSSI = 232 dBm, Rate = Unknown, SSID = tamulink-wpa, Channel = 6",
346,21.0772643,[24DEC6 11EF61],[*BROADCAST],232 (0xE8),WiFi,"WiFi:[ ManagementBeacon] ....... RSSI = 232 dBm, Rate = Unknown, SSID = tamulink-wpa, Channel = 6",
347,21.1391404,[9801A7 951843],[*BROADCAST],232 (0xE8),WiFi,"WiFi:[ ManagementProbe request] ....... RSSI = 232 dBm, Rate = Unknown, SSID = BroadCast SSID, Channel = 4",
348,21.1767975,[9801A7 951843],[*BROADCAST],232 (0xE8),WiFi,"WiFi:[ ManagementProbe request] ....... RSSI = 232 dBm, Rate = Unknown, SSID = BroadCast SSID, Channel = 4",
349,21.1798403,[24DEC6 11EF61],[*BROADCAST],232 (0xE8),WiFi,"WiFi:[ ManagementBeacon] ....... RSSI = 232 dBm, Rate = Unknown, SSID = tamulink-wpa, Channel = 6",
350,21.2227233,[9801A7 951843],[*BROADCAST],232 (0xE8),WiFi,"WiFi:[ ManagementProbe request] ....... RSSI = 232 dBm, Rate = Unknown, SSID = BroadCast SSID, Channel = 5",
351,21.2596979,[9801A7 951843],[*BROADCAST],232 (0xE8),WiFi,"WiFi:[ ManagementProbe request] ....... RSSI = 232 dBm, Rate = Unknown, SSID = BroadCast SSID, Channel = 5",
352,21.2827853,[24DEC6 11EF61],[*BROADCAST],232 (0xE8),WiFi,"WiFi:[ ManagementBeacon] ....... RSSI = 232 dBm, Rate = Unknown, SSID = tamulink-wpa, Channel = 6",
353,21.3048078,[9801A7 951843],[*BROADCAST],232 (0xE8),WiFi,"WiFi:[ ManagementProbe request] ....... RSSI = 232 dBm, Rate = Unknown, SSID = BroadCast SSID, Channel = 6",
354,21.3428096,[9801A7 951843],[*BROADCAST],232 (0xE8),WiFi,"WiFi:[ ManagementProbe request] ....... RSSI = 232 dBm, Rate = Unknown, SSID = BroadCast SSID, Channel = 6",
355,21.3846467,[24DEC6 11EF61],[*BROADCAST],231 (0xE7),WiFi,"WiFi:[ ManagementBeacon] ....... RSSI = 231 dBm, Rate = Unknown, SSID = tamulink-wpa, Channel = 6",
356,21.4102431,[9801A7 951843],[*BROADCAST],231 (0xE7),WiFi,"WiFi:[ ManagementProbe request] ....... RSSI = 231 dBm, Rate = Unknown, SSID = BroadCast SSID, Channel = 7",
357,21.4477437,[9801A7 951843],[*BROADCAST],231 (0xE7),WiFi,"WiFi:[ ManagementProbe request] ....... RSSI = 231 dBm, Rate = Unknown, SSID = BroadCast SSID, Channel = 7",
358,21.4869891,[24DEC6 11EF61],[*BROADCAST],231 (0xE7),WiFi,"WiFi:[ ManagementBeacon] ....... RSSI = 231 dBm, Rate = Unknown, SSID = tamulink-wpa, Channel = 6",
359,21.4938611,[9801A7 951843],[*BROADCAST],231 (0xE7),WiFi,"WiFi:[ ManagementProbe request] ....... RSSI = 231 dBm, Rate = Unknown, SSID = BroadCast SSID, Channel = 8",
360,21.5311894,[9801A7 951843],[*BROADCAST],231 (0xE7),WiFi,"WiFi:[ ManagementProbe request] ....... RSSI = 231 dBm, Rate = Unknown, SSID = BroadCast SSID, Channel = 8",
361,21.5892529,[24DEC6 11EF61],[*BROADCAST],231 (0xE7),WiFi,"WiFi:[ ManagementBeacon] ....... RSSI = 231 dBm, Rate = Unknown, SSID = tamulink-wpa, Channel = 6",
362,21.6850112,[8C4500 7B15A4],[*BROADCAST],231 (0xE7),WiFi,"WiFi:[ ManagementProbe request] ....... RSSI = 231 dBm, Rate = Unknown, SSID = tamulink-wpa, Channel = 6",
363,21.6934506,[24DEC6 11EF61],[*BROADCAST],231 (0xE7),WiFi,"WiFi:[ ManagementBeacon] ....... RSSI = 231 dBm, Rate = Unknown, SSID = tamulink-wpa, Channel = 6",
364,21.7052051,[8C4500 7B15A4],[*BROADCAST],231 (0xE7),WiFi,"WiFi:[ ManagementProbe request] ....... RSSI = 231 dBm, Rate = Unknown, SSID = tamulink-wpa, Channel = 6",
365,21.7942544,[24DEC6 11EF61],[*BROADCAST],230 (0xE6),WiFi,"WiFi:[ ManagementBeacon] ....... RSSI = 230 dBm, Rate = Unknown, SSID = tamulink-wpa, Channel = 6",
366,22.0019650,[24DEC6 11EF61],[*BROADCAST],230 (0xE6),WiFi,"WiFi:[ ManagementBeacon] ....... RSSI = 230 dBm, Rate = Unknown, SSID = tamulink-wpa, Channel = 6",
367,22.0087668,[3C2EF9 E3E53C],[*BROADCAST],230 (0xE6),WiFi,"WiFi:[ ManagementProbe request] ....... RSSI = 230 dBm, Rate = Unknown, SSID = BroadCast SSID, Channel = 6",
368,22.0189968,[3C2EF9 E3E53C],[*BROADCAST],230 (0xE6),WiFi,"WiFi:[ ManagementProbe request] ....... RSSI = 230 dBm, Rate = Unknown, SSID = BroadCast SSID, Channel = 6",
369,22.1013485,[24DEC6 11EF61],[*BROADCAST],230 (0xE6),WiFi,"WiFi:[ ManagementBeacon] ....... RSSI = 230 dBm, Rate = Unknown, SSID = tamulink-wpa, Channel = 6",
370,22.2036717,[24DEC6 11EF61],[*BROADCAST],230 (0xE6),WiFi,"WiFi:[ ManagementBeacon] ....... RSSI = 230 dBm, Rate = Unknown, SSID = tamulink-wpa, Channel = 6",
371,22.3060416,[24DEC6 11EF61],[*BROADCAST],230 (0xE6),WiFi,"WiFi:[ ManagementBeacon] ....... RSSI = 230 dBm, Rate = Unknown, SSID = tamulink-wpa, Channel = 6",
372,22.4086496,[24DEC6 11EF61],[*BROADCAST],229 (0xE5),WiFi,"WiFi:[ ManagementBeacon] ....... RSSI = 229 dBm, Rate = Unknown, SSID = tamulink-wpa, Channel = 6",
373,22.4396803,[B019C6 A69D97],[*BROADCAST],229 (0xE5),WiFi,"WiFi:[ ManagementProbe request] ....... RSSI = 229 dBm, Rate = Unknown, SSID = tamulink-wpa, Channel = 6",
374,22.5109673,[24DEC6 11EF61],[*BROADCAST],229 (0xE5),WiFi,"WiFi:[ ManagementBeacon] ....... RSSI = 229 dBm, Rate = Unknown, SSID = tamulink-wpa, Channel = 6",
375,22.6133111,[24DEC6 11EF61],[*BROADCAST],229 (0xE5),WiFi,"WiFi:[ ManagementBeacon] ....... RSSI = 229 dBm, Rate = Unknown, SSID = tamulink-wpa, Channel = 6",
376,22.7157609,[24DEC6 11EF61],[*BROADCAST],229 (0xE5),WiFi,"WiFi:[ ManagementBeacon] ....... RSSI = 229 dBm, Rate = Unknown, SSID = tamulink-wpa, Channel = 6",
377,22.8181000,[24DEC6 11EF61],[*BROADCAST],229 (0xE5),WiFi,"WiFi:[ ManagementBeacon] ....... RSSI = 229 dBm, Rate = Unknown, SSID = tamulink-wpa, Channel = 6",
378,22.9206289,[24DEC6 11EF61],[*BROADCAST],229 (0xE5),WiFi,"WiFi:[ ManagementBeacon] ....... RSSI = 229 dBm, Rate = Unknown, SSID = tamulink-wpa, Channel = 6",
379,23.0231035,[24DEC6 11EF61],[*BROADCAST],229 (0xE5),WiFi,"WiFi:[ ManagementBeacon] ....... RSSI = 229 dBm, Rate = Unknown, SSID = tamulink-wpa, Channel = 6",
380,23.1253866,[24DEC6 11EF61],[*BROADCAST],229 (0xE5),WiFi,"WiFi:[ ManagementBeacon] ....... RSSI = 229 dBm, Rate = Unknown, SSID = tamulink-wpa, Channel = 6",
381,23.2277765,[24DEC6 11EF61],[*BROADCAST],229 (0xE5),WiFi,"WiFi:[ ManagementBeacon] ....... RSSI = 229 dBm, Rate = Unknown, SSID = tamulink-wpa, Channel = 6",
382,23.3302404,[24DEC6 11EF61],[*BROADCAST],229 (0xE5),WiFi,"WiFi:[ ManagementBeacon] ....... RSSI = 229 dBm, Rate = Unknown, SSID = tamulink-wpa, Channel = 6",
383,23.4326501,[24DEC6 11EF61],[*BROADCAST],229 (0xE5),WiFi,"WiFi:[ ManagementBeacon] ....... RSSI = 229 dBm, Rate = Unknown, SSID = tamulink-wpa, Channel = 6",
384,23.4519929,[404E36 88201D],[*BROADCAST],229 (0xE5),WiFi,"WiFi:[ ManagementProbe request] ....... RSSI = 229 dBm, Rate = Unknown, SSID = BroadCast SSID, Channel = 4",
385,23.5349647,[24DEC6 11EF61],[*BROADCAST],229 (0xE5),WiFi,"WiFi:[ ManagementBeacon] ....... RSSI = 229 dBm, Rate = Unknown, SSID = tamulink-wpa, Channel = 6",
386,23.5554498,[404E36 88201D],[*BROADCAST],229 (0xE5),WiFi,"WiFi:[ ManagementProbe request] ....... RSSI = 229 dBm, Rate = Unknown, SSID = BroadCast SSID, Channel = 5",
387,23.6373423,[24DEC6 11EF61],[*BROADCAST],229 (0xE5),WiFi,"WiFi:[ ManagementBeacon] ....... RSSI = 229 dBm, Rate = Unknown, SSID = tamulink-wpa, Channel = 6",
388,23.6568121,[404E36 88201D],[*BROADCAST],229 (0xE5),WiFi,"WiFi:[ ManagementProbe request] ....... RSSI = 229 dBm, Rate = Unknown, SSID = BroadCast SSID, Channel = 6",
389,23.7398366,[24DEC6 11EF61],[*BROADCAST],229 (0xE5),WiFi,"WiFi:[ ManagementBeacon] ....... RSSI = 229 dBm, Rate = Unknown, SSID = tamulink-wpa, Channel = 6",
390,23.8341220,[48E244 AA232D],[*BROADCAST],229 (0xE5),WiFi,"WiFi:[ ManagementProbe request] ....... RSSI = 229 dBm, Rate = Unknown, SSID = BroadCast SSID",
391,23.8445042,[24DEC6 11EF61],[*BROADCAST],229 (0xE5),WiFi,"WiFi:[ ManagementBeacon] ....... RSSI = 229 dBm, Rate = Unknown, SSID = tamulink-wpa, Channel = 6",
392,23.8621428,[404E36 88201D],[*BROADCAST],229 (0xE5),WiFi,"WiFi:[ ManagementProbe request] ....... RSSI = 229 dBm, Rate = Unknown, SSID = BroadCast SSID, Channel = 8",
393,23.9445746,[24DEC6 11EF61],[*BROADCAST],229 (0xE5),WiFi,"WiFi:[ ManagementBeacon] ....... RSSI = 229 dBm, Rate = Unknown, SSID = tamulink-wpa, Channel = 6",
394,23.9591460,[48E244 AA232D],[*BROADCAST],229 (0xE5),WiFi,"WiFi:[ ManagementProbe request] ....... RSSI = 229 dBm, Rate = Unknown, SSID = BroadCast SSID",
395,24.0469628,[24DEC6 11EF61],[*BROADCAST],229 (0xE5),WiFi,"WiFi:[ ManagementBeacon] ....... RSSI = 229 dBm, Rate = Unknown, SSID = tamulink-wpa, Channel = 6",
396,24.1464986,[48E244 AA232D],[*BROADCAST],229 (0xE5),WiFi,"WiFi:[ ManagementProbe request] ....... RSSI = 229 dBm, Rate = Unknown, SSID = BroadCast SSID",
397,24.1514414,[24DEC6 11EF61],[*BROADCAST],229 (0xE5),WiFi,"WiFi:[ ManagementBeacon] ....... RSSI = 229 dBm, Rate = Unknown, SSID = tamulink-wpa, Channel = 6",
398,24.2087673,[48E244 AA232D],[*BROADCAST],229 (0xE5),WiFi,"WiFi:[ ManagementProbe request] ....... RSSI = 229 dBm, Rate = Unknown, SSID = BroadCast SSID",
399,24.2387309,[48E244 AA232D],[*BROADCAST],229 (0xE5),WiFi,"WiFi:[ ManagementProbe request] ....... RSSI = 229 dBm, Rate = Unknown, SSID = BroadCast SSID",
400,24.2516379,[24DEC6 11EF61],[*BROADCAST],229 (0xE5),WiFi,"WiFi:[ ManagementBeacon] ....... RSSI = 229 dBm, Rate = Unknown, SSID = tamulink-wpa, Channel = 6",
401,24.2714336,[48E244 AA232D],[*BROADCAST],229 (0xE5),WiFi,"WiFi:[ ManagementProbe request] ....... RSSI = 229 dBm, Rate = Unknown, SSID = BroadCast SSID",
402,24.3011377,[48E244 AA232D],[*BROADCAST],229 (0xE5),WiFi,"WiFi:[ ManagementProbe request] ....... RSSI = 229 dBm, Rate = Unknown, SSID = BroadCast SSID",
403,24.3540907,[24DEC6 11EF61],[*BROADCAST],229 (0xE5),WiFi,"WiFi:[ ManagementBeacon] ....... RSSI = 229 dBm, Rate = Unknown, SSID = tamulink-wpa, Channel = 6",
404,24.4177578,[9801A7 2A041F],[*BROADCAST],229 (0xE5),WiFi,"WiFi:[ ManagementProbe request] ....... RSSI = 229 dBm, Rate = Unknown, SSID = tamulink-wpa, Channel = 4",
405,24.4566543,[24DEC6 11EF61],[*BROADCAST],229 (0xE5),WiFi,"WiFi:[ ManagementBeacon] ....... RSSI = 229 dBm, Rate = Unknown, SSID = tamulink-wpa, Channel = 6",
406,24.4844566,[3096FB AF7092],[*BROADCAST],229 (0xE5),WiFi,"WiFi:[ ManagementProbe request] ....... RSSI = 229 dBm, Rate = Unknown, SSID = attwifi, Channel = 4",
407,24.4856814,[3096FB AF7092],[*BROADCAST],229 (0xE5),WiFi,"WiFi:[ ManagementProbe request] ....... RSSI = 229 dBm, Rate = Unknown, SSID = BroadCast SSID, Channel = 4",
408,24.5050700,[3096FB AF7092],[*BROADCAST],229 (0xE5),WiFi,"WiFi:[ ManagementProbe request] ....... RSSI = 229 dBm, Rate = Unknown, SSID = attwifi, Channel = 4",
409,24.5063362,[3096FB AF7092],[*BROADCAST],229 (0xE5),WiFi,"WiFi:[ ManagementProbe request] ....... RSSI = 229 dBm, Rate = Unknown, SSID = BroadCast SSID, Channel = 4",
410,24.5300963,[9801A7 2A041F],[*BROADCAST],229 (0xE5),WiFi,"WiFi:[ ManagementProbe request] ....... RSSI = 229 dBm, Rate = Unknown, SSID = tamulink-wpa, Channel = 6",
411,24.5758733,[3096FB AF7092],[*BROADCAST],229 (0xE5),WiFi,"WiFi:[ ManagementProbe request] ....... RSSI = 229 dBm, Rate = Unknown, SSID = attwifi, Channel = 5",
412,24.5771259,[3096FB AF7092],[*BROADCAST],229 (0xE5),WiFi,"WiFi:[ ManagementProbe request] ....... RSSI = 229 dBm, Rate = Unknown, SSID = BroadCast SSID, Channel = 5",
413,24.5970512,[3096FB AF7092],[*BROADCAST],229 (0xE5),WiFi,"WiFi:[ ManagementProbe request] ....... RSSI = 229 dBm, Rate = Unknown, SSID = attwifi, Channel = 5",
414,24.5983368,[3096FB AF7092],[*BROADCAST],229 (0xE5),WiFi,"WiFi:[ ManagementProbe request] ....... RSSI = 229 dBm, Rate = Unknown, SSID = BroadCast SSID, Channel = 5",
415,24.6413994,[3096FB AF7092],[*BROADCAST],229 (0xE5),WiFi,"WiFi:[ ManagementProbe request] ....... RSSI = 229 dBm, Rate = Unknown, SSID = attwifi, Channel = 6",
416,24.6426978,[3096FB AF7092],[*BROADCAST],229 (0xE5),WiFi,"WiFi:[ ManagementProbe request] ....... RSSI = 229 dBm, Rate = Unknown, SSID = BroadCast SSID, Channel = 6",
417,24.6508681,[648099 9E0B29],[*BROADCAST],229 (0xE5),WiFi,"WiFi:[ ManagementProbe request] ....... RSSI = 229 dBm, Rate = Unknown, SSID = BroadCast SSID",
418,24.6759420,[4CBB58 8A3C8B],[*BROADCAST],229 (0xE5),WiFi,"WiFi:[ ManagementProbe request] ....... RSSI = 229 dBm, Rate = Unknown, SSID = BroadCast SSID",
419,24.7322316,[3096FB AF7092],[*BROADCAST],229 (0xE5),WiFi,"WiFi:[ ManagementProbe request] ....... RSSI = 229 dBm, Rate = Unknown, SSID = attwifi, Channel = 7",
420,24.7334667,[3096FB AF7092],[*BROADCAST],229 (0xE5),WiFi,"WiFi:[ ManagementProbe request] ....... RSSI = 229 dBm, Rate = Unknown, SSID = BroadCast SSID, Channel = 7",
421,24.7543435,[3096FB AF7092],[*BROADCAST],229 (0xE5),WiFi,"WiFi:[ ManagementProbe request] ....... RSSI = 229 dBm, Rate = Unknown, SSID = attwifi, Channel = 8",
422,24.7557210,[3096FB AF7092],[*BROADCAST],229 (0xE5),WiFi,"WiFi:[ ManagementProbe request] ....... RSSI = 229 dBm, Rate = Unknown, SSID = BroadCast SSID, Channel = 8",
423,24.7674233,[24DEC6 11EF61],[*BROADCAST],229 (0xE5),WiFi,"WiFi:[ ManagementBeacon] ....... RSSI = 229 dBm, Rate = Unknown, SSID = tamulink-wpa, Channel = 6",
424,24.8071216,[4CBB58 8A3C8B],[*BROADCAST],229 (0xE5),WiFi,"WiFi:[ ManagementProbe request] ....... RSSI = 229 dBm, Rate = Unknown, SSID = BroadCast SSID",
425,24.8677691,[24DEC6 11EF61],[*BROADCAST],229 (0xE5),WiFi,"WiFi:[ ManagementBeacon] ....... RSSI = 229 dBm, Rate = Unknown, SSID = tamulink-wpa, Channel = 6",
426,24.9686528,[24DEC6 11EF61],[*BROADCAST],229 (0xE5),WiFi,"WiFi:[ ManagementBeacon] ....... RSSI = 229 dBm, Rate = Unknown, SSID = tamulink-wpa, Channel = 6",
427,25.0579736,[4CBB58 8A3C8B],[*BROADCAST],229 (0xE5),WiFi,"WiFi:[ ManagementProbe request] ....... RSSI = 229 dBm, Rate = Unknown, SSID = BroadCast SSID",
428,25.0708516,[24DEC6 11EF61],[*BROADCAST],229 (0xE5),WiFi,"WiFi:[ ManagementBeacon] ....... RSSI = 229 dBm, Rate = Unknown, SSID = tamulink-wpa, Channel = 6",
429,25.0981817,[4CBB58 8A3C8B],[*BROADCAST],229 (0xE5),WiFi,"WiFi:[ ManagementProbe request] ....... RSSI = 229 dBm, Rate = Unknown, SSID = BroadCast SSID",
430,25.1272990,[4CBB58 8A3C8B],[*BROADCAST],229 (0xE5),WiFi,"WiFi:[ ManagementProbe request] ....... RSSI = 229 dBm, Rate = Unknown, SSID = BroadCast SSID",
431,25.1747007,[24DEC6 11EF61],[*BROADCAST],228 (0xE4),WiFi,"WiFi:[ ManagementBeacon] ....... RSSI = 228 dBm, Rate = Unknown, SSID = tamulink-wpa, Channel = 6",
432,25.1898795,[4CBB58 8A3C8B],[*BROADCAST],228 (0xE4),WiFi,"WiFi:[ ManagementProbe request] ....... RSSI = 228 dBm, Rate = Unknown, SSID = BroadCast SSID",
433,25.2757961,[24DEC6 11EF61],[*BROADCAST],228 (0xE4),WiFi,"WiFi:[ ManagementBeacon] ....... RSSI = 228 dBm, Rate = Unknown, SSID = tamulink-wpa, Channel = 6",
434,25.3151173,[F430B9 07F463],[*BROADCAST],228 (0xE4),WiFi,"WiFi:[ ManagementProbe request] ....... RSSI = 228 dBm, Rate = Unknown, SSID = tamulink-wpa, Channel = 6",
435,25.3272708,[F430B9 07F463],[*BROADCAST],228 (0xE4),WiFi,"WiFi:[ ManagementProbe request] ....... RSSI = 228 dBm, Rate = Unknown, SSID = tamulink-wpa, Channel = 7",
436,25.3374520,[F430B9 07F463],[*BROADCAST],228 (0xE4),WiFi,"WiFi:[ ManagementProbe request] ....... RSSI = 228 dBm, Rate = Unknown, SSID = tamulink-wpa, Channel = 7",
437,25.3782263,[24DEC6 11EF61],[*BROADCAST],228 (0xE4),WiFi,"WiFi:[ ManagementBeacon] ....... RSSI = 228 dBm, Rate = Unknown, SSID = tamulink-wpa, Channel = 6",
438,25.3917787,[0071CC 5383E9],[*BROADCAST],228 (0xE4),WiFi,"WiFi:[ ManagementProbe request] ....... RSSI = 228 dBm, Rate = Unknown, SSID = BroadCast SSID",
439,25.4215939,[0071CC 5383E9],[*BROADCAST],228 (0xE4),WiFi,"WiFi:[ ManagementProbe request] ....... RSSI = 228 dBm, Rate = Unknown, SSID = BroadCast SSID",
440,25.4806120,[24DEC6 11EF61],[*BROADCAST],228 (0xE4),WiFi,"WiFi:[ ManagementBeacon] ....... RSSI = 228 dBm, Rate = Unknown, SSID = tamulink-wpa, Channel = 6",
441,25.5168446,[0071CC 5383E9],[*BROADCAST],228 (0xE4),WiFi,"WiFi:[ ManagementProbe request] ....... RSSI = 228 dBm, Rate = Unknown, SSID = BroadCast SSID",
442,25.5465071,[0071CC 5383E9],[*BROADCAST],228 (0xE4),WiFi,"WiFi:[ ManagementProbe request] ....... RSSI = 228 dBm, Rate = Unknown, SSID = BroadCast SSID",
443,25.5828685,[24DEC6 11EF61],[*BROADCAST],228 (0xE4),WiFi,"WiFi:[ ManagementBeacon] ....... RSSI = 228 dBm, Rate = Unknown, SSID = tamulink-wpa, Channel = 6",
444,25.6854231,[24DEC6 11EF61],[*BROADCAST],228 (0xE4),WiFi,"WiFi:[ ManagementBeacon] ....... RSSI = 228 dBm, Rate = Unknown, SSID = tamulink-wpa, Channel = 6",
445,25.7042737,[0071CC 5383E9],[*BROADCAST],228 (0xE4),WiFi,"WiFi:[ ManagementProbe request] ....... RSSI = 228 dBm, Rate = Unknown, SSID = BroadCast SSID",
446,25.7340718,[0071CC 5383E9],[*BROADCAST],228 (0xE4),WiFi,"WiFi:[ ManagementProbe request] ....... RSSI = 228 dBm, Rate = Unknown, SSID = BroadCast SSID",
447,25.7878327,[24DEC6 11EF61],[*BROADCAST],228 (0xE4),WiFi,"WiFi:[ ManagementBeacon] ....... RSSI = 228 dBm, Rate = Unknown, SSID = tamulink-wpa, Channel = 6",
448,25.7965697,[0071CC 5383E9],[*BROADCAST],228 (0xE4),WiFi,"WiFi:[ ManagementProbe request] ....... RSSI = 228 dBm, Rate = Unknown, SSID = BroadCast SSID",
449,25.8589880,[0071CC 5383E9],[*BROADCAST],228 (0xE4),WiFi,"WiFi:[ ManagementProbe request] ....... RSSI = 228 dBm, Rate = Unknown, SSID = BroadCast SSID",
450,25.8901846,[24DEC6 11EF61],[*BROADCAST],228 (0xE4),WiFi,"WiFi:[ ManagementBeacon] ....... RSSI = 228 dBm, Rate = Unknown, SSID = tamulink-wpa, Channel = 6",
451,25.9926194,[24DEC6 11EF61],[*BROADCAST],228 (0xE4),WiFi,"WiFi:[ ManagementBeacon] ....... RSSI = 228 dBm, Rate = Unknown, SSID = tamulink-wpa, Channel = 6",
452,26.0948388,[24DEC6 11EF61],[*BROADCAST],228 (0xE4),WiFi,"WiFi:[ ManagementBeacon] ....... RSSI = 228 dBm, Rate = Unknown, SSID = tamulink-wpa, Channel = 6",
453,26.1973664,[24DEC6 11EF61],[*BROADCAST],228 (0xE4),WiFi,"WiFi:[ ManagementBeacon] ....... RSSI = 228 dBm, Rate = Unknown, SSID = tamulink-wpa, Channel = 6",
454,26.2996413,[24DEC6 11EF61],[*BROADCAST],228 (0xE4),WiFi,"WiFi:[ ManagementBeacon] ....... RSSI = 228 dBm, Rate = Unknown, SSID = tamulink-wpa, Channel = 6",
455,26.4020856,[24DEC6 11EF61],[*BROADCAST],228 (0xE4),WiFi,"WiFi:[ ManagementBeacon] ....... RSSI = 228 dBm, Rate = Unknown, SSID = tamulink-wpa, Channel = 6",
456,26.5046718,[24DEC6 11EF61],[*BROADCAST],228 (0xE4),WiFi,"WiFi:[ ManagementBeacon] ....... RSSI = 228 dBm, Rate = Unknown, SSID = tamulink-wpa, Channel = 6",
457,26.6068646,[24DEC6 11EF61],[*BROADCAST],228 (0xE4),WiFi,"WiFi:[ ManagementBeacon] ....... RSSI = 228 dBm, Rate = Unknown, SSID = tamulink-wpa, Channel = 6",
458,26.7094581,[24DEC6 11EF61],[*BROADCAST],228 (0xE4),WiFi,"WiFi:[ ManagementBeacon] ....... RSSI = 228 dBm, Rate = Unknown, SSID = tamulink-wpa, Channel = 6",
459,26.8858319,[8E8848 C465E9],[*BROADCAST],228 (0xE4),WiFi,"WiFi:[ ManagementProbe request] ....... RSSI = 228 dBm, Rate = Unknown, SSID = BroadCast SSID, Channel = 4",
460,26.9195521,[24DEC6 11EF61],[*BROADCAST],228 (0xE4),WiFi,"WiFi:[ ManagementBeacon] ....... RSSI = 228 dBm, Rate = Unknown, SSID = tamulink-wpa, Channel = 6",
461,27.0137995,[8E8848 C465E9],[*BROADCAST],228 (0xE4),WiFi,"WiFi:[ ManagementProbe request] ....... RSSI = 228 dBm, Rate = Unknown, SSID = BroadCast SSID, Channel = 6",
462,27.0777304,[8E8848 C465E9],[*BROADCAST],228 (0xE4),WiFi,"WiFi:[ ManagementProbe request] ....... RSSI = 228 dBm, Rate = Unknown, SSID = BroadCast SSID, Channel = 7",
463,27.1188738,[24DEC6 11EF61],[*BROADCAST],228 (0xE4),WiFi,"WiFi:[ ManagementBeacon] ....... RSSI = 228 dBm, Rate = Unknown, SSID = tamulink-wpa, Channel = 6",
464,27.1418525,[8E8848 C465E9],[*BROADCAST],228 (0xE4),WiFi,"WiFi:[ ManagementProbe request] ....... RSSI = 228 dBm, Rate = Unknown, SSID = BroadCast SSID, Channel = 8",
465,27.2214677,[24DEC6 11EF61],[*BROADCAST],228 (0xE4),WiFi,"WiFi:[ ManagementBeacon] ....... RSSI = 228 dBm, Rate = Unknown, SSID = tamulink-wpa, Channel = 6",
466,27.3238577,[24DEC6 11EF61],[*BROADCAST],228 (0xE4),WiFi,"WiFi:[ ManagementBeacon] ....... RSSI = 228 dBm, Rate = Unknown, SSID = tamulink-wpa, Channel = 6",
467,27.4262600,[24DEC6 11EF61],[*BROADCAST],228 (0xE4),WiFi,"WiFi:[ ManagementBeacon] ....... RSSI = 228 dBm, Rate = Unknown, SSID = tamulink-wpa, Channel = 6",
468,27.5286590,[24DEC6 11EF61],[*BROADCAST],228 (0xE4),WiFi,"WiFi:[ ManagementBeacon] ....... RSSI = 228 dBm, Rate = Unknown, SSID = tamulink-wpa, Channel = 6",
469,27.6308351,[24DEC6 11EF61],[*BROADCAST],228 (0xE4),WiFi,"WiFi:[ ManagementBeacon] ....... RSSI = 228 dBm, Rate = Unknown, SSID = tamulink-wpa, Channel = 6",
470,27.7333696,[24DEC6 11EF61],[*BROADCAST],228 (0xE4),WiFi,"WiFi:[ ManagementBeacon] ....... RSSI = 228 dBm, Rate = Unknown, SSID = tamulink-wpa, Channel = 6",
471,27.8358207,[24DEC6 11EF61],[*BROADCAST],228 (0xE4),WiFi,"WiFi:[ ManagementBeacon] ....... RSSI = 228 dBm, Rate = Unknown, SSID = tamulink-wpa, Channel = 6",
472,27.9381858,[24DEC6 11EF61],[*BROADCAST],228 (0xE4),WiFi,"WiFi:[ ManagementBeacon] ....... RSSI = 228 dBm, Rate = Unknown, SSID = tamulink-wpa, Channel = 6",
473,27.9700743,[B8D7AF 121CFC],[*BROADCAST],228 (0xE4),WiFi,"WiFi:[ ManagementProbe request] ....... RSSI = 228 dBm, Rate = Unknown, SSID = BroadCast SSID, Channel = 6",
474,28.0405249,[24DEC6 11EF61],[*BROADCAST],228 (0xE4),WiFi,"WiFi:[ ManagementBeacon] ....... RSSI = 228 dBm, Rate = Unknown, SSID = tamulink-wpa, Channel = 6",
475,28.0797549,[F0D1A9 6A9237],[*BROADCAST],228 (0xE4),WiFi,"WiFi:[ ManagementProbe request] ....... RSSI = 228 dBm, Rate = Unknown, SSID = BroadCast SSID, Channel = 4",
476,28.1020614,[F0D1A9 6A9237],[*BROADCAST],228 (0xE4),WiFi,"WiFi:[ ManagementProbe request] ....... RSSI = 228 dBm, Rate = Unknown, SSID = BroadCast SSID, Channel = 5",
477,28.1450937,[24DEC6 11EF61],[*BROADCAST],228 (0xE4),WiFi,"WiFi:[ ManagementBeacon] ....... RSSI = 228 dBm, Rate = Unknown, SSID = tamulink-wpa, Channel = 6",
478,28.2453215,[24DEC6 11EF61],[*BROADCAST],228 (0xE4),WiFi,"WiFi:[ ManagementBeacon] ....... RSSI = 228 dBm, Rate = Unknown, SSID = tamulink-wpa, Channel = 6",
479,28.3615409,[24DEC6 11EF61],[*BROADCAST],228 (0xE4),WiFi,"WiFi:[ ManagementBeacon] ....... RSSI = 228 dBm, Rate = Unknown, SSID = tamulink-wpa, Channel = 6",
480,28.4502519,[24DEC6 11EF61],[*BROADCAST],228 (0xE4),WiFi,"WiFi:[ ManagementBeacon] ....... RSSI = 228 dBm, Rate = Unknown, SSID = tamulink-wpa, Channel = 6",
481,28.5554045,[24DEC6 11EF61],[*BROADCAST],228 (0xE4),WiFi,"WiFi:[ ManagementBeacon] ....... RSSI = 228 dBm, Rate = Unknown, SSID = tamulink-wpa, Channel = 6",
482,28.6549446,[24DEC6 11EF61],[*BROADCAST],228 (0xE4),WiFi,"WiFi:[ ManagementBeacon] ....... RSSI = 228 dBm, Rate = Unknown, SSID = tamulink-wpa, Channel = 6",
483,28.6582986,[681401 9E5761],[*BROADCAST],228 (0xE4),WiFi,"WiFi:[ ManagementProbe request] ....... RSSI = 228 dBm, Rate = Unknown, SSID = BroadCast SSID, Channel = 6",
484,28.7574093,[24DEC6 11EF61],[*BROADCAST],228 (0xE4),WiFi,"WiFi:[ ManagementBeacon] ....... RSSI = 228 dBm, Rate = Unknown, SSID = tamulink-wpa, Channel = 6",
485,28.8598378,[24DEC6 11EF61],[*BROADCAST],228 (0xE4),WiFi,"WiFi:[ ManagementBeacon] ....... RSSI = 228 dBm, Rate = Unknown, SSID = tamulink-wpa, Channel = 6",
486,28.9621909,[24DEC6 11EF61],[*BROADCAST],228 (0xE4),WiFi,"WiFi:[ ManagementBeacon] ....... RSSI = 228 dBm, Rate = Unknown, SSID = tamulink-wpa, Channel = 6",
487,29.0645711,[24DEC6 11EF61],[*BROADCAST],228 (0xE4),WiFi,"WiFi:[ ManagementBeacon] ....... RSSI = 228 dBm, Rate = Unknown, SSID = tamulink-wpa, Channel = 6",
488,29.1670632,[24DEC6 11EF61],[*BROADCAST],228 (0xE4),WiFi,"WiFi:[ ManagementBeacon] ....... RSSI = 228 dBm, Rate = Unknown, SSID = tamulink-wpa, Channel = 6",
489,29.2693762,[24DEC6 11EF61],[*BROADCAST],228 (0xE4),WiFi,"WiFi:[ ManagementBeacon] ....... RSSI = 228 dBm, Rate = Unknown, SSID = tamulink-wpa, Channel = 6",
490,29.3719830,[24DEC6 11EF61],[*BROADCAST],228 (0xE4),WiFi,"WiFi:[ ManagementBeacon] ....... RSSI = 228 dBm, Rate = Unknown, SSID = tamulink-wpa, Channel = 6",
491,29.4742566,[24DEC6 11EF61],[*BROADCAST],228 (0xE4),WiFi,"WiFi:[ ManagementBeacon] ....... RSSI = 228 dBm, Rate = Unknown, SSID = tamulink-wpa, Channel = 6",
492,29.5764913,[24DEC6 11EF61],[*BROADCAST],228 (0xE4),WiFi,"WiFi:[ ManagementBeacon] ....... RSSI = 228 dBm, Rate = Unknown, SSID = tamulink-wpa, Channel = 6",
493,29.6982754,[56AAED B3D4CB],[*BROADCAST],228 (0xE4),WiFi,"WiFi:[ ManagementProbe request] ....... RSSI = 228 dBm, Rate = Unknown, SSID = TMobileWingman, Channel = 6",
494,29.7819041,[24DEC6 11EF61],[*BROADCAST],228 (0xE4),WiFi,"WiFi:[ ManagementBeacon] ....... RSSI = 228 dBm, Rate = Unknown, SSID = tamulink-wpa, Channel = 6",
495,29.8407216,[80000B C94267],[*BROADCAST],228 (0xE4),WiFi,"WiFi:[ ManagementProbe request] ....... RSSI = 228 dBm, Rate = Unknown, SSID = BroadCast SSID",
496,29.8416736,[80000B C94267],[*BROADCAST],228 (0xE4),WiFi,"WiFi:[ ManagementProbe request] ....... RSSI = 228 dBm, Rate = Unknown, SSID = tamulink-wpa",
497,29.8427397,[80000B C94267],[*BROADCAST],228 (0xE4),WiFi,"WiFi:[ ManagementProbe request] ....... RSSI = 228 dBm, Rate = Unknown, SSID = BroadCast SSID",
498,29.8838638,[24DEC6 11EF61],[*BROADCAST],228 (0xE4),WiFi,"WiFi:[ ManagementBeacon] ....... RSSI = 228 dBm, Rate = Unknown, SSID = tamulink-wpa, Channel = 6",
499,29.9860117,[80000B C94267],[*BROADCAST],228 (0xE4),WiFi,"WiFi:[ ManagementProbe request] ....... RSSI = 228 dBm, Rate = Unknown, SSID = BroadCast SSID",
500,29.9866571,[24DEC6 11EF61],[*BROADCAST],228 (0xE4),WiFi,"WiFi:[ ManagementBeacon] ....... RSSI = 228 dBm, Rate = Unknown, SSID = tamulink-wpa, Channel = 6",
501,29.9877425,[80000B C94267],[*BROADCAST],228 (0xE4),WiFi,"WiFi:[ ManagementProbe request] ....... RSSI = 228 dBm, Rate = Unknown, SSID = tamulink-wpa",
502,30.0152484,[80000B C94267],[*BROADCAST],228 (0xE4),WiFi,"WiFi:[ ManagementProbe request] ....... RSSI = 228 dBm, Rate = Unknown, SSID = BroadCast SSID",
503,30.0162208,[80000B C94267],[*BROADCAST],228 (0xE4),WiFi,"WiFi:[ ManagementProbe request] ....... RSSI = 228 dBm, Rate = Unknown, SSID = tamulink-wpa",
504,30.0170988,[80000B C94267],[*BROADCAST],228 (0xE4),WiFi,"WiFi:[ ManagementProbe request] ....... RSSI = 228 dBm, Rate = Unknown, SSID = BroadCast SSID",
505,30.0595364,[681401 9E5761],[*BROADCAST],228 (0xE4),WiFi,"WiFi:[ ManagementProbe request] ....... RSSI = 228 dBm, Rate = Unknown, SSID = MBTFR, Channel = 6",
506,30.0884723,[24DEC6 11EF61],[*BROADCAST],228 (0xE4),WiFi,"WiFi:[ ManagementBeacon] ....... RSSI = 228 dBm, Rate = Unknown, SSID = tamulink-wpa, Channel = 6",
507,30.1916804,[24DEC6 11EF61],[*BROADCAST],228 (0xE4),WiFi,"WiFi:[ ManagementBeacon] ....... RSSI = 228 dBm, Rate = Unknown, SSID = tamulink-wpa, Channel = 6",
508,30.2202383,[80000B C94267],[*BROADCAST],228 (0xE4),WiFi,"WiFi:[ ManagementProbe request] ....... RSSI = 228 dBm, Rate = Unknown, SSID = BroadCast SSID",
509,30.2211988,[80000B C94267],[*BROADCAST],228 (0xE4),WiFi,"WiFi:[ ManagementProbe request] ....... RSSI = 228 dBm, Rate = Unknown, SSID = tamulink-wpa",
510,30.2230942,[80000B C94267],[*BROADCAST],228 (0xE4),WiFi,"WiFi:[ ManagementProbe request] ....... RSSI = 228 dBm, Rate = Unknown, SSID = BroadCast SSID",
511,30.2934053,[24DEC6 11EF61],[*BROADCAST],228 (0xE4),WiFi,"WiFi:[ ManagementBeacon] ....... RSSI = 228 dBm, Rate = Unknown, SSID = tamulink-wpa, Channel = 6",
512,30.3956747,[24DEC6 11EF61],[*BROADCAST],228 (0xE4),WiFi,"WiFi:[ ManagementBeacon] ....... RSSI = 228 dBm, Rate = Unknown, SSID = tamulink-wpa, Channel = 6",
513,30.3965018,[80000B C94267],[*BROADCAST],228 (0xE4),WiFi,"WiFi:[ ManagementProbe request] ....... RSSI = 228 dBm, Rate = Unknown, SSID = BroadCast SSID",
514,30.4015280,[80000B C94267],[*BROADCAST],228 (0xE4),WiFi,"WiFi:[ ManagementProbe request] ....... RSSI = 228 dBm, Rate = Unknown, SSID = tamulink-wpa",
515,30.4065765,[80000B C94267],[*BROADCAST],228 (0xE4),WiFi,"WiFi:[ ManagementProbe request] ....... RSSI = 228 dBm, Rate = Unknown, SSID = BroadCast SSID",
516,30.4981784,[24DEC6 11EF61],[*BROADCAST],228 (0xE4),WiFi,"WiFi:[ ManagementBeacon] ....... RSSI = 228 dBm, Rate = Unknown, SSID = tamulink-wpa, Channel = 6",
517,30.6004713,[24DEC6 11EF61],[*BROADCAST],229 (0xE5),WiFi,"WiFi:[ ManagementBeacon] ....... RSSI = 229 dBm, Rate = Unknown, SSID = tamulink-wpa, Channel = 6",
518,30.7029912,[24DEC6 11EF61],[*BROADCAST],229 (0xE5),WiFi,"WiFi:[ ManagementBeacon] ....... RSSI = 229 dBm, Rate = Unknown, SSID = tamulink-wpa, Channel = 6",
519,30.8054795,[24DEC6 11EF61],[*BROADCAST],229 (0xE5),WiFi,"WiFi:[ ManagementBeacon] ....... RSSI = 229 dBm, Rate = Unknown, SSID = tamulink-wpa, Channel = 6",
520,30.9078126,[24DEC6 11EF61],[*BROADCAST],229 (0xE5),WiFi,"WiFi:[ ManagementBeacon] ....... RSSI = 229 dBm, Rate = Unknown, SSID = tamulink-wpa, Channel = 6",
521,31.0101658,[24DEC6 11EF61],[*BROADCAST],230 (0xE6),WiFi,"WiFi:[ ManagementBeacon] ....... RSSI = 230 dBm, Rate = Unknown, SSID = tamulink-wpa, Channel = 6",
522,31.0604362,10.231.231.191,239.255.255.250,,SSDP,"SSDP:Request, M-SEARCH * ","{HTTP:12, UDP:11, IPv4:27}"
523,31.1124787,[24DEC6 11EF61],[*BROADCAST],230 (0xE6),WiFi,"WiFi:[ ManagementBeacon] ....... RSSI = 230 dBm, Rate = Unknown, SSID = tamulink-wpa, Channel = 6",
524,31.1172069,[346895 9F0313],[*BROADCAST],230 (0xE6),WiFi,"WiFi:[ ManagementProbe request] ....... RSSI = 230 dBm, Rate = Unknown, SSID = BroadCast SSID",
525,31.1240408,[F04F7C 1B02BC],[*BROADCAST],230 (0xE6),WiFi,"WiFi:[ ManagementProbe request] ....... RSSI = 230 dBm, Rate = Unknown, SSID = BroadCast SSID",
526,31.1572503,[F04F7C 1B02BC],[*BROADCAST],230 (0xE6),WiFi,"WiFi:[ ManagementProbe request] ....... RSSI = 230 dBm, Rate = Unknown, SSID = BroadCast SSID",
527,31.1663333,[9801A7 951843],[*BROADCAST],230 (0xE6),WiFi,"WiFi:[ ManagementProbe request] ....... RSSI = 230 dBm, Rate = Unknown, SSID = BroadCast SSID, Channel = 4",
528,31.1852857,[F04F7C 1B02BC],[*BROADCAST],230 (0xE6),WiFi,"WiFi:[ ManagementProbe request] ....... RSSI = 230 dBm, Rate = Unknown, SSID = BroadCast SSID",
529,31.2107581,[F04F7C 1B02BC],[*BROADCAST],230 (0xE6),WiFi,"WiFi:[ ManagementProbe request] ....... RSSI = 230 dBm, Rate = Unknown, SSID = BroadCast SSID",
530,31.2118345,[9801A7 951843],[*BROADCAST],230 (0xE6),WiFi,"WiFi:[ ManagementProbe request] ....... RSSI = 230 dBm, Rate = Unknown, SSID = BroadCast SSID, Channel = 5",
531,31.2150064,[24DEC6 11EF61],[*BROADCAST],230 (0xE6),WiFi,"WiFi:[ ManagementBeacon] ....... RSSI = 230 dBm, Rate = Unknown, SSID = tamulink-wpa, Channel = 6",
532,31.2329209,[F04F7C 1B02BC],[*BROADCAST],230 (0xE6),WiFi,"WiFi:[ ManagementProbe request] ....... RSSI = 230 dBm, Rate = Unknown, SSID = BroadCast SSID",
533,31.2491273,[9801A7 951843],[*BROADCAST],230 (0xE6),WiFi,"WiFi:[ ManagementProbe request] ....... RSSI = 230 dBm, Rate = Unknown, SSID = BroadCast SSID, Channel = 5",
534,31.2572540,[F04F7C 1B02BC],[*BROADCAST],230 (0xE6),WiFi,"WiFi:[ ManagementProbe request] ....... RSSI = 230 dBm, Rate = Unknown, SSID = BroadCast SSID",
535,31.2700208,[F04F7C 1B02BC],[*BROADCAST],230 (0xE6),WiFi,"WiFi:[ ManagementProbe request] ....... RSSI = 230 dBm, Rate = Unknown, SSID = BroadCast SSID",
536,31.2825327,[F04F7C 1B02BC],[*BROADCAST],230 (0xE6),WiFi,"WiFi:[ ManagementProbe request] ....... RSSI = 230 dBm, Rate = Unknown, SSID = BroadCast SSID",
537,31.2939318,[F04F7C 1B02BC],[*BROADCAST],230 (0xE6),WiFi,"WiFi:[ ManagementProbe request] ....... RSSI = 230 dBm, Rate = Unknown, SSID = BroadCast SSID",
538,31.2990953,[9801A7 951843],[*BROADCAST],230 (0xE6),WiFi,"WiFi:[ ManagementProbe request] ....... RSSI = 230 dBm, Rate = Unknown, SSID = BroadCast SSID, Channel = 6",
539,31.3174832,[24DEC6 11EF61],[*BROADCAST],230 (0xE6),WiFi,"WiFi:[ ManagementBeacon] ....... RSSI = 230 dBm, Rate = Unknown, SSID = tamulink-wpa, Channel = 6",
540,31.3186417,[F04F7C 1B02BC],[*BROADCAST],230 (0xE6),WiFi,"WiFi:[ ManagementProbe request] ....... RSSI = 230 dBm, Rate = Unknown, SSID = BroadCast SSID",
541,31.3333740,[9801A7 951843],[*BROADCAST],230 (0xE6),WiFi,"WiFi:[ ManagementProbe request] ....... RSSI = 230 dBm, Rate = Unknown, SSID = BroadCast SSID, Channel = 6",
542,31.3629754,[F04F7C 1B02BC],[*BROADCAST],230 (0xE6),WiFi,"WiFi:[ ManagementProbe request] ....... RSSI = 230 dBm, Rate = Unknown, SSID = BroadCast SSID",
543,31.3684412,[F04F7C 1B02BC],[*BROADCAST],230 (0xE6),WiFi,"WiFi:[ ManagementProbe request] ....... RSSI = 230 dBm, Rate = Unknown, SSID = BroadCast SSID",
544,31.3769113,[346895 9F0313],[*BROADCAST],230 (0xE6),WiFi,"WiFi:[ ManagementProbe request] ....... RSSI = 230 dBm, Rate = Unknown, SSID = BroadCast SSID",
545,31.3992020,[9801A7 951843],[*BROADCAST],230 (0xE6),WiFi,"WiFi:[ ManagementProbe request] ....... RSSI = 230 dBm, Rate = Unknown, SSID = BroadCast SSID, Channel = 7",
546,31.4203521,[24DEC6 11EF61],[*BROADCAST],230 (0xE6),WiFi,"WiFi:[ ManagementBeacon] ....... RSSI = 230 dBm, Rate = Unknown, SSID = tamulink-wpa, Channel = 6",
547,31.4844810,[9801A7 951843],[*BROADCAST],230 (0xE6),WiFi,"WiFi:[ ManagementProbe request] ....... RSSI = 230 dBm, Rate = Unknown, SSID = BroadCast SSID, Channel = 8",
548,31.5216562,[9801A7 951843],[*BROADCAST],230 (0xE6),WiFi,"WiFi:[ ManagementProbe request] ....... RSSI = 230 dBm, Rate = Unknown, SSID = BroadCast SSID, Channel = 8",
549,31.5223199,[24DEC6 11EF61],[*BROADCAST],230 (0xE6),WiFi,"WiFi:[ ManagementBeacon] ....... RSSI = 230 dBm, Rate = Unknown, SSID = tamulink-wpa, Channel = 6",
550,31.6244593,[24DEC6 11EF61],[*BROADCAST],230 (0xE6),WiFi,"WiFi:[ ManagementBeacon] ....... RSSI = 230 dBm, Rate = Unknown, SSID = tamulink-wpa, Channel = 6",
551,31.7270211,[24DEC6 11EF61],[*BROADCAST],230 (0xE6),WiFi,"WiFi:[ ManagementBeacon] ....... RSSI = 230 dBm, Rate = Unknown, SSID = tamulink-wpa, Channel = 6",
552,31.8294641,[24DEC6 11EF61],[*BROADCAST],231 (0xE7),WiFi,"WiFi:[ ManagementBeacon] ....... RSSI = 231 dBm, Rate = Unknown, SSID = tamulink-wpa, Channel = 6",
553,31.9318750,[24DEC6 11EF61],[*BROADCAST],231 (0xE7),WiFi,"WiFi:[ ManagementBeacon] ....... RSSI = 231 dBm, Rate = Unknown, SSID = tamulink-wpa, Channel = 6",
554,32.0341653,[24DEC6 11EF61],[*BROADCAST],231 (0xE7),WiFi,"WiFi:[ ManagementBeacon] ....... RSSI = 231 dBm, Rate = Unknown, SSID = tamulink-wpa, Channel = 6",
555,32.0613103,10.231.231.191,239.255.255.250,,SSDP,"SSDP:Request, M-SEARCH * ","{HTTP:12, UDP:11, IPv4:27}"
556,32.1365895,[24DEC6 11EF61],[*BROADCAST],231 (0xE7),WiFi,"WiFi:[ ManagementBeacon] ....... RSSI = 231 dBm, Rate = Unknown, SSID = tamulink-wpa, Channel = 6",
557,32.2423784,[24DEC6 11EF61],[*BROADCAST],231 (0xE7),WiFi,"WiFi:[ ManagementBeacon] ....... RSSI = 231 dBm, Rate = Unknown, SSID = tamulink-wpa, Channel = 6",
558,32.3413369,[24DEC6 11EF61],[*BROADCAST],232 (0xE8),WiFi,"WiFi:[ ManagementBeacon] ....... RSSI = 232 dBm, Rate = Unknown, SSID = tamulink-wpa, Channel = 6",
559,32.4437298,[24DEC6 11EF61],[*BROADCAST],232 (0xE8),WiFi,"WiFi:[ ManagementBeacon] ....... RSSI = 232 dBm, Rate = Unknown, SSID = tamulink-wpa, Channel = 6",
560,32.4907979,[60D819 7F1AF1],[*BROADCAST],232 (0xE8),WiFi,"WiFi:[ ManagementProbe request] ....... RSSI = 232 dBm, Rate = Unknown, SSID = BroadCast SSID",
561,32.5461660,[24DEC6 11EF61],[*BROADCAST],232 (0xE8),WiFi,"WiFi:[ ManagementBeacon] ....... RSSI = 232 dBm, Rate = Unknown, SSID = tamulink-wpa, Channel = 6",
562,32.6486166,[24DEC6 11EF61],[*BROADCAST],232 (0xE8),WiFi,"WiFi:[ ManagementBeacon] ....... RSSI = 232 dBm, Rate = Unknown, SSID = tamulink-wpa, Channel = 6",
563,32.7648857,[60D819 7F1AF1],[*BROADCAST],232 (0xE8),WiFi,"WiFi:[ ManagementProbe request] ....... RSSI = 232 dBm, Rate = Unknown, SSID = BroadCast SSID",
564,32.8534059,[24DEC6 11EF61],[*BROADCAST],233 (0xE9),WiFi,"WiFi:[ ManagementBeacon] ....... RSSI = 233 dBm, Rate = Unknown, SSID = tamulink-wpa, Channel = 6",
565,32.9558699,[24DEC6 11EF61],[*BROADCAST],233 (0xE9),WiFi,"WiFi:[ ManagementBeacon] ....... RSSI = 233 dBm, Rate = Unknown, SSID = tamulink-wpa, Channel = 6",
566,33.0581970,[24DEC6 11EF61],[*BROADCAST],233 (0xE9),WiFi,"WiFi:[ ManagementBeacon] ....... RSSI = 233 dBm, Rate = Unknown, SSID = tamulink-wpa, Channel = 6",
567,33.0619744,10.231.231.191,239.255.255.250,,SSDP,"SSDP:Request, M-SEARCH * ","{HTTP:12, UDP:11, IPv4:27}"
568,33.1605809,[24DEC6 11EF61],[*BROADCAST],233 (0xE9),WiFi,"WiFi:[ ManagementBeacon] ....... RSSI = 233 dBm, Rate = Unknown, SSID = tamulink-wpa, Channel = 6",
569,33.2632967,[24DEC6 11EF61],[*BROADCAST],233 (0xE9),WiFi,"WiFi:[ ManagementBeacon] ....... RSSI = 233 dBm, Rate = Unknown, SSID = tamulink-wpa, Channel = 6",
570,33.3653878,[24DEC6 11EF61],[*BROADCAST],233 (0xE9),WiFi,"WiFi:[ ManagementBeacon] ....... RSSI = 233 dBm, Rate = Unknown, SSID = tamulink-wpa, Channel = 6",
571,33.4678893,[24DEC6 11EF61],[*BROADCAST],233 (0xE9),WiFi,"WiFi:[ ManagementBeacon] ....... RSSI = 233 dBm, Rate = Unknown, SSID = tamulink-wpa, Channel = 6",
572,33.5702010,[24DEC6 11EF61],[*BROADCAST],233 (0xE9),WiFi,"WiFi:[ ManagementBeacon] ....... RSSI = 233 dBm, Rate = Unknown, SSID = tamulink-wpa, Channel = 6",
573,33.6429442,[4A7E8E 196484],[*BROADCAST],233 (0xE9),WiFi,"WiFi:[ ManagementProbe request] ....... RSSI = 233 dBm, Rate = Unknown, SSID = TMobileWingman, Channel = 6",
574,33.6634327,[4A7E8E 196484],[*BROADCAST],233 (0xE9),WiFi,"WiFi:[ ManagementProbe request] ....... RSSI = 233 dBm, Rate = Unknown, SSID = TMobileWingman, Channel = 6",
575,33.6651344,[4A7E8E 196484],[*BROADCAST],233 (0xE9),WiFi,"WiFi:[ ManagementProbe request] ....... RSSI = 233 dBm, Rate = Unknown, SSID = BroadCast SSID, Channel = 6",
576,33.6728792,[24DEC6 11EF61],[*BROADCAST],234 (0xEA),WiFi,"WiFi:[ ManagementBeacon] ....... RSSI = 234 dBm, Rate = Unknown, SSID = tamulink-wpa, Channel = 6",
577,33.7749694,[24DEC6 11EF61],[*BROADCAST],234 (0xEA),WiFi,"WiFi:[ ManagementBeacon] ....... RSSI = 234 dBm, Rate = Unknown, SSID = tamulink-wpa, Channel = 6",
578,33.9821954,[24DEC6 11EF61],[*BROADCAST],234 (0xEA),WiFi,"WiFi:[ ManagementBeacon] ....... RSSI = 234 dBm, Rate = Unknown, SSID = tamulink-wpa, Channel = 6",
579,34.0617264,10.231.231.191,239.255.255.250,,SSDP,"SSDP:Request, M-SEARCH * ","{HTTP:12, UDP:11, IPv4:27}"
580,34.1847678,[24DEC6 11EF61],[*BROADCAST],234 (0xEA),WiFi,"WiFi:[ ManagementBeacon] ....... RSSI = 234 dBm, Rate = Unknown, SSID = tamulink-wpa, Channel = 6",
581,34.2870585,[24DEC6 11EF61],[*BROADCAST],234 (0xEA),WiFi,"WiFi:[ ManagementBeacon] ....... RSSI = 234 dBm, Rate = Unknown, SSID = tamulink-wpa, Channel = 6",
582,34.3893989,[24DEC6 11EF61],[*BROADCAST],234 (0xEA),WiFi,"WiFi:[ ManagementBeacon] ....... RSSI = 234 dBm, Rate = Unknown, SSID = tamulink-wpa, Channel = 6",
583,34.4925406,[24DEC6 11EF61],[*BROADCAST],234 (0xEA),WiFi,"WiFi:[ ManagementBeacon] ....... RSSI = 234 dBm, Rate = Unknown, SSID = tamulink-wpa, Channel = 6",
584,34.5940594,[24DEC6 11EF61],[*BROADCAST],234 (0xEA),WiFi,"WiFi:[ ManagementBeacon] ....... RSSI = 234 dBm, Rate = Unknown, SSID = tamulink-wpa, Channel = 6",
585,34.6966423,[24DEC6 11EF61],[*BROADCAST],234 (0xEA),WiFi,"WiFi:[ ManagementBeacon] ....... RSSI = 234 dBm, Rate = Unknown, SSID = tamulink-wpa, Channel = 6",
586,34.7989582,[24DEC6 11EF61],[*BROADCAST],234 (0xEA),WiFi,"WiFi:[ ManagementBeacon] ....... RSSI = 234 dBm, Rate = Unknown, SSID = tamulink-wpa, Channel = 6",
587,34.8613359,[8C4500 7B15A4],[*BROADCAST],234 (0xEA),WiFi,"WiFi:[ ManagementProbe request] ....... RSSI = 234 dBm, Rate = Unknown, SSID = tamulink-wpa, Channel = 6",
588,34.9016582,[8C4500 7B15A4],[*BROADCAST],234 (0xEA),WiFi,"WiFi:[ ManagementProbe request] ....... RSSI = 234 dBm, Rate = Unknown, SSID = tamulink-wpa, Channel = 6",
589,34.9023177,[24DEC6 11EF61],[*BROADCAST],234 (0xEA),WiFi,"WiFi:[ ManagementBeacon] ....... RSSI = 234 dBm, Rate = Unknown, SSID = tamulink-wpa, Channel = 6",
590,35.0038570,[24DEC6 11EF61],[*BROADCAST],234 (0xEA),WiFi,"WiFi:[ ManagementBeacon] ....... RSSI = 234 dBm, Rate = Unknown, SSID = tamulink-wpa, Channel = 6",
591,35.1060896,[24DEC6 11EF61],[*BROADCAST],234 (0xEA),WiFi,"WiFi:[ ManagementBeacon] ....... RSSI = 234 dBm, Rate = Unknown, SSID = tamulink-wpa, Channel = 6",
592,35.2086874,[24DEC6 11EF61],[*BROADCAST],234 (0xEA),WiFi,"WiFi:[ ManagementBeacon] ....... RSSI = 234 dBm, Rate = Unknown, SSID = tamulink-wpa, Channel = 6",
593,35.3110187,[24DEC6 11EF61],[*BROADCAST],234 (0xEA),WiFi,"WiFi:[ ManagementBeacon] ....... RSSI = 234 dBm, Rate = Unknown, SSID = tamulink-wpa, Channel = 6",
594,35.4134981,[24DEC6 11EF61],[*BROADCAST],234 (0xEA),WiFi,"WiFi:[ ManagementBeacon] ....... RSSI = 234 dBm, Rate = Unknown, SSID = tamulink-wpa, Channel = 6",
595,35.5159158,[24DEC6 11EF61],[*BROADCAST],234 (0xEA),WiFi,"WiFi:[ ManagementBeacon] ....... RSSI = 234 dBm, Rate = Unknown, SSID = tamulink-wpa, Channel = 6",
596,35.6180915,[24DEC6 11EF61],[*BROADCAST],234 (0xEA),WiFi,"WiFi:[ ManagementBeacon] ....... RSSI = 234 dBm, Rate = Unknown, SSID = tamulink-wpa, Channel = 6",
597,35.8230018,[24DEC6 11EF61],[*BROADCAST],234 (0xEA),WiFi,"WiFi:[ ManagementBeacon] ....... RSSI = 234 dBm, Rate = Unknown, SSID = tamulink-wpa, Channel = 6",
598,35.9252746,[24DEC6 11EF61],[*BROADCAST],234 (0xEA),WiFi,"WiFi:[ ManagementBeacon] ....... RSSI = 234 dBm, Rate = Unknown, SSID = tamulink-wpa, Channel = 6",
599,36.0276680,[24DEC6 11EF61],[*BROADCAST],234 (0xEA),WiFi,"WiFi:[ ManagementBeacon] ....... RSSI = 234 dBm, Rate = Unknown, SSID = tamulink-wpa, Channel = 6",
