Frame Number,Time Offset,Source,Destination,RSSI (dBm),Protocol Name,Description,,"This data was collected by lifting the computer up, so that the keyboard faced my chest. Otherwise the original position was unaltered."
3,0.0376648,[24DEC6 11EF61],[*BROADCAST],228 (0xE4),WiFi,"WiFi:[ ManagementBeacon] ....... RSSI = 228 dBm, Rate = Unknown, SSID = tamulink-wpa, Channel = 6",,
4,0.1401480,[24DEC6 11EF61],[*BROADCAST],228 (0xE4),WiFi,"WiFi:[ ManagementBeacon] ....... RSSI = 228 dBm, Rate = Unknown, SSID = tamulink-wpa, Channel = 6",,
5,0.2426080,[24DEC6 11EF61],[*BROADCAST],228 (0xE4),WiFi,"WiFi:[ ManagementBeacon] ....... RSSI = 228 dBm, Rate = Unknown, SSID = tamulink-wpa, Channel = 6",,
6,0.3449693,[24DEC6 11EF61],[*BROADCAST],228 (0xE4),WiFi,"WiFi:[ ManagementBeacon] ....... RSSI = 228 dBm, Rate = Unknown, SSID = tamulink-wpa, Channel = 6",,
7,0.4473666,[24DEC6 11EF61],[*BROADCAST],228 (0xE4),WiFi,"WiFi:[ ManagementBeacon] ....... RSSI = 228 dBm, Rate = Unknown, SSID = tamulink-wpa, Channel = 6",,
8,0.4620843,10.231.231.191,64.233.171.125,,TCP,"TCP:[Segment Lost]Flags=...A...., SrcPort=2991, DstPort=5222, PayloadLen=1, Seq=67431773 - 67431774, Ack=1731801523, Win=68","{TCP:2, IPv4:1}",
9,0.4779332,64.233.171.125,10.231.231.191,228 (0xE4),TCP,"TCP:Flags=...A...., SrcPort=5222, DstPort=2991, PayloadLen=0, Seq=1731801523, Ack=67431774, Win=233","{TCP:2, IPv4:1}",
10,0.5496496,[24DEC6 11EF61],[*BROADCAST],228 (0xE4),WiFi,"WiFi:[ ManagementBeacon] ....... RSSI = 228 dBm, Rate = Unknown, SSID = tamulink-wpa, Channel = 6",,
11,0.6521229,[24DEC6 11EF61],[*BROADCAST],228 (0xE4),WiFi,"WiFi:[ ManagementBeacon] ....... RSSI = 228 dBm, Rate = Unknown, SSID = tamulink-wpa, Channel = 6",,
12,0.7546506,[24DEC6 11EF61],[*BROADCAST],228 (0xE4),WiFi,"WiFi:[ ManagementBeacon] ....... RSSI = 228 dBm, Rate = Unknown, SSID = tamulink-wpa, Channel = 6",,
13,0.8379043,[6AF1BC BE804A],[*BROADCAST],228 (0xE4),WiFi,"WiFi:[ ManagementProbe request] ....... RSSI = 228 dBm, Rate = Unknown, SSID = BroadCast SSID, Channel = 4",,
14,0.9018776,[6AF1BC BE804A],[*BROADCAST],228 (0xE4),WiFi,"WiFi:[ ManagementProbe request] ....... RSSI = 228 dBm, Rate = Unknown, SSID = BroadCast SSID, Channel = 5",,
15,0.9594476,[24DEC6 11EF61],[*BROADCAST],228 (0xE4),WiFi,"WiFi:[ ManagementBeacon] ....... RSSI = 228 dBm, Rate = Unknown, SSID = tamulink-wpa, Channel = 6",,
16,0.9659963,[6AF1BC BE804A],[*BROADCAST],228 (0xE4),WiFi,"WiFi:[ ManagementProbe request] ....... RSSI = 228 dBm, Rate = Unknown, SSID = BroadCast SSID, Channel = 6",,
17,1.0297874,[6AF1BC BE804A],[*BROADCAST],228 (0xE4),WiFi,"WiFi:[ ManagementProbe request] ....... RSSI = 228 dBm, Rate = Unknown, SSID = BroadCast SSID, Channel = 7",,
18,1.0616391,[24DEC6 11EF61],[*BROADCAST],228 (0xE4),WiFi,"WiFi:[ ManagementBeacon] ....... RSSI = 228 dBm, Rate = Unknown, SSID = tamulink-wpa, Channel = 6",,
19,1.0936649,[6AF1BC BE804A],[*BROADCAST],228 (0xE4),WiFi,"WiFi:[ ManagementProbe request] ....... RSSI = 228 dBm, Rate = Unknown, SSID = BroadCast SSID, Channel = 8",,
20,1.1642506,[24DEC6 11EF61],[*BROADCAST],228 (0xE4),WiFi,"WiFi:[ ManagementBeacon] ....... RSSI = 228 dBm, Rate = Unknown, SSID = tamulink-wpa, Channel = 6",,
21,1.2666469,[24DEC6 11EF61],[*BROADCAST],228 (0xE4),WiFi,"WiFi:[ ManagementBeacon] ....... RSSI = 228 dBm, Rate = Unknown, SSID = tamulink-wpa, Channel = 6",,
22,1.3758396,[24DEC6 11EF61],[*BROADCAST],228 (0xE4),WiFi,"WiFi:[ ManagementBeacon] ....... RSSI = 228 dBm, Rate = Unknown, SSID = tamulink-wpa, Channel = 6",,
23,1.4713747,[24DEC6 11EF61],[*BROADCAST],228 (0xE4),WiFi,"WiFi:[ ManagementBeacon] ....... RSSI = 228 dBm, Rate = Unknown, SSID = tamulink-wpa, Channel = 6",,
24,1.5321808,[80000B C94267],[*BROADCAST],228 (0xE4),WiFi,"WiFi:[ ManagementProbe request] ....... RSSI = 228 dBm, Rate = Unknown, SSID = tamulink-wpa",,
25,1.5736953,[24DEC6 11EF61],[*BROADCAST],228 (0xE4),WiFi,"WiFi:[ ManagementBeacon] ....... RSSI = 228 dBm, Rate = Unknown, SSID = tamulink-wpa, Channel = 6",,
26,1.6756906,[80000B C94267],[*BROADCAST],228 (0xE4),WiFi,"WiFi:[ ManagementProbe request] ....... RSSI = 228 dBm, Rate = Unknown, SSID = BroadCast SSID",,
27,1.6762008,[24DEC6 11EF61],[*BROADCAST],228 (0xE4),WiFi,"WiFi:[ ManagementBeacon] ....... RSSI = 228 dBm, Rate = Unknown, SSID = tamulink-wpa, Channel = 6",,
28,1.6847055,[80000B C94267],[*BROADCAST],228 (0xE4),WiFi,"WiFi:[ ManagementProbe request] ....... RSSI = 228 dBm, Rate = Unknown, SSID = tamulink-wpa",,
29,1.6856019,[80000B C94267],[*BROADCAST],228 (0xE4),WiFi,"WiFi:[ ManagementProbe request] ....... RSSI = 228 dBm, Rate = Unknown, SSID = BroadCast SSID",,
30,1.7087209,[80000B C94267],[*BROADCAST],228 (0xE4),WiFi,"WiFi:[ ManagementProbe request] ....... RSSI = 228 dBm, Rate = Unknown, SSID = BroadCast SSID",,
31,1.7105359,[80000B C94267],[*BROADCAST],228 (0xE4),WiFi,"WiFi:[ ManagementProbe request] ....... RSSI = 228 dBm, Rate = Unknown, SSID = BroadCast SSID",,
32,1.7785437,[24DEC6 11EF61],[*BROADCAST],228 (0xE4),WiFi,"WiFi:[ ManagementBeacon] ....... RSSI = 228 dBm, Rate = Unknown, SSID = tamulink-wpa, Channel = 6",,
33,1.8809383,[24DEC6 11EF61],[*BROADCAST],228 (0xE4),WiFi,"WiFi:[ ManagementBeacon] ....... RSSI = 228 dBm, Rate = Unknown, SSID = tamulink-wpa, Channel = 6",,
34,1.9108622,[80000B C94267],[*BROADCAST],228 (0xE4),WiFi,"WiFi:[ ManagementProbe request] ....... RSSI = 228 dBm, Rate = Unknown, SSID = BroadCast SSID",,
35,1.9157143,[80000B C94267],[*BROADCAST],228 (0xE4),WiFi,"WiFi:[ ManagementProbe request] ....... RSSI = 228 dBm, Rate = Unknown, SSID = tamulink-wpa",,
36,1.9208518,[80000B C94267],[*BROADCAST],228 (0xE4),WiFi,"WiFi:[ ManagementProbe request] ....... RSSI = 228 dBm, Rate = Unknown, SSID = BroadCast SSID",,
37,2.0859316,[24DEC6 11EF61],[*BROADCAST],228 (0xE4),WiFi,"WiFi:[ ManagementBeacon] ....... RSSI = 228 dBm, Rate = Unknown, SSID = tamulink-wpa, Channel = 6",,
38,2.1881757,[24DEC6 11EF61],[*BROADCAST],228 (0xE4),WiFi,"WiFi:[ ManagementBeacon] ....... RSSI = 228 dBm, Rate = Unknown, SSID = tamulink-wpa, Channel = 6",,
39,2.2905858,[24DEC6 11EF61],[*BROADCAST],228 (0xE4),WiFi,"WiFi:[ ManagementBeacon] ....... RSSI = 228 dBm, Rate = Unknown, SSID = tamulink-wpa, Channel = 6",,
40,2.5977158,[24DEC6 11EF61],[*BROADCAST],228 (0xE4),WiFi,"WiFi:[ ManagementBeacon] ....... RSSI = 228 dBm, Rate = Unknown, SSID = tamulink-wpa, Channel = 6",,
41,2.7001823,[24DEC6 11EF61],[*BROADCAST],228 (0xE4),WiFi,"WiFi:[ ManagementBeacon] ....... RSSI = 228 dBm, Rate = Unknown, SSID = tamulink-wpa, Channel = 6",,
42,2.8025650,[24DEC6 11EF61],[*BROADCAST],228 (0xE4),WiFi,"WiFi:[ ManagementBeacon] ....... RSSI = 228 dBm, Rate = Unknown, SSID = tamulink-wpa, Channel = 6",,
43,2.9050024,[24DEC6 11EF61],[*BROADCAST],228 (0xE4),WiFi,"WiFi:[ ManagementBeacon] ....... RSSI = 228 dBm, Rate = Unknown, SSID = tamulink-wpa, Channel = 6",,
44,3.0073265,[24DEC6 11EF61],[*BROADCAST],228 (0xE4),WiFi,"WiFi:[ ManagementBeacon] ....... RSSI = 228 dBm, Rate = Unknown, SSID = tamulink-wpa, Channel = 6",,
45,3.1096575,[24DEC6 11EF61],[*BROADCAST],228 (0xE4),WiFi,"WiFi:[ ManagementBeacon] ....... RSSI = 228 dBm, Rate = Unknown, SSID = tamulink-wpa, Channel = 6",,
46,3.2122523,[24DEC6 11EF61],[*BROADCAST],228 (0xE4),WiFi,"WiFi:[ ManagementBeacon] ....... RSSI = 228 dBm, Rate = Unknown, SSID = tamulink-wpa, Channel = 6",,
47,3.2532391,10.231.231.191,128.194.254.1,,DNS,"DNS:QueryId = 0xB227, QUERY (Standard query), Query  for clientservices.googleapis.com of type Host Addr on class Internet","{DNS:2, UDP:1, IPv4:32}",
48,3.2551554,128.194.254.1,10.231.231.191,228 (0xE4),DNS,"DNS:QueryId = 0xB227, QUERY (Standard query), Response - Success, 172.217.9.131 ","{DNS:2, UDP:1, IPv4:32}",
49,3.2635396,10.231.231.191,clientservices.googleapis.com,,TCP,"TCP:Flags=......S., SrcPort=3252, DstPort=HTTPS(443), PayloadLen=0, Seq=1979985610, Ack=0, Win=17520 ( Negotiating scale factor 0x8 ) = 17520","{TCP:4, IPv4:3}",
50,3.2738991,clientservices.googleapis.com,10.231.231.191,229 (0xE5),TCP,"TCP:Flags=...A..S., SrcPort=HTTPS(443), DstPort=3252, PayloadLen=0, Seq=29140974, Ack=1979985611, Win=42780 ( Negotiated scale factor 0x8 ) = 10951680","{TCP:4, IPv4:3}",
51,3.2741266,10.231.231.191,clientservices.googleapis.com,,TCP,"TCP:Flags=...A...., SrcPort=3252, DstPort=HTTPS(443), PayloadLen=0, Seq=1979985611, Ack=29140975, Win=68 (scale factor 0x8) = 17408","{TCP:4, IPv4:3}",
52,3.2753694,10.231.231.191,clientservices.googleapis.com,,TLS,TLS:TLS Rec Layer-1 HandShake: Client Hello.,"{TLS:6, SSLVersionSelector:5, TCP:4, IPv4:3}",
53,3.2773255,10.231.231.191,clientservices.googleapis.com,,UDP,"UDP:SrcPort = 52231, DstPort = HTTPS(443), Length = 1358","{UDP:7, IPv4:3}",
54,3.2779661,10.231.231.191,clientservices.googleapis.com,,UDP,"UDP:SrcPort = 52231, DstPort = HTTPS(443), Length = 274","{UDP:7, IPv4:3}",
55,3.2857567,clientservices.googleapis.com,10.231.231.191,229 (0xE5),TCP,"TCP:Flags=...A...., SrcPort=HTTPS(443), DstPort=3252, PayloadLen=0, Seq=29140975, Ack=1979986128, Win=172 (scale factor 0x8) = 44032","{TCP:4, IPv4:3}",
56,3.2932454,clientservices.googleapis.com,10.231.231.191,229 (0xE5),TLS,TLS:TLS Rec Layer-1 HandShake: Server Hello.; TLS Rec Layer-2 HandShake: Certificate.,"{TLS:6, SSLVersionSelector:5, TCP:4, IPv4:3}",
57,3.2937286,clientservices.googleapis.com,10.231.231.191,229 (0xE5),TCP,"TCP:[Continuation to #56]Flags=...AP..., SrcPort=HTTPS(443), DstPort=3252, PayloadLen=1269, Seq=29142361 - 29143630, Ack=1979986128, Win=172 (scale factor 0x8) = 44032","{TCP:4, IPv4:3}",
58,3.2940177,10.231.231.191,clientservices.googleapis.com,,TCP,"TCP:Flags=...A...., SrcPort=3252, DstPort=HTTPS(443), PayloadLen=0, Seq=1979986128, Ack=29143630, Win=68 (scale factor 0x8) = 17408","{TCP:4, IPv4:3}",
59,3.2954080,clientservices.googleapis.com,10.231.231.191,229 (0xE5),UDP,"UDP:SrcPort = HTTPS(443), DstPort = 52231, Length = 1358","{UDP:7, IPv4:3}",
60,3.2964583,10.231.231.191,clientservices.googleapis.com,,TLS,TLS:TLS Rec Layer-1 HandShake: Client Key Exchange.; TLS Rec Layer-2 Cipher Change Spec; TLS Rec Layer-3 HandShake: Encrypted Handshake Message.,"{TLS:6, SSLVersionSelector:5, TCP:4, IPv4:3}",
61,3.3078374,clientservices.googleapis.com,10.231.231.191,229 (0xE5),TLS,TLS:TLS Rec Layer-1 HandShake: Encrypted Handshake Message.; TLS Rec Layer-2 Cipher Change Spec; TLS Rec Layer-3 HandShake: Encrypted Handshake Message.,"{TLS:6, SSLVersionSelector:5, TCP:4, IPv4:3}",
62,3.3081064,clientservices.googleapis.com,10.231.231.191,229 (0xE5),TLS,TLS:TLS Rec Layer-1 SSL Application Data,"{TLS:6, SSLVersionSelector:5, TCP:4, IPv4:3}",
63,3.3082637,10.231.231.191,clientservices.googleapis.com,,TCP,"TCP:Flags=...A...., SrcPort=3252, DstPort=HTTPS(443), PayloadLen=0, Seq=1979986221, Ack=29143929, Win=67 (scale factor 0x8) = 17152","{TCP:4, IPv4:3}",
64,3.3146589,[24DEC6 11EF61],[*BROADCAST],230 (0xE6),WiFi,"WiFi:[ ManagementBeacon] ....... RSSI = 230 dBm, Rate = Unknown, SSID = tamulink-wpa, Channel = 6",,
65,3.3222656,10.231.231.191,clientservices.googleapis.com,,UDP,"UDP:SrcPort = 52231, DstPort = HTTPS(443), Length = 43","{UDP:7, IPv4:3}",
66,3.3990176,10.231.231.191,clientservices.googleapis.com,,UDP,"UDP:SrcPort = 52231, DstPort = HTTPS(443), Length = 270","{UDP:7, IPv4:3}",
67,3.4170561,[24DEC6 11EF61],[*BROADCAST],230 (0xE6),WiFi,"WiFi:[ ManagementBeacon] ....... RSSI = 230 dBm, Rate = Unknown, SSID = tamulink-wpa, Channel = 6",,
68,3.4256319,10.231.231.191,clientservices.googleapis.com,,UDP,"UDP:SrcPort = 52231, DstPort = HTTPS(443), Length = 270","{UDP:7, IPv4:3}",
69,3.4466969,clientservices.googleapis.com,10.231.231.191,230 (0xE6),UDP,"UDP:SrcPort = HTTPS(443), DstPort = 52231, Length = 1345","{UDP:7, IPv4:3}",
70,3.4471335,clientservices.googleapis.com,10.231.231.191,230 (0xE6),UDP,"UDP:SrcPort = HTTPS(443), DstPort = 52231, Length = 1358","{UDP:7, IPv4:3}",
71,3.4471681,10.231.231.191,clientservices.googleapis.com,,UDP,"UDP:SrcPort = 52231, DstPort = HTTPS(443), Length = 46","{UDP:7, IPv4:3}",
72,3.4526336,10.231.231.191,clientservices.googleapis.com,,UDP,"UDP:SrcPort = 52231, DstPort = HTTPS(443), Length = 1358","{UDP:7, IPv4:3}",
73,3.4527965,10.231.231.191,clientservices.googleapis.com,,UDP,"UDP:SrcPort = 52231, DstPort = HTTPS(443), Length = 270","{UDP:7, IPv4:3}",
74,3.4529949,10.231.231.191,clientservices.googleapis.com,,UDP,"UDP:SrcPort = 52231, DstPort = HTTPS(443), Length = 46","{UDP:7, IPv4:3}",
75,3.4586549,10.231.231.191,128.194.254.1,,DNS,"DNS:QueryId = 0x25B, QUERY (Standard query), Query  for www.youtube.com of type Host Addr on class Internet","{DNS:9, UDP:8, IPv4:32}",
76,3.4610417,128.194.254.1,10.231.231.191,230 (0xE6),DNS,"DNS:QueryId = 0x25B, QUERY (Standard query), Response - Success, 172.217.14.174, 172.217.1.238 ... ","{DNS:9, UDP:8, IPv4:32}",
77,3.4626937,clientservices.googleapis.com,10.231.231.191,230 (0xE6),UDP,"UDP:SrcPort = HTTPS(443), DstPort = 52231, Length = 46","{UDP:7, IPv4:3}",
78,3.4704360,clientservices.googleapis.com,10.231.231.191,230 (0xE6),UDP,"UDP:SrcPort = HTTPS(443), DstPort = 52231, Length = 1358","{UDP:7, IPv4:3}",
79,3.4709389,10.231.231.191,172.217.14.174,,UDP,"UDP:SrcPort = 64974, DstPort = HTTPS(443), Length = 1358","{UDP:11, IPv4:10}",
80,3.4711523,clientservices.googleapis.com,10.231.231.191,230 (0xE6),UDP,"UDP:SrcPort = HTTPS(443), DstPort = 52231, Length = 39","{UDP:7, IPv4:3}",
81,3.4716719,10.231.231.191,clientservices.googleapis.com,,UDP,"UDP:SrcPort = 52231, DstPort = HTTPS(443), Length = 49","{UDP:7, IPv4:3}",
82,3.4718023,10.231.231.191,clientservices.googleapis.com,,UDP,"UDP:SrcPort = 52231, DstPort = HTTPS(443), Length = 49","{UDP:7, IPv4:3}",
83,3.4813638,clientservices.googleapis.com,10.231.231.191,230 (0xE6),UDP,"UDP:SrcPort = HTTPS(443), DstPort = 52231, Length = 38","{UDP:7, IPv4:3}",
84,3.4816508,10.231.231.191,clientservices.googleapis.com,,UDP,"UDP:SrcPort = 52231, DstPort = HTTPS(443), Length = 270","{UDP:7, IPv4:3}",
85,3.4899002,172.217.14.174,10.231.231.191,231 (0xE7),UDP,"UDP:SrcPort = HTTPS(443), DstPort = 64974, Length = 1358","{UDP:11, IPv4:10}",
86,3.4908484,10.231.231.191,172.217.14.174,,UDP,"UDP:SrcPort = 64974, DstPort = HTTPS(443), Length = 47","{UDP:11, IPv4:10}",
87,3.4914017,10.231.231.191,172.217.14.174,,UDP,"UDP:SrcPort = 64974, DstPort = HTTPS(443), Length = 1113","{UDP:11, IPv4:10}",
88,3.4915138,172.217.14.174,10.231.231.191,231 (0xE7),UDP,"UDP:SrcPort = HTTPS(443), DstPort = 64974, Length = 39","{UDP:11, IPv4:10}",
89,3.4915202,10.231.231.191,172.217.14.174,,UDP,"UDP:SrcPort = 64974, DstPort = HTTPS(443), Length = 656","{UDP:11, IPv4:10}",
90,3.4923695,clientservices.googleapis.com,10.231.231.191,231 (0xE7),UDP,"UDP:SrcPort = HTTPS(443), DstPort = 52231, Length = 35","{UDP:7, IPv4:3}",
91,3.4973551,10.231.231.191,clientservices.googleapis.com,,UDP,"UDP:SrcPort = 52231, DstPort = HTTPS(443), Length = 49","{UDP:7, IPv4:3}",
92,3.5022235,172.217.14.174,10.231.231.191,231 (0xE7),UDP,"UDP:SrcPort = HTTPS(443), DstPort = 64974, Length = 41","{UDP:11, IPv4:10}",
93,3.5104337,clientservices.googleapis.com,10.231.231.191,231 (0xE7),UDP,"UDP:SrcPort = HTTPS(443), DstPort = 52231, Length = 235","{UDP:7, IPv4:3}",
94,3.5105902,clientservices.googleapis.com,10.231.231.191,232 (0xE8),UDP,"UDP:SrcPort = HTTPS(443), DstPort = 52231, Length = 24","{UDP:7, IPv4:3}",
95,3.5107116,10.231.231.191,clientservices.googleapis.com,,UDP,"UDP:SrcPort = 52231, DstPort = HTTPS(443), Length = 46","{UDP:7, IPv4:3}",
96,3.5183136,10.231.231.191,172.217.14.174,,UDP,"UDP:SrcPort = 64974, DstPort = HTTPS(443), Length = 46","{UDP:11, IPv4:10}",
97,3.5192480,[24DEC6 11EF61],[*BROADCAST],232 (0xE8),WiFi,"WiFi:[ ManagementBeacon] ....... RSSI = 232 dBm, Rate = Unknown, SSID = tamulink-wpa, Channel = 6",,
98,3.5852775,172.217.14.174,10.231.231.191,232 (0xE8),UDP,"UDP:SrcPort = HTTPS(443), DstPort = 64974, Length = 374","{UDP:11, IPv4:10}",
99,3.6113148,10.231.231.191,172.217.14.174,,UDP,"UDP:SrcPort = 64974, DstPort = HTTPS(443), Length = 43","{UDP:11, IPv4:10}",
100,3.6217175,[24DEC6 11EF61],[*BROADCAST],232 (0xE8),WiFi,"WiFi:[ ManagementBeacon] ....... RSSI = 232 dBm, Rate = Unknown, SSID = tamulink-wpa, Channel = 6",,
101,3.7089039,[9801A7 951843],[*BROADCAST],232 (0xE8),WiFi,"WiFi:[ ManagementProbe request] ....... RSSI = 232 dBm, Rate = Unknown, SSID = BroadCast SSID, Channel = 4",,
102,3.7240408,[24DEC6 11EF61],[*BROADCAST],232 (0xE8),WiFi,"WiFi:[ ManagementBeacon] ....... RSSI = 232 dBm, Rate = Unknown, SSID = tamulink-wpa, Channel = 6",,
103,3.7463733,[9801A7 951843],[*BROADCAST],232 (0xE8),WiFi,"WiFi:[ ManagementProbe request] ....... RSSI = 232 dBm, Rate = Unknown, SSID = BroadCast SSID, Channel = 4",,
104,3.7912826,[9801A7 951843],[*BROADCAST],232 (0xE8),WiFi,"WiFi:[ ManagementProbe request] ....... RSSI = 232 dBm, Rate = Unknown, SSID = BroadCast SSID, Channel = 5",,
105,3.8265573,[24DEC6 11EF61],[*BROADCAST],232 (0xE8),WiFi,"WiFi:[ ManagementBeacon] ....... RSSI = 232 dBm, Rate = Unknown, SSID = tamulink-wpa, Channel = 6",,
106,3.8286118,[9801A7 951843],[*BROADCAST],232 (0xE8),WiFi,"WiFi:[ ManagementProbe request] ....... RSSI = 232 dBm, Rate = Unknown, SSID = BroadCast SSID, Channel = 5",,
107,3.8735852,[9801A7 951843],[*BROADCAST],232 (0xE8),WiFi,"WiFi:[ ManagementProbe request] ....... RSSI = 232 dBm, Rate = Unknown, SSID = BroadCast SSID, Channel = 6",,
108,3.9125980,[9801A7 951843],[*BROADCAST],232 (0xE8),WiFi,"WiFi:[ ManagementProbe request] ....... RSSI = 232 dBm, Rate = Unknown, SSID = BroadCast SSID, Channel = 6",,
109,3.9289939,[24DEC6 11EF61],[*BROADCAST],232 (0xE8),WiFi,"WiFi:[ ManagementBeacon] ....... RSSI = 232 dBm, Rate = Unknown, SSID = tamulink-wpa, Channel = 6",,
110,3.9840561,[9801A7 951843],[*BROADCAST],232 (0xE8),WiFi,"WiFi:[ ManagementProbe request] ....... RSSI = 232 dBm, Rate = Unknown, SSID = BroadCast SSID, Channel = 7",,
111,4.0313607,[24DEC6 11EF61],[*BROADCAST],232 (0xE8),WiFi,"WiFi:[ ManagementBeacon] ....... RSSI = 232 dBm, Rate = Unknown, SSID = tamulink-wpa, Channel = 6",,
112,4.0669450,[9801A7 951843],[*BROADCAST],232 (0xE8),WiFi,"WiFi:[ ManagementProbe request] ....... RSSI = 232 dBm, Rate = Unknown, SSID = BroadCast SSID, Channel = 8",,
113,4.1043109,[9801A7 951843],[*BROADCAST],232 (0xE8),WiFi,"WiFi:[ ManagementProbe request] ....... RSSI = 232 dBm, Rate = Unknown, SSID = BroadCast SSID, Channel = 8",,
114,4.1362101,[24DEC6 11EF61],[*BROADCAST],232 (0xE8),WiFi,"WiFi:[ ManagementBeacon] ....... RSSI = 232 dBm, Rate = Unknown, SSID = tamulink-wpa, Channel = 6",,
115,4.2362847,[24DEC6 11EF61],[*BROADCAST],233 (0xE9),WiFi,"WiFi:[ ManagementBeacon] ....... RSSI = 233 dBm, Rate = Unknown, SSID = tamulink-wpa, Channel = 6",,
116,4.3386324,[24DEC6 11EF61],[*BROADCAST],233 (0xE9),WiFi,"WiFi:[ ManagementBeacon] ....... RSSI = 233 dBm, Rate = Unknown, SSID = tamulink-wpa, Channel = 6",,
117,4.4410364,[24DEC6 11EF61],[*BROADCAST],233 (0xE9),WiFi,"WiFi:[ ManagementBeacon] ....... RSSI = 233 dBm, Rate = Unknown, SSID = tamulink-wpa, Channel = 6",,
118,4.5433562,[24DEC6 11EF61],[*BROADCAST],233 (0xE9),WiFi,"WiFi:[ ManagementBeacon] ....... RSSI = 233 dBm, Rate = Unknown, SSID = tamulink-wpa, Channel = 6",,
119,4.6458090,[24DEC6 11EF61],[*BROADCAST],234 (0xEA),WiFi,"WiFi:[ ManagementBeacon] ....... RSSI = 234 dBm, Rate = Unknown, SSID = tamulink-wpa, Channel = 6",,
120,4.7482469,[24DEC6 11EF61],[*BROADCAST],234 (0xEA),WiFi,"WiFi:[ ManagementBeacon] ....... RSSI = 234 dBm, Rate = Unknown, SSID = tamulink-wpa, Channel = 6",,
121,4.7732993,[86B106 EFF8F1],[*BROADCAST],234 (0xEA),WiFi,"WiFi:[ ManagementProbe request] ....... RSSI = 234 dBm, Rate = Unknown, SSID = BroadCast SSID, Channel = 6",,
122,4.8506608,[24DEC6 11EF61],[*BROADCAST],234 (0xEA),WiFi,"WiFi:[ ManagementBeacon] ....... RSSI = 234 dBm, Rate = Unknown, SSID = tamulink-wpa, Channel = 6",,
123,4.9529862,[24DEC6 11EF61],[*BROADCAST],235 (0xEB),WiFi,"WiFi:[ ManagementBeacon] ....... RSSI = 235 dBm, Rate = Unknown, SSID = tamulink-wpa, Channel = 6",,
124,5.0552863,[24DEC6 11EF61],[*BROADCAST],235 (0xEB),WiFi,"WiFi:[ ManagementBeacon] ....... RSSI = 235 dBm, Rate = Unknown, SSID = tamulink-wpa, Channel = 6",,
125,5.1577913,[24DEC6 11EF61],[*BROADCAST],235 (0xEB),WiFi,"WiFi:[ ManagementBeacon] ....... RSSI = 235 dBm, Rate = Unknown, SSID = tamulink-wpa, Channel = 6",,
126,5.2602236,[24DEC6 11EF61],[*BROADCAST],235 (0xEB),WiFi,"WiFi:[ ManagementBeacon] ....... RSSI = 235 dBm, Rate = Unknown, SSID = tamulink-wpa, Channel = 6",,
127,5.3626798,[24DEC6 11EF61],[*BROADCAST],235 (0xEB),WiFi,"WiFi:[ ManagementBeacon] ....... RSSI = 235 dBm, Rate = Unknown, SSID = tamulink-wpa, Channel = 6",,
128,5.4465998,10.231.231.191,64.233.171.125,,TCP,"TCP:[Continuation to #8]Flags=...AP..., SrcPort=2991, DstPort=5222, PayloadLen=30, Seq=67431774 - 67431804, Ack=1731801523, Win=68","{TCP:2, IPv4:1}",
129,5.4650009,[24DEC6 11EF61],[*BROADCAST],235 (0xEB),WiFi,"WiFi:[ ManagementBeacon] ....... RSSI = 235 dBm, Rate = Unknown, SSID = tamulink-wpa, Channel = 6",,
130,5.4650009,64.233.171.125,10.231.231.191,235 (0xEB),TCP,"TCP:Flags=...A...., SrcPort=5222, DstPort=2991, PayloadLen=0, Seq=1731801523, Ack=67431804, Win=233","{TCP:2, IPv4:1}",
131,5.5673045,[24DEC6 11EF61],[*BROADCAST],235 (0xEB),WiFi,"WiFi:[ ManagementBeacon] ....... RSSI = 235 dBm, Rate = Unknown, SSID = tamulink-wpa, Channel = 6",,
132,5.6698030,[24DEC6 11EF61],[*BROADCAST],235 (0xEB),WiFi,"WiFi:[ ManagementBeacon] ....... RSSI = 235 dBm, Rate = Unknown, SSID = tamulink-wpa, Channel = 6",,
133,5.7720724,[24DEC6 11EF61],[*BROADCAST],235 (0xEB),WiFi,"WiFi:[ ManagementBeacon] ....... RSSI = 235 dBm, Rate = Unknown, SSID = tamulink-wpa, Channel = 6",,
134,5.8746343,[24DEC6 11EF61],[*BROADCAST],235 (0xEB),WiFi,"WiFi:[ ManagementBeacon] ....... RSSI = 235 dBm, Rate = Unknown, SSID = tamulink-wpa, Channel = 6",,
135,5.9770473,[24DEC6 11EF61],[*BROADCAST],235 (0xEB),WiFi,"WiFi:[ ManagementBeacon] ....... RSSI = 235 dBm, Rate = Unknown, SSID = tamulink-wpa, Channel = 6",,
136,6.0792427,[24DEC6 11EF61],[*BROADCAST],235 (0xEB),WiFi,"WiFi:[ ManagementBeacon] ....... RSSI = 235 dBm, Rate = Unknown, SSID = tamulink-wpa, Channel = 6",,
137,6.1817528,[24DEC6 11EF61],[*BROADCAST],235 (0xEB),WiFi,"WiFi:[ ManagementBeacon] ....... RSSI = 235 dBm, Rate = Unknown, SSID = tamulink-wpa, Channel = 6",,
138,6.2842650,[24DEC6 11EF61],[*BROADCAST],235 (0xEB),WiFi,"WiFi:[ ManagementBeacon] ....... RSSI = 235 dBm, Rate = Unknown, SSID = tamulink-wpa, Channel = 6",,
139,6.3866597,[24DEC6 11EF61],[*BROADCAST],235 (0xEB),WiFi,"WiFi:[ ManagementBeacon] ....... RSSI = 235 dBm, Rate = Unknown, SSID = tamulink-wpa, Channel = 6",,
140,6.5000271,[20C9D0 B05947],[*BROADCAST],235 (0xEB),WiFi,"WiFi:[ ManagementProbe request] ....... RSSI = 235 dBm, Rate = Unknown, SSID = BroadCast SSID, Channel = 5",,
141,6.5764255,[20C9D0 B05947],[*BROADCAST],235 (0xEB),WiFi,"WiFi:[ ManagementProbe request] ....... RSSI = 235 dBm, Rate = Unknown, SSID = BroadCast SSID, Channel = 6",,
142,6.5912300,[24DEC6 11EF61],[*BROADCAST],235 (0xEB),WiFi,"WiFi:[ ManagementBeacon] ....... RSSI = 235 dBm, Rate = Unknown, SSID = tamulink-wpa, Channel = 6",,
143,6.6937577,[24DEC6 11EF61],[*BROADCAST],236 (0xEC),WiFi,"WiFi:[ ManagementBeacon] ....... RSSI = 236 dBm, Rate = Unknown, SSID = tamulink-wpa, Channel = 6",,
144,6.7962028,[24DEC6 11EF61],[*BROADCAST],236 (0xEC),WiFi,"WiFi:[ ManagementBeacon] ....... RSSI = 236 dBm, Rate = Unknown, SSID = tamulink-wpa, Channel = 6",,
145,6.8986667,[24DEC6 11EF61],[*BROADCAST],236 (0xEC),WiFi,"WiFi:[ ManagementBeacon] ....... RSSI = 236 dBm, Rate = Unknown, SSID = tamulink-wpa, Channel = 6",,
146,7.0010421,[24DEC6 11EF61],[*BROADCAST],236 (0xEC),WiFi,"WiFi:[ ManagementBeacon] ....... RSSI = 236 dBm, Rate = Unknown, SSID = tamulink-wpa, Channel = 6",,
147,7.1033444,[24DEC6 11EF61],[*BROADCAST],236 (0xEC),WiFi,"WiFi:[ ManagementBeacon] ....... RSSI = 236 dBm, Rate = Unknown, SSID = tamulink-wpa, Channel = 6",,
148,7.2057951,[24DEC6 11EF61],[*BROADCAST],236 (0xEC),WiFi,"WiFi:[ ManagementBeacon] ....... RSSI = 236 dBm, Rate = Unknown, SSID = tamulink-wpa, Channel = 6",,
149,7.3081923,[24DEC6 11EF61],[*BROADCAST],236 (0xEC),WiFi,"WiFi:[ ManagementBeacon] ....... RSSI = 236 dBm, Rate = Unknown, SSID = tamulink-wpa, Channel = 6",,
150,7.4106503,[24DEC6 11EF61],[*BROADCAST],236 (0xEC),WiFi,"WiFi:[ ManagementBeacon] ....... RSSI = 236 dBm, Rate = Unknown, SSID = tamulink-wpa, Channel = 6",,
151,7.5129791,[24DEC6 11EF61],[*BROADCAST],236 (0xEC),WiFi,"WiFi:[ ManagementBeacon] ....... RSSI = 236 dBm, Rate = Unknown, SSID = tamulink-wpa, Channel = 6",,
152,7.6152719,[24DEC6 11EF61],[*BROADCAST],236 (0xEC),WiFi,"WiFi:[ ManagementBeacon] ....... RSSI = 236 dBm, Rate = Unknown, SSID = tamulink-wpa, Channel = 6",,
153,7.7177068,[24DEC6 11EF61],[*BROADCAST],236 (0xEC),WiFi,"WiFi:[ ManagementBeacon] ....... RSSI = 236 dBm, Rate = Unknown, SSID = tamulink-wpa, Channel = 6",,
154,7.8200689,[24DEC6 11EF61],[*BROADCAST],236 (0xEC),WiFi,"WiFi:[ ManagementBeacon] ....... RSSI = 236 dBm, Rate = Unknown, SSID = tamulink-wpa, Channel = 6",,
155,7.9226004,[24DEC6 11EF61],[*BROADCAST],236 (0xEC),WiFi,"WiFi:[ ManagementBeacon] ....... RSSI = 236 dBm, Rate = Unknown, SSID = tamulink-wpa, Channel = 6",,
156,8.0266086,[24DEC6 11EF61],[*BROADCAST],236 (0xEC),WiFi,"WiFi:[ ManagementBeacon] ....... RSSI = 236 dBm, Rate = Unknown, SSID = tamulink-wpa, Channel = 6",,
157,8.1274227,[24DEC6 11EF61],[*BROADCAST],236 (0xEC),WiFi,"WiFi:[ ManagementBeacon] ....... RSSI = 236 dBm, Rate = Unknown, SSID = tamulink-wpa, Channel = 6",,
158,8.2298622,[24DEC6 11EF61],[*BROADCAST],236 (0xEC),WiFi,"WiFi:[ ManagementBeacon] ....... RSSI = 236 dBm, Rate = Unknown, SSID = tamulink-wpa, Channel = 6",,
159,8.3321735,[24DEC6 11EF61],[*BROADCAST],236 (0xEC),WiFi,"WiFi:[ ManagementBeacon] ....... RSSI = 236 dBm, Rate = Unknown, SSID = tamulink-wpa, Channel = 6",,
160,8.5369709,[24DEC6 11EF61],[*BROADCAST],236 (0xEC),WiFi,"WiFi:[ ManagementBeacon] ....... RSSI = 236 dBm, Rate = Unknown, SSID = tamulink-wpa, Channel = 6",,
161,8.6394562,[24DEC6 11EF61],[*BROADCAST],236 (0xEC),WiFi,"WiFi:[ ManagementBeacon] ....... RSSI = 236 dBm, Rate = Unknown, SSID = tamulink-wpa, Channel = 6",,
162,8.7417303,[24DEC6 11EF61],[*BROADCAST],236 (0xEC),WiFi,"WiFi:[ ManagementBeacon] ....... RSSI = 236 dBm, Rate = Unknown, SSID = tamulink-wpa, Channel = 6",,
163,8.8442216,[24DEC6 11EF61],[*BROADCAST],236 (0xEC),WiFi,"WiFi:[ ManagementBeacon] ....... RSSI = 236 dBm, Rate = Unknown, SSID = tamulink-wpa, Channel = 6",,
164,8.9466158,[24DEC6 11EF61],[*BROADCAST],236 (0xEC),WiFi,"WiFi:[ ManagementBeacon] ....... RSSI = 236 dBm, Rate = Unknown, SSID = tamulink-wpa, Channel = 6",,
165,9.0489754,[24DEC6 11EF61],[*BROADCAST],236 (0xEC),WiFi,"WiFi:[ ManagementBeacon] ....... RSSI = 236 dBm, Rate = Unknown, SSID = tamulink-wpa, Channel = 6",,
166,9.1447936,[F0D7AA 71D1D8],[*BROADCAST],236 (0xEC),WiFi,"WiFi:[ ManagementProbe request] ....... RSSI = 236 dBm, Rate = Unknown, SSID = BroadCast SSID, Channel = 4",,
167,9.1523177,[24DEC6 11EF61],[*BROADCAST],236 (0xEC),WiFi,"WiFi:[ ManagementBeacon] ....... RSSI = 236 dBm, Rate = Unknown, SSID = tamulink-wpa, Channel = 6",,
168,9.1655874,[F0D7AA 71D1D8],[*BROADCAST],236 (0xEC),WiFi,"WiFi:[ ManagementProbe request] ....... RSSI = 236 dBm, Rate = Unknown, SSID = BroadCast SSID, Channel = 4",,
169,9.1996176,[F0D7AA 71D1D8],[*BROADCAST],236 (0xEC),WiFi,"WiFi:[ ManagementProbe request] ....... RSSI = 236 dBm, Rate = Unknown, SSID = BroadCast SSID, Channel = 5",,
170,9.2538053,[24DEC6 11EF61],[*BROADCAST],236 (0xEC),WiFi,"WiFi:[ ManagementBeacon] ....... RSSI = 236 dBm, Rate = Unknown, SSID = tamulink-wpa, Channel = 6",,
171,9.3562714,[24DEC6 11EF61],[*BROADCAST],236 (0xEC),WiFi,"WiFi:[ ManagementBeacon] ....... RSSI = 236 dBm, Rate = Unknown, SSID = tamulink-wpa, Channel = 6",,
172,9.5608665,[24DEC6 11EF61],[*BROADCAST],236 (0xEC),WiFi,"WiFi:[ ManagementBeacon] ....... RSSI = 236 dBm, Rate = Unknown, SSID = tamulink-wpa, Channel = 6",,
173,9.6634682,[24DEC6 11EF61],[*BROADCAST],236 (0xEC),WiFi,"WiFi:[ ManagementBeacon] ....... RSSI = 236 dBm, Rate = Unknown, SSID = tamulink-wpa, Channel = 6",,
174,9.7656905,[24DEC6 11EF61],[*BROADCAST],236 (0xEC),WiFi,"WiFi:[ ManagementBeacon] ....... RSSI = 236 dBm, Rate = Unknown, SSID = tamulink-wpa, Channel = 6",,
175,9.8681519,[24DEC6 11EF61],[*BROADCAST],236 (0xEC),WiFi,"WiFi:[ ManagementBeacon] ....... RSSI = 236 dBm, Rate = Unknown, SSID = tamulink-wpa, Channel = 6",,
176,9.9705743,[24DEC6 11EF61],[*BROADCAST],236 (0xEC),WiFi,"WiFi:[ ManagementBeacon] ....... RSSI = 236 dBm, Rate = Unknown, SSID = tamulink-wpa, Channel = 6",,
177,10.0734501,[24DEC6 11EF61],[*BROADCAST],236 (0xEC),WiFi,"WiFi:[ ManagementBeacon] ....... RSSI = 236 dBm, Rate = Unknown, SSID = tamulink-wpa, Channel = 6",,
178,10.1759688,[24DEC6 11EF61],[*BROADCAST],236 (0xEC),WiFi,"WiFi:[ ManagementBeacon] ....... RSSI = 236 dBm, Rate = Unknown, SSID = tamulink-wpa, Channel = 6",,
179,10.2783998,[24DEC6 11EF61],[*BROADCAST],236 (0xEC),WiFi,"WiFi:[ ManagementBeacon] ....... RSSI = 236 dBm, Rate = Unknown, SSID = tamulink-wpa, Channel = 6",,
180,10.3808539,[24DEC6 11EF61],[*BROADCAST],236 (0xEC),WiFi,"WiFi:[ ManagementBeacon] ....... RSSI = 236 dBm, Rate = Unknown, SSID = tamulink-wpa, Channel = 6",,
181,10.4831698,[24DEC6 11EF61],[*BROADCAST],236 (0xEC),WiFi,"WiFi:[ ManagementBeacon] ....... RSSI = 236 dBm, Rate = Unknown, SSID = tamulink-wpa, Channel = 6",,
182,10.5791116,[F04F7C 1B02BC],[*BROADCAST],236 (0xEC),WiFi,"WiFi:[ ManagementProbe request] ....... RSSI = 236 dBm, Rate = Unknown, SSID = BroadCast SSID",,
183,10.5854238,[24DEC6 11EF61],[*BROADCAST],236 (0xEC),WiFi,"WiFi:[ ManagementBeacon] ....... RSSI = 236 dBm, Rate = Unknown, SSID = tamulink-wpa, Channel = 6",,
184,10.6009447,[F04F7C 1B02BC],[*BROADCAST],236 (0xEC),WiFi,"WiFi:[ ManagementProbe request] ....... RSSI = 236 dBm, Rate = Unknown, SSID = BroadCast SSID",,
185,10.6118653,[F04F7C 1B02BC],[*BROADCAST],236 (0xEC),WiFi,"WiFi:[ ManagementProbe request] ....... RSSI = 236 dBm, Rate = Unknown, SSID = BroadCast SSID",,
186,10.6229073,[F04F7C 1B02BC],[*BROADCAST],236 (0xEC),WiFi,"WiFi:[ ManagementProbe request] ....... RSSI = 236 dBm, Rate = Unknown, SSID = BroadCast SSID",,
187,10.6440296,[F04F7C 1B02BC],[*BROADCAST],236 (0xEC),WiFi,"WiFi:[ ManagementProbe request] ....... RSSI = 236 dBm, Rate = Unknown, SSID = BroadCast SSID",,
188,10.6564902,[F04F7C 1B02BC],[*BROADCAST],236 (0xEC),WiFi,"WiFi:[ ManagementProbe request] ....... RSSI = 236 dBm, Rate = Unknown, SSID = BroadCast SSID",,
189,10.6807771,[F04F7C 1B02BC],[*BROADCAST],236 (0xEC),WiFi,"WiFi:[ ManagementProbe request] ....... RSSI = 236 dBm, Rate = Unknown, SSID = BroadCast SSID",,
190,10.6879194,[24DEC6 11EF61],[*BROADCAST],236 (0xEC),WiFi,"WiFi:[ ManagementBeacon] ....... RSSI = 236 dBm, Rate = Unknown, SSID = tamulink-wpa, Channel = 6",,
191,10.6904759,[F04F7C 1B02BC],[*BROADCAST],236 (0xEC),WiFi,"WiFi:[ ManagementProbe request] ....... RSSI = 236 dBm, Rate = Unknown, SSID = BroadCast SSID",,
192,10.7012947,[F04F7C 1B02BC],[*BROADCAST],236 (0xEC),WiFi,"WiFi:[ ManagementProbe request] ....... RSSI = 236 dBm, Rate = Unknown, SSID = BroadCast SSID",,
193,10.7175332,[F04F7C 1B02BC],[*BROADCAST],236 (0xEC),WiFi,"WiFi:[ ManagementProbe request] ....... RSSI = 236 dBm, Rate = Unknown, SSID = BroadCast SSID",,
194,10.7283328,[F04F7C 1B02BC],[*BROADCAST],236 (0xEC),WiFi,"WiFi:[ ManagementProbe request] ....... RSSI = 236 dBm, Rate = Unknown, SSID = BroadCast SSID",,
195,10.7448804,[F04F7C 1B02BC],[*BROADCAST],236 (0xEC),WiFi,"WiFi:[ ManagementProbe request] ....... RSSI = 236 dBm, Rate = Unknown, SSID = BroadCast SSID",,
196,10.7515069,[F04F7C 1B02BC],[*BROADCAST],236 (0xEC),WiFi,"WiFi:[ ManagementProbe request] ....... RSSI = 236 dBm, Rate = Unknown, SSID = BroadCast SSID",,
197,10.7984284,[F04F7C 1B02BC],[*BROADCAST],236 (0xEC),WiFi,"WiFi:[ ManagementProbe request] ....... RSSI = 236 dBm, Rate = Unknown, SSID = BroadCast SSID",,
198,10.8093665,[F04F7C 1B02BC],[*BROADCAST],236 (0xEC),WiFi,"WiFi:[ ManagementProbe request] ....... RSSI = 236 dBm, Rate = Unknown, SSID = BroadCast SSID",,
199,10.8125033,[F04F7C 1B02BC],[*BROADCAST],236 (0xEC),WiFi,"WiFi:[ ManagementProbe request] ....... RSSI = 236 dBm, Rate = Unknown, SSID = BroadCast SSID",,
200,10.8235000,[F04F7C 1B02BC],[*BROADCAST],236 (0xEC),WiFi,"WiFi:[ ManagementProbe request] ....... RSSI = 236 dBm, Rate = Unknown, SSID = BroadCast SSID",,
201,10.8343740,[F04F7C 1B02BC],[*BROADCAST],236 (0xEC),WiFi,"WiFi:[ ManagementProbe request] ....... RSSI = 236 dBm, Rate = Unknown, SSID = BroadCast SSID",,
202,10.8670969,[F04F7C 1B02BC],[*BROADCAST],236 (0xEC),WiFi,"WiFi:[ ManagementProbe request] ....... RSSI = 236 dBm, Rate = Unknown, SSID = BroadCast SSID",,
203,10.8928233,[24DEC6 11EF61],[*BROADCAST],236 (0xEC),WiFi,"WiFi:[ ManagementBeacon] ....... RSSI = 236 dBm, Rate = Unknown, SSID = tamulink-wpa, Channel = 6",,
204,11.0976742,[24DEC6 11EF61],[*BROADCAST],236 (0xEC),WiFi,"WiFi:[ ManagementBeacon] ....... RSSI = 236 dBm, Rate = Unknown, SSID = tamulink-wpa, Channel = 6",,
205,11.1575463,[80000B C94267],[*BROADCAST],236 (0xEC),WiFi,"WiFi:[ ManagementProbe request] ....... RSSI = 236 dBm, Rate = Unknown, SSID = BroadCast SSID",,
206,11.1611736,[80000B C94267],[*BROADCAST],236 (0xEC),WiFi,"WiFi:[ ManagementProbe request] ....... RSSI = 236 dBm, Rate = Unknown, SSID = BroadCast SSID",,
207,11.1999748,[24DEC6 11EF61],[*BROADCAST],236 (0xEC),WiFi,"WiFi:[ ManagementBeacon] ....... RSSI = 236 dBm, Rate = Unknown, SSID = tamulink-wpa, Channel = 6",,
208,11.3019255,[80000B C94267],[*BROADCAST],236 (0xEC),WiFi,"WiFi:[ ManagementProbe request] ....... RSSI = 236 dBm, Rate = Unknown, SSID = BroadCast SSID",,
209,11.3042780,[80000B C94267],[*BROADCAST],236 (0xEC),WiFi,"WiFi:[ ManagementProbe request] ....... RSSI = 236 dBm, Rate = Unknown, SSID = tamulink-wpa",,
210,11.3051342,[80000B C94267],[*BROADCAST],236 (0xEC),WiFi,"WiFi:[ ManagementProbe request] ....... RSSI = 236 dBm, Rate = Unknown, SSID = BroadCast SSID",,
211,11.3321479,[80000B C94267],[*BROADCAST],236 (0xEC),WiFi,"WiFi:[ ManagementProbe request] ....... RSSI = 236 dBm, Rate = Unknown, SSID = BroadCast SSID",,
212,11.3373618,[80000B C94267],[*BROADCAST],236 (0xEC),WiFi,"WiFi:[ ManagementProbe request] ....... RSSI = 236 dBm, Rate = Unknown, SSID = tamulink-wpa",,
213,11.3382950,[80000B C94267],[*BROADCAST],236 (0xEC),WiFi,"WiFi:[ ManagementProbe request] ....... RSSI = 236 dBm, Rate = Unknown, SSID = BroadCast SSID",,
214,11.4048415,[24DEC6 11EF61],[*BROADCAST],236 (0xEC),WiFi,"WiFi:[ ManagementBeacon] ....... RSSI = 236 dBm, Rate = Unknown, SSID = tamulink-wpa, Channel = 6",,
215,11.5071912,[24DEC6 11EF61],[*BROADCAST],236 (0xEC),WiFi,"WiFi:[ ManagementBeacon] ....... RSSI = 236 dBm, Rate = Unknown, SSID = tamulink-wpa, Channel = 6",,
216,11.5368803,[80000B C94267],[*BROADCAST],236 (0xEC),WiFi,"WiFi:[ ManagementProbe request] ....... RSSI = 236 dBm, Rate = Unknown, SSID = BroadCast SSID",,
217,11.5428136,[80000B C94267],[*BROADCAST],236 (0xEC),WiFi,"WiFi:[ ManagementProbe request] ....... RSSI = 236 dBm, Rate = Unknown, SSID = tamulink-wpa",,
218,11.5436702,[80000B C94267],[*BROADCAST],236 (0xEC),WiFi,"WiFi:[ ManagementProbe request] ....... RSSI = 236 dBm, Rate = Unknown, SSID = BroadCast SSID",,
219,11.6095628,[24DEC6 11EF61],[*BROADCAST],236 (0xEC),WiFi,"WiFi:[ ManagementBeacon] ....... RSSI = 236 dBm, Rate = Unknown, SSID = tamulink-wpa, Channel = 6",,
220,11.7169640,[80000B C94267],[*BROADCAST],236 (0xEC),WiFi,"WiFi:[ ManagementProbe request] ....... RSSI = 236 dBm, Rate = Unknown, SSID = tamulink-wpa",,
221,11.8142323,[24DEC6 11EF61],[*BROADCAST],236 (0xEC),WiFi,"WiFi:[ ManagementBeacon] ....... RSSI = 236 dBm, Rate = Unknown, SSID = tamulink-wpa, Channel = 6",,
222,11.9166603,[24DEC6 11EF61],[*BROADCAST],236 (0xEC),WiFi,"WiFi:[ ManagementBeacon] ....... RSSI = 236 dBm, Rate = Unknown, SSID = tamulink-wpa, Channel = 6",,
223,12.0191546,[24DEC6 11EF61],[*BROADCAST],236 (0xEC),WiFi,"WiFi:[ ManagementBeacon] ....... RSSI = 236 dBm, Rate = Unknown, SSID = tamulink-wpa, Channel = 6",,
224,12.1216528,[24DEC6 11EF61],[*BROADCAST],236 (0xEC),WiFi,"WiFi:[ ManagementBeacon] ....... RSSI = 236 dBm, Rate = Unknown, SSID = tamulink-wpa, Channel = 6",,
225,12.3264451,[24DEC6 11EF61],[*BROADCAST],236 (0xEC),WiFi,"WiFi:[ ManagementBeacon] ....... RSSI = 236 dBm, Rate = Unknown, SSID = tamulink-wpa, Channel = 6",,
226,12.4288466,[24DEC6 11EF61],[*BROADCAST],236 (0xEC),WiFi,"WiFi:[ ManagementBeacon] ....... RSSI = 236 dBm, Rate = Unknown, SSID = tamulink-wpa, Channel = 6",,
227,12.4920433,[100BA9 EFDA1C],[*BROADCAST],236 (0xEC),WiFi,"WiFi:[ ManagementProbe request] ....... RSSI = 236 dBm, Rate = Unknown, SSID = BroadCast SSID",,
228,12.5018498,[100BA9 EFDA1C],[*BROADCAST],236 (0xEC),WiFi,"WiFi:[ ManagementProbe request] ....... RSSI = 236 dBm, Rate = Unknown, SSID = tamulink-wpa",,
229,12.5313849,[24DEC6 11EF61],[*BROADCAST],236 (0xEC),WiFi,"WiFi:[ ManagementBeacon] ....... RSSI = 236 dBm, Rate = Unknown, SSID = tamulink-wpa, Channel = 6",,
230,12.6335474,[24DEC6 11EF61],[*BROADCAST],236 (0xEC),WiFi,"WiFi:[ ManagementBeacon] ....... RSSI = 236 dBm, Rate = Unknown, SSID = tamulink-wpa, Channel = 6",,
231,12.7359493,[24DEC6 11EF61],[*BROADCAST],236 (0xEC),WiFi,"WiFi:[ ManagementBeacon] ....... RSSI = 236 dBm, Rate = Unknown, SSID = tamulink-wpa, Channel = 6",,
232,12.8383709,[24DEC6 11EF61],[*BROADCAST],236 (0xEC),WiFi,"WiFi:[ ManagementBeacon] ....... RSSI = 236 dBm, Rate = Unknown, SSID = tamulink-wpa, Channel = 6",,
233,12.9408130,[24DEC6 11EF61],[*BROADCAST],236 (0xEC),WiFi,"WiFi:[ ManagementBeacon] ....... RSSI = 236 dBm, Rate = Unknown, SSID = tamulink-wpa, Channel = 6",,
234,13.0430640,[24DEC6 11EF61],[*BROADCAST],236 (0xEC),WiFi,"WiFi:[ ManagementBeacon] ....... RSSI = 236 dBm, Rate = Unknown, SSID = tamulink-wpa, Channel = 6",,
235,13.1455698,[24DEC6 11EF61],[*BROADCAST],236 (0xEC),WiFi,"WiFi:[ ManagementBeacon] ....... RSSI = 236 dBm, Rate = Unknown, SSID = tamulink-wpa, Channel = 6",,
236,13.2479461,[24DEC6 11EF61],[*BROADCAST],236 (0xEC),WiFi,"WiFi:[ ManagementBeacon] ....... RSSI = 236 dBm, Rate = Unknown, SSID = tamulink-wpa, Channel = 6",,
237,13.3504237,[24DEC6 11EF61],[*BROADCAST],236 (0xEC),WiFi,"WiFi:[ ManagementBeacon] ....... RSSI = 236 dBm, Rate = Unknown, SSID = tamulink-wpa, Channel = 6",,
238,13.4527435,[24DEC6 11EF61],[*BROADCAST],236 (0xEC),WiFi,"WiFi:[ ManagementBeacon] ....... RSSI = 236 dBm, Rate = Unknown, SSID = tamulink-wpa, Channel = 6",,
239,13.4917242,[E4A471 D7EF51],[*BROADCAST],236 (0xEC),WiFi,"WiFi:[ ManagementProbe request] ....... RSSI = 236 dBm, Rate = Unknown, SSID = tamulink-wpa",,
240,13.5550530,[24DEC6 11EF61],[*BROADCAST],236 (0xEC),WiFi,"WiFi:[ ManagementBeacon] ....... RSSI = 236 dBm, Rate = Unknown, SSID = tamulink-wpa, Channel = 6",,
241,13.6575798,[24DEC6 11EF61],[*BROADCAST],236 (0xEC),WiFi,"WiFi:[ ManagementBeacon] ....... RSSI = 236 dBm, Rate = Unknown, SSID = tamulink-wpa, Channel = 6",,
242,13.7600232,[24DEC6 11EF61],[*BROADCAST],236 (0xEC),WiFi,"WiFi:[ ManagementBeacon] ....... RSSI = 236 dBm, Rate = Unknown, SSID = tamulink-wpa, Channel = 6",,
243,13.8180543,[9801A7 951843],[*BROADCAST],236 (0xEC),WiFi,"WiFi:[ ManagementProbe request] ....... RSSI = 236 dBm, Rate = Unknown, SSID = BroadCast SSID, Channel = 5",,
244,13.8622434,[24DEC6 11EF61],[*BROADCAST],236 (0xEC),WiFi,"WiFi:[ ManagementBeacon] ....... RSSI = 236 dBm, Rate = Unknown, SSID = tamulink-wpa, Channel = 6",,
245,13.8636765,[9801A7 951843],[*BROADCAST],236 (0xEC),WiFi,"WiFi:[ ManagementProbe request] ....... RSSI = 236 dBm, Rate = Unknown, SSID = BroadCast SSID, Channel = 6",,
246,13.9012780,[9801A7 951843],[*BROADCAST],236 (0xEC),WiFi,"WiFi:[ ManagementProbe request] ....... RSSI = 236 dBm, Rate = Unknown, SSID = BroadCast SSID, Channel = 6",,
247,13.9647326,[24DEC6 11EF61],[*BROADCAST],236 (0xEC),WiFi,"WiFi:[ ManagementBeacon] ....... RSSI = 236 dBm, Rate = Unknown, SSID = tamulink-wpa, Channel = 6",,
248,13.9674388,[9801A7 951843],[*BROADCAST],236 (0xEC),WiFi,"WiFi:[ ManagementProbe request] ....... RSSI = 236 dBm, Rate = Unknown, SSID = BroadCast SSID, Channel = 7",,
249,14.0055514,[9801A7 951843],[*BROADCAST],236 (0xEC),WiFi,"WiFi:[ ManagementProbe request] ....... RSSI = 236 dBm, Rate = Unknown, SSID = BroadCast SSID, Channel = 7",,
250,14.0506138,[9801A7 951843],[*BROADCAST],236 (0xEC),WiFi,"WiFi:[ ManagementProbe request] ....... RSSI = 236 dBm, Rate = Unknown, SSID = BroadCast SSID, Channel = 8",,
251,14.0670511,[24DEC6 11EF61],[*BROADCAST],236 (0xEC),WiFi,"WiFi:[ ManagementBeacon] ....... RSSI = 236 dBm, Rate = Unknown, SSID = tamulink-wpa, Channel = 6",,
252,14.0879668,[9801A7 951843],[*BROADCAST],236 (0xEC),WiFi,"WiFi:[ ManagementProbe request] ....... RSSI = 236 dBm, Rate = Unknown, SSID = BroadCast SSID, Channel = 8",,
253,14.1695903,[24DEC6 11EF61],[*BROADCAST],236 (0xEC),WiFi,"WiFi:[ ManagementBeacon] ....... RSSI = 236 dBm, Rate = Unknown, SSID = tamulink-wpa, Channel = 6",,
254,14.2719666,[24DEC6 11EF61],[*BROADCAST],236 (0xEC),WiFi,"WiFi:[ ManagementBeacon] ....... RSSI = 236 dBm, Rate = Unknown, SSID = tamulink-wpa, Channel = 6",,
255,14.3743681,[24DEC6 11EF61],[*BROADCAST],236 (0xEC),WiFi,"WiFi:[ ManagementBeacon] ....... RSSI = 236 dBm, Rate = Unknown, SSID = tamulink-wpa, Channel = 6",,
256,14.4767632,[24DEC6 11EF61],[*BROADCAST],236 (0xEC),WiFi,"WiFi:[ ManagementBeacon] ....... RSSI = 236 dBm, Rate = Unknown, SSID = tamulink-wpa, Channel = 6",,
257,14.5790428,[24DEC6 11EF61],[*BROADCAST],236 (0xEC),WiFi,"WiFi:[ ManagementBeacon] ....... RSSI = 236 dBm, Rate = Unknown, SSID = tamulink-wpa, Channel = 6",,
258,14.6816512,[24DEC6 11EF61],[*BROADCAST],236 (0xEC),WiFi,"WiFi:[ ManagementBeacon] ....... RSSI = 236 dBm, Rate = Unknown, SSID = tamulink-wpa, Channel = 6",,
259,14.7839467,[24DEC6 11EF61],[*BROADCAST],236 (0xEC),WiFi,"WiFi:[ ManagementBeacon] ....... RSSI = 236 dBm, Rate = Unknown, SSID = tamulink-wpa, Channel = 6",,
260,14.8862738,[24DEC6 11EF61],[*BROADCAST],236 (0xEC),WiFi,"WiFi:[ ManagementBeacon] ....... RSSI = 236 dBm, Rate = Unknown, SSID = tamulink-wpa, Channel = 6",,
261,14.9888485,[24DEC6 11EF61],[*BROADCAST],236 (0xEC),WiFi,"WiFi:[ ManagementBeacon] ....... RSSI = 236 dBm, Rate = Unknown, SSID = tamulink-wpa, Channel = 6",,
262,15.0910746,[24DEC6 11EF61],[*BROADCAST],236 (0xEC),WiFi,"WiFi:[ ManagementBeacon] ....... RSSI = 236 dBm, Rate = Unknown, SSID = tamulink-wpa, Channel = 6",,
263,15.2959986,[24DEC6 11EF61],[*BROADCAST],236 (0xEC),WiFi,"WiFi:[ ManagementBeacon] ....... RSSI = 236 dBm, Rate = Unknown, SSID = tamulink-wpa, Channel = 6",,
264,15.3984643,[24DEC6 11EF61],[*BROADCAST],236 (0xEC),WiFi,"WiFi:[ ManagementBeacon] ....... RSSI = 236 dBm, Rate = Unknown, SSID = tamulink-wpa, Channel = 6",,
265,15.5008529,[24DEC6 11EF61],[*BROADCAST],236 (0xEC),WiFi,"WiFi:[ ManagementBeacon] ....... RSSI = 236 dBm, Rate = Unknown, SSID = tamulink-wpa, Channel = 6",,
266,15.6030594,[24DEC6 11EF61],[*BROADCAST],236 (0xEC),WiFi,"WiFi:[ ManagementBeacon] ....... RSSI = 236 dBm, Rate = Unknown, SSID = tamulink-wpa, Channel = 6",,
267,15.7056572,[24DEC6 11EF61],[*BROADCAST],236 (0xEC),WiFi,"WiFi:[ ManagementBeacon] ....... RSSI = 236 dBm, Rate = Unknown, SSID = tamulink-wpa, Channel = 6",,
268,15.8083388,[24DEC6 11EF61],[*BROADCAST],236 (0xEC),WiFi,"WiFi:[ ManagementBeacon] ....... RSSI = 236 dBm, Rate = Unknown, SSID = tamulink-wpa, Channel = 6",,
269,15.8409184,[48E244 AA232D],[*BROADCAST],236 (0xEC),WiFi,"WiFi:[ ManagementProbe request] ....... RSSI = 236 dBm, Rate = Unknown, SSID = BroadCast SSID",,
270,15.8707572,[48E244 AA232D],[*BROADCAST],236 (0xEC),WiFi,"WiFi:[ ManagementProbe request] ....... RSSI = 236 dBm, Rate = Unknown, SSID = BroadCast SSID",,
271,15.9102417,[24DEC6 11EF61],[*BROADCAST],236 (0xEC),WiFi,"WiFi:[ ManagementBeacon] ....... RSSI = 236 dBm, Rate = Unknown, SSID = tamulink-wpa, Channel = 6",,
272,15.9661430,[48E244 AA232D],[*BROADCAST],236 (0xEC),WiFi,"WiFi:[ ManagementProbe request] ....... RSSI = 236 dBm, Rate = Unknown, SSID = BroadCast SSID",,
273,16.0127920,[24DEC6 11EF61],[*BROADCAST],236 (0xEC),WiFi,"WiFi:[ ManagementBeacon] ....... RSSI = 236 dBm, Rate = Unknown, SSID = tamulink-wpa, Channel = 6",,
274,16.1150472,[24DEC6 11EF61],[*BROADCAST],236 (0xEC),WiFi,"WiFi:[ ManagementBeacon] ....... RSSI = 236 dBm, Rate = Unknown, SSID = tamulink-wpa, Channel = 6",,
275,16.1536858,[48E244 AA232D],[*BROADCAST],236 (0xEC),WiFi,"WiFi:[ ManagementProbe request] ....... RSSI = 236 dBm, Rate = Unknown, SSID = BroadCast SSID",,
276,16.1833018,[48E244 AA232D],[*BROADCAST],236 (0xEC),WiFi,"WiFi:[ ManagementProbe request] ....... RSSI = 236 dBm, Rate = Unknown, SSID = BroadCast SSID",,
277,16.2162042,[48E244 AA232D],[*BROADCAST],236 (0xEC),WiFi,"WiFi:[ ManagementProbe request] ....... RSSI = 236 dBm, Rate = Unknown, SSID = BroadCast SSID",,
278,16.2210641,[24DEC6 11EF61],[*BROADCAST],236 (0xEC),WiFi,"WiFi:[ ManagementBeacon] ....... RSSI = 236 dBm, Rate = Unknown, SSID = tamulink-wpa, Channel = 6",,
279,16.2786200,[48E244 AA232D],[*BROADCAST],236 (0xEC),WiFi,"WiFi:[ ManagementProbe request] ....... RSSI = 236 dBm, Rate = Unknown, SSID = BroadCast SSID",,
280,16.3083403,[48E244 AA232D],[*BROADCAST],236 (0xEC),WiFi,"WiFi:[ ManagementProbe request] ....... RSSI = 236 dBm, Rate = Unknown, SSID = BroadCast SSID",,
281,16.3200461,[24DEC6 11EF61],[*BROADCAST],236 (0xEC),WiFi,"WiFi:[ ManagementBeacon] ....... RSSI = 236 dBm, Rate = Unknown, SSID = tamulink-wpa, Channel = 6",,
282,16.4224831,[24DEC6 11EF61],[*BROADCAST],236 (0xEC),WiFi,"WiFi:[ ManagementBeacon] ....... RSSI = 236 dBm, Rate = Unknown, SSID = tamulink-wpa, Channel = 6",,
283,16.5247653,[24DEC6 11EF61],[*BROADCAST],236 (0xEC),WiFi,"WiFi:[ ManagementBeacon] ....... RSSI = 236 dBm, Rate = Unknown, SSID = tamulink-wpa, Channel = 6",,
284,16.6272681,[24DEC6 11EF61],[*BROADCAST],236 (0xEC),WiFi,"WiFi:[ ManagementBeacon] ....... RSSI = 236 dBm, Rate = Unknown, SSID = tamulink-wpa, Channel = 6",,
285,16.6765446,[4CBB58 8A3C8B],[*BROADCAST],236 (0xEC),WiFi,"WiFi:[ ManagementProbe request] ....... RSSI = 236 dBm, Rate = Unknown, SSID = BroadCast SSID",,
286,16.7057013,[4CBB58 8A3C8B],[*BROADCAST],236 (0xEC),WiFi,"WiFi:[ ManagementProbe request] ....... RSSI = 236 dBm, Rate = Unknown, SSID = BroadCast SSID",,
287,16.7322360,[24DEC6 11EF61],[*BROADCAST],236 (0xEC),WiFi,"WiFi:[ ManagementBeacon] ....... RSSI = 236 dBm, Rate = Unknown, SSID = tamulink-wpa, Channel = 6",,
288,16.8076781,[4CBB58 8A3C8B],[*BROADCAST],236 (0xEC),WiFi,"WiFi:[ ManagementProbe request] ....... RSSI = 236 dBm, Rate = Unknown, SSID = BroadCast SSID",,
289,16.8319753,[24DEC6 11EF61],[*BROADCAST],236 (0xEC),WiFi,"WiFi:[ ManagementBeacon] ....... RSSI = 236 dBm, Rate = Unknown, SSID = tamulink-wpa, Channel = 6",,
290,16.8365559,[4CBB58 8A3C8B],[*BROADCAST],236 (0xEC),WiFi,"WiFi:[ ManagementProbe request] ....... RSSI = 236 dBm, Rate = Unknown, SSID = BroadCast SSID",,
291,16.9344576,[24DEC6 11EF61],[*BROADCAST],236 (0xEC),WiFi,"WiFi:[ ManagementBeacon] ....... RSSI = 236 dBm, Rate = Unknown, SSID = tamulink-wpa, Channel = 6",,
292,17.0367757,[24DEC6 11EF61],[*BROADCAST],236 (0xEC),WiFi,"WiFi:[ ManagementBeacon] ....... RSSI = 236 dBm, Rate = Unknown, SSID = tamulink-wpa, Channel = 6",,
293,17.0543109,[4CBB58 8A3C8B],[*BROADCAST],236 (0xEC),WiFi,"WiFi:[ ManagementProbe request] ....... RSSI = 236 dBm, Rate = Unknown, SSID = BroadCast SSID",,
294,17.1391490,[24DEC6 11EF61],[*BROADCAST],236 (0xEC),WiFi,"WiFi:[ ManagementBeacon] ....... RSSI = 236 dBm, Rate = Unknown, SSID = tamulink-wpa, Channel = 6",,
295,17.2415787,[24DEC6 11EF61],[*BROADCAST],236 (0xEC),WiFi,"WiFi:[ ManagementBeacon] ....... RSSI = 236 dBm, Rate = Unknown, SSID = tamulink-wpa, Channel = 6",,
296,17.3440354,[24DEC6 11EF61],[*BROADCAST],236 (0xEC),WiFi,"WiFi:[ ManagementBeacon] ....... RSSI = 236 dBm, Rate = Unknown, SSID = tamulink-wpa, Channel = 6",,
297,17.4110155,[0071CC 5383E9],[*BROADCAST],236 (0xEC),WiFi,"WiFi:[ ManagementProbe request] ....... RSSI = 236 dBm, Rate = Unknown, SSID = BroadCast SSID",,
298,17.4408337,[0071CC 5383E9],[*BROADCAST],236 (0xEC),WiFi,"WiFi:[ ManagementProbe request] ....... RSSI = 236 dBm, Rate = Unknown, SSID = BroadCast SSID",,
299,17.4490439,[24DEC6 11EF61],[*BROADCAST],236 (0xEC),WiFi,"WiFi:[ ManagementBeacon] ....... RSSI = 236 dBm, Rate = Unknown, SSID = tamulink-wpa, Channel = 6",,
300,17.5375466,[0071CC 5383E9],[*BROADCAST],236 (0xEC),WiFi,"WiFi:[ ManagementProbe request] ....... RSSI = 236 dBm, Rate = Unknown, SSID = BroadCast SSID",,
301,17.5522686,[24DEC6 11EF61],[*BROADCAST],236 (0xEC),WiFi,"WiFi:[ ManagementBeacon] ....... RSSI = 236 dBm, Rate = Unknown, SSID = tamulink-wpa, Channel = 6",,
302,17.6511915,[24DEC6 11EF61],[*BROADCAST],236 (0xEC),WiFi,"WiFi:[ ManagementBeacon] ....... RSSI = 236 dBm, Rate = Unknown, SSID = tamulink-wpa, Channel = 6",,
303,17.7859857,[0071CC 5383E9],[*BROADCAST],236 (0xEC),WiFi,"WiFi:[ ManagementProbe request] ....... RSSI = 236 dBm, Rate = Unknown, SSID = BroadCast SSID",,
304,17.8157283,[0071CC 5383E9],[*BROADCAST],236 (0xEC),WiFi,"WiFi:[ ManagementProbe request] ....... RSSI = 236 dBm, Rate = Unknown, SSID = BroadCast SSID",,
305,17.8482369,[0071CC 5383E9],[*BROADCAST],236 (0xEC),WiFi,"WiFi:[ ManagementProbe request] ....... RSSI = 236 dBm, Rate = Unknown, SSID = BroadCast SSID",,
306,17.9582515,[24DEC6 11EF61],[*BROADCAST],236 (0xEC),WiFi,"WiFi:[ ManagementBeacon] ....... RSSI = 236 dBm, Rate = Unknown, SSID = tamulink-wpa, Channel = 6",,
307,18.0606748,[24DEC6 11EF61],[*BROADCAST],236 (0xEC),WiFi,"WiFi:[ ManagementBeacon] ....... RSSI = 236 dBm, Rate = Unknown, SSID = tamulink-wpa, Channel = 6",,
308,18.1632204,[24DEC6 11EF61],[*BROADCAST],236 (0xEC),WiFi,"WiFi:[ ManagementBeacon] ....... RSSI = 236 dBm, Rate = Unknown, SSID = tamulink-wpa, Channel = 6",,
309,18.2655757,[24DEC6 11EF61],[*BROADCAST],236 (0xEC),WiFi,"WiFi:[ ManagementBeacon] ....... RSSI = 236 dBm, Rate = Unknown, SSID = tamulink-wpa, Channel = 6",,
310,18.2792128,10.231.231.191,clientservices.googleapis.com,,UDP,"UDP:SrcPort = 52231, DstPort = HTTPS(443), Length = 31","{UDP:7, IPv4:3}",
311,18.3157225,clientservices.googleapis.com,10.231.231.191,236 (0xEC),UDP,"UDP:SrcPort = HTTPS(443), DstPort = 52231, Length = 41","{UDP:7, IPv4:3}",
312,18.3680649,[24DEC6 11EF61],[*BROADCAST],236 (0xEC),WiFi,"WiFi:[ ManagementBeacon] ....... RSSI = 236 dBm, Rate = Unknown, SSID = tamulink-wpa, Channel = 6",,
313,18.4720209,[24DEC6 11EF61],[*BROADCAST],236 (0xEC),WiFi,"WiFi:[ ManagementBeacon] ....... RSSI = 236 dBm, Rate = Unknown, SSID = tamulink-wpa, Channel = 6",,
314,18.5726622,[24DEC6 11EF61],[*BROADCAST],236 (0xEC),WiFi,"WiFi:[ ManagementBeacon] ....... RSSI = 236 dBm, Rate = Unknown, SSID = tamulink-wpa, Channel = 6",,
315,18.6752467,[24DEC6 11EF61],[*BROADCAST],236 (0xEC),WiFi,"WiFi:[ ManagementBeacon] ....... RSSI = 236 dBm, Rate = Unknown, SSID = tamulink-wpa, Channel = 6",,
316,18.7776144,[24DEC6 11EF61],[*BROADCAST],236 (0xEC),WiFi,"WiFi:[ ManagementBeacon] ....... RSSI = 236 dBm, Rate = Unknown, SSID = tamulink-wpa, Channel = 6",,
317,18.8799937,[24DEC6 11EF61],[*BROADCAST],236 (0xEC),WiFi,"WiFi:[ ManagementBeacon] ....... RSSI = 236 dBm, Rate = Unknown, SSID = tamulink-wpa, Channel = 6",,
318,18.9824542,[24DEC6 11EF61],[*BROADCAST],236 (0xEC),WiFi,"WiFi:[ ManagementBeacon] ....... RSSI = 236 dBm, Rate = Unknown, SSID = tamulink-wpa, Channel = 6",,
319,19.0846478,[24DEC6 11EF61],[*BROADCAST],236 (0xEC),WiFi,"WiFi:[ ManagementBeacon] ....... RSSI = 236 dBm, Rate = Unknown, SSID = tamulink-wpa, Channel = 6",,
320,19.1872597,[24DEC6 11EF61],[*BROADCAST],236 (0xEC),WiFi,"WiFi:[ ManagementBeacon] ....... RSSI = 236 dBm, Rate = Unknown, SSID = tamulink-wpa, Channel = 6",,
321,19.3166715,[84B153 692C8F],[*BROADCAST],236 (0xEC),WiFi,"WiFi:[ ManagementProbe request] ....... RSSI = 236 dBm, Rate = Unknown, SSID = BroadCast SSID, Channel = 6",,
322,19.3920199,[24DEC6 11EF61],[*BROADCAST],236 (0xEC),WiFi,"WiFi:[ ManagementBeacon] ....... RSSI = 236 dBm, Rate = Unknown, SSID = tamulink-wpa, Channel = 6",,
323,19.4944659,[24DEC6 11EF61],[*BROADCAST],236 (0xEC),WiFi,"WiFi:[ ManagementBeacon] ....... RSSI = 236 dBm, Rate = Unknown, SSID = tamulink-wpa, Channel = 6",,
324,19.5966502,[24DEC6 11EF61],[*BROADCAST],236 (0xEC),WiFi,"WiFi:[ ManagementBeacon] ....... RSSI = 236 dBm, Rate = Unknown, SSID = tamulink-wpa, Channel = 6",,
325,19.6992608,[24DEC6 11EF61],[*BROADCAST],236 (0xEC),WiFi,"WiFi:[ ManagementBeacon] ....... RSSI = 236 dBm, Rate = Unknown, SSID = tamulink-wpa, Channel = 6",,
326,19.8015853,[24DEC6 11EF61],[*BROADCAST],236 (0xEC),WiFi,"WiFi:[ ManagementBeacon] ....... RSSI = 236 dBm, Rate = Unknown, SSID = tamulink-wpa, Channel = 6",,
327,19.8995225,[F0D1A9 6A9237],[*BROADCAST],236 (0xEC),WiFi,"WiFi:[ ManagementProbe request] ....... RSSI = 236 dBm, Rate = Unknown, SSID = BroadCast SSID, Channel = 6",,
328,19.9039710,[24DEC6 11EF61],[*BROADCAST],236 (0xEC),WiFi,"WiFi:[ ManagementBeacon] ....... RSSI = 236 dBm, Rate = Unknown, SSID = tamulink-wpa, Channel = 6",,
329,20.0062561,[24DEC6 11EF61],[*BROADCAST],236 (0xEC),WiFi,"WiFi:[ ManagementBeacon] ....... RSSI = 236 dBm, Rate = Unknown, SSID = tamulink-wpa, Channel = 6",,
330,20.1088351,[24DEC6 11EF61],[*BROADCAST],236 (0xEC),WiFi,"WiFi:[ ManagementBeacon] ....... RSSI = 236 dBm, Rate = Unknown, SSID = tamulink-wpa, Channel = 6",,
331,20.2112811,[24DEC6 11EF61],[*BROADCAST],236 (0xEC),WiFi,"WiFi:[ ManagementBeacon] ....... RSSI = 236 dBm, Rate = Unknown, SSID = tamulink-wpa, Channel = 6",,
332,20.3136839,[24DEC6 11EF61],[*BROADCAST],236 (0xEC),WiFi,"WiFi:[ ManagementBeacon] ....... RSSI = 236 dBm, Rate = Unknown, SSID = tamulink-wpa, Channel = 6",,
333,20.4160815,[24DEC6 11EF61],[*BROADCAST],236 (0xEC),WiFi,"WiFi:[ ManagementBeacon] ....... RSSI = 236 dBm, Rate = Unknown, SSID = tamulink-wpa, Channel = 6",,
334,20.5184133,[24DEC6 11EF61],[*BROADCAST],236 (0xEC),WiFi,"WiFi:[ ManagementBeacon] ....... RSSI = 236 dBm, Rate = Unknown, SSID = tamulink-wpa, Channel = 6",,
335,20.6206972,[24DEC6 11EF61],[*BROADCAST],236 (0xEC),WiFi,"WiFi:[ ManagementBeacon] ....... RSSI = 236 dBm, Rate = Unknown, SSID = tamulink-wpa, Channel = 6",,
336,20.7232202,[24DEC6 11EF61],[*BROADCAST],236 (0xEC),WiFi,"WiFi:[ ManagementBeacon] ....... RSSI = 236 dBm, Rate = Unknown, SSID = tamulink-wpa, Channel = 6",,
337,20.8256576,[24DEC6 11EF61],[*BROADCAST],236 (0xEC),WiFi,"WiFi:[ ManagementBeacon] ....... RSSI = 236 dBm, Rate = Unknown, SSID = tamulink-wpa, Channel = 6",,
338,20.9280659,[24DEC6 11EF61],[*BROADCAST],236 (0xEC),WiFi,"WiFi:[ ManagementBeacon] ....... RSSI = 236 dBm, Rate = Unknown, SSID = tamulink-wpa, Channel = 6",,
339,21.1327842,[24DEC6 11EF61],[*BROADCAST],236 (0xEC),WiFi,"WiFi:[ ManagementBeacon] ....... RSSI = 236 dBm, Rate = Unknown, SSID = tamulink-wpa, Channel = 6",,
340,21.2352858,[24DEC6 11EF61],[*BROADCAST],236 (0xEC),WiFi,"WiFi:[ ManagementBeacon] ....... RSSI = 236 dBm, Rate = Unknown, SSID = tamulink-wpa, Channel = 6",,
341,21.3376928,[24DEC6 11EF61],[*BROADCAST],236 (0xEC),WiFi,"WiFi:[ ManagementBeacon] ....... RSSI = 236 dBm, Rate = Unknown, SSID = tamulink-wpa, Channel = 6",,
342,21.4400939,[24DEC6 11EF61],[*BROADCAST],236 (0xEC),WiFi,"WiFi:[ ManagementBeacon] ....... RSSI = 236 dBm, Rate = Unknown, SSID = tamulink-wpa, Channel = 6",,
343,21.5423290,[24DEC6 11EF61],[*BROADCAST],236 (0xEC),WiFi,"WiFi:[ ManagementBeacon] ....... RSSI = 236 dBm, Rate = Unknown, SSID = tamulink-wpa, Channel = 6",,
344,21.7102729,[80000B C94267],[*BROADCAST],236 (0xEC),WiFi,"WiFi:[ ManagementProbe request] ....... RSSI = 236 dBm, Rate = Unknown, SSID = BroadCast SSID",,
345,21.7112612,[80000B C94267],[*BROADCAST],236 (0xEC),WiFi,"WiFi:[ ManagementProbe request] ....... RSSI = 236 dBm, Rate = Unknown, SSID = tamulink-wpa",,
346,21.7122850,[80000B C94267],[*BROADCAST],236 (0xEC),WiFi,"WiFi:[ ManagementProbe request] ....... RSSI = 236 dBm, Rate = Unknown, SSID = BroadCast SSID",,
347,21.8492402,[80000B C94267],[*BROADCAST],236 (0xEC),WiFi,"WiFi:[ ManagementProbe request] ....... RSSI = 236 dBm, Rate = Unknown, SSID = BroadCast SSID",,
348,21.8498735,[24DEC6 11EF61],[*BROADCAST],236 (0xEC),WiFi,"WiFi:[ ManagementBeacon] ....... RSSI = 236 dBm, Rate = Unknown, SSID = tamulink-wpa, Channel = 6",,
349,21.8514725,[80000B C94267],[*BROADCAST],236 (0xEC),WiFi,"WiFi:[ ManagementProbe request] ....... RSSI = 236 dBm, Rate = Unknown, SSID = tamulink-wpa",,
350,21.8523702,[80000B C94267],[*BROADCAST],236 (0xEC),WiFi,"WiFi:[ ManagementProbe request] ....... RSSI = 236 dBm, Rate = Unknown, SSID = BroadCast SSID",,
351,21.8794215,[80000B C94267],[*BROADCAST],236 (0xEC),WiFi,"WiFi:[ ManagementProbe request] ....... RSSI = 236 dBm, Rate = Unknown, SSID = BroadCast SSID",,
352,21.8845892,[80000B C94267],[*BROADCAST],236 (0xEC),WiFi,"WiFi:[ ManagementProbe request] ....... RSSI = 236 dBm, Rate = Unknown, SSID = tamulink-wpa",,
353,21.8854189,[80000B C94267],[*BROADCAST],236 (0xEC),WiFi,"WiFi:[ ManagementProbe request] ....... RSSI = 236 dBm, Rate = Unknown, SSID = BroadCast SSID",,
354,21.9518747,[24DEC6 11EF61],[*BROADCAST],236 (0xEC),WiFi,"WiFi:[ ManagementBeacon] ....... RSSI = 236 dBm, Rate = Unknown, SSID = tamulink-wpa, Channel = 6",,
355,22.0542865,[24DEC6 11EF61],[*BROADCAST],236 (0xEC),WiFi,"WiFi:[ ManagementBeacon] ....... RSSI = 236 dBm, Rate = Unknown, SSID = tamulink-wpa, Channel = 6",,
356,22.0842809,[80000B C94267],[*BROADCAST],236 (0xEC),WiFi,"WiFi:[ ManagementProbe request] ....... RSSI = 236 dBm, Rate = Unknown, SSID = BroadCast SSID",,
357,22.0942111,[80000B C94267],[*BROADCAST],236 (0xEC),WiFi,"WiFi:[ ManagementProbe request] ....... RSSI = 236 dBm, Rate = Unknown, SSID = BroadCast SSID",,
358,22.1468032,[D81D72 D16736],[*BROADCAST],236 (0xEC),WiFi,"WiFi:[ ManagementProbe request] ....... RSSI = 236 dBm, Rate = Unknown, SSID = BroadCast SSID, Channel = 6",,
359,22.1568727,[24DEC6 11EF61],[*BROADCAST],236 (0xEC),WiFi,"WiFi:[ ManagementBeacon] ....... RSSI = 236 dBm, Rate = Unknown, SSID = tamulink-wpa, Channel = 6",,
360,22.2594684,[24DEC6 11EF61],[*BROADCAST],236 (0xEC),WiFi,"WiFi:[ ManagementBeacon] ....... RSSI = 236 dBm, Rate = Unknown, SSID = tamulink-wpa, Channel = 6",,
361,22.3616817,[24DEC6 11EF61],[*BROADCAST],236 (0xEC),WiFi,"WiFi:[ ManagementBeacon] ....... RSSI = 236 dBm, Rate = Unknown, SSID = tamulink-wpa, Channel = 6",,
362,22.4640032,[24DEC6 11EF61],[*BROADCAST],236 (0xEC),WiFi,"WiFi:[ ManagementBeacon] ....... RSSI = 236 dBm, Rate = Unknown, SSID = tamulink-wpa, Channel = 6",,
363,22.5663042,[24DEC6 11EF61],[*BROADCAST],236 (0xEC),WiFi,"WiFi:[ ManagementBeacon] ....... RSSI = 236 dBm, Rate = Unknown, SSID = tamulink-wpa, Channel = 6",,
364,22.6687677,[24DEC6 11EF61],[*BROADCAST],236 (0xEC),WiFi,"WiFi:[ ManagementBeacon] ....... RSSI = 236 dBm, Rate = Unknown, SSID = tamulink-wpa, Channel = 6",,
365,22.7712676,[24DEC6 11EF61],[*BROADCAST],236 (0xEC),WiFi,"WiFi:[ ManagementBeacon] ....... RSSI = 236 dBm, Rate = Unknown, SSID = tamulink-wpa, Channel = 6",,
366,22.8735891,[24DEC6 11EF61],[*BROADCAST],236 (0xEC),WiFi,"WiFi:[ ManagementBeacon] ....... RSSI = 236 dBm, Rate = Unknown, SSID = tamulink-wpa, Channel = 6",,
367,22.9759564,[24DEC6 11EF61],[*BROADCAST],236 (0xEC),WiFi,"WiFi:[ ManagementBeacon] ....... RSSI = 236 dBm, Rate = Unknown, SSID = tamulink-wpa, Channel = 6",,
368,23.0638116,10.231.231.191,239.255.255.250,,SSDP,"SSDP:Request, M-SEARCH * ","{HTTP:13, UDP:12, IPv4:27}",
369,23.0782976,[24DEC6 11EF61],[*BROADCAST],236 (0xEC),WiFi,"WiFi:[ ManagementBeacon] ....... RSSI = 236 dBm, Rate = Unknown, SSID = tamulink-wpa, Channel = 6",,
370,23.1837188,[24DEC6 11EF61],[*BROADCAST],236 (0xEC),WiFi,"WiFi:[ ManagementBeacon] ....... RSSI = 236 dBm, Rate = Unknown, SSID = tamulink-wpa, Channel = 6",,
371,23.2832473,[24DEC6 11EF61],[*BROADCAST],236 (0xEC),WiFi,"WiFi:[ ManagementBeacon] ....... RSSI = 236 dBm, Rate = Unknown, SSID = tamulink-wpa, Channel = 6",,
372,23.3904269,[24DEC6 11EF61],[*BROADCAST],236 (0xEC),WiFi,"WiFi:[ ManagementBeacon] ....... RSSI = 236 dBm, Rate = Unknown, SSID = tamulink-wpa, Channel = 6",,
373,23.5903303,[24DEC6 11EF61],[*BROADCAST],236 (0xEC),WiFi,"WiFi:[ ManagementBeacon] ....... RSSI = 236 dBm, Rate = Unknown, SSID = tamulink-wpa, Channel = 6",,
374,23.6776185,[9801A7 951843],[*BROADCAST],236 (0xEC),WiFi,"WiFi:[ ManagementProbe request] ....... RSSI = 236 dBm, Rate = Unknown, SSID = BroadCast SSID, Channel = 4",,
375,23.6928374,[24DEC6 11EF61],[*BROADCAST],236 (0xEC),WiFi,"WiFi:[ ManagementBeacon] ....... RSSI = 236 dBm, Rate = Unknown, SSID = tamulink-wpa, Channel = 6",,
376,23.7162049,[9801A7 951843],[*BROADCAST],236 (0xEC),WiFi,"WiFi:[ ManagementProbe request] ....... RSSI = 236 dBm, Rate = Unknown, SSID = BroadCast SSID, Channel = 4",,
377,23.7632431,[9801A7 951843],[*BROADCAST],236 (0xEC),WiFi,"WiFi:[ ManagementProbe request] ....... RSSI = 236 dBm, Rate = Unknown, SSID = BroadCast SSID, Channel = 5",,
378,23.7966707,[24DEC6 11EF61],[*BROADCAST],236 (0xEC),WiFi,"WiFi:[ ManagementBeacon] ....... RSSI = 236 dBm, Rate = Unknown, SSID = tamulink-wpa, Channel = 6",,
379,23.8004503,[9801A7 951843],[*BROADCAST],236 (0xEC),WiFi,"WiFi:[ ManagementProbe request] ....... RSSI = 236 dBm, Rate = Unknown, SSID = BroadCast SSID, Channel = 5",,
380,23.8464647,[9801A7 951843],[*BROADCAST],236 (0xEC),WiFi,"WiFi:[ ManagementProbe request] ....... RSSI = 236 dBm, Rate = Unknown, SSID = BroadCast SSID, Channel = 6",,
381,23.8845388,[9801A7 951843],[*BROADCAST],236 (0xEC),WiFi,"WiFi:[ ManagementProbe request] ....... RSSI = 236 dBm, Rate = Unknown, SSID = BroadCast SSID, Channel = 6",,
382,23.8996688,[24DEC6 11EF61],[*BROADCAST],236 (0xEC),WiFi,"WiFi:[ ManagementBeacon] ....... RSSI = 236 dBm, Rate = Unknown, SSID = tamulink-wpa, Channel = 6",,
383,23.9507624,[9801A7 951843],[*BROADCAST],236 (0xEC),WiFi,"WiFi:[ ManagementProbe request] ....... RSSI = 236 dBm, Rate = Unknown, SSID = BroadCast SSID, Channel = 7",,
384,23.9888318,[9801A7 951843],[*BROADCAST],236 (0xEC),WiFi,"WiFi:[ ManagementProbe request] ....... RSSI = 236 dBm, Rate = Unknown, SSID = BroadCast SSID, Channel = 7",,
385,24.0029410,[24DEC6 11EF61],[*BROADCAST],236 (0xEC),WiFi,"WiFi:[ ManagementBeacon] ....... RSSI = 236 dBm, Rate = Unknown, SSID = tamulink-wpa, Channel = 6",,
386,24.0336072,[9801A7 951843],[*BROADCAST],236 (0xEC),WiFi,"WiFi:[ ManagementProbe request] ....... RSSI = 236 dBm, Rate = Unknown, SSID = BroadCast SSID, Channel = 8",,
387,24.0650523,10.231.231.191,239.255.255.250,,SSDP,"SSDP:Request, M-SEARCH * ","{HTTP:13, UDP:12, IPv4:27}",
388,24.0716754,[9801A7 951843],[*BROADCAST],236 (0xEC),WiFi,"WiFi:[ ManagementProbe request] ....... RSSI = 236 dBm, Rate = Unknown, SSID = BroadCast SSID, Channel = 8",,
389,24.1055567,[24DEC6 11EF61],[*BROADCAST],236 (0xEC),WiFi,"WiFi:[ ManagementBeacon] ....... RSSI = 236 dBm, Rate = Unknown, SSID = tamulink-wpa, Channel = 6",,
390,24.1422132,[7E0EF0 232944],[*BROADCAST],236 (0xEC),WiFi,"WiFi:[ ManagementProbe request] ....... RSSI = 236 dBm, Rate = Unknown, SSID = BroadCast SSID, Channel = 6",,
391,24.2048872,[24DEC6 11EF61],[*BROADCAST],236 (0xEC),WiFi,"WiFi:[ ManagementBeacon] ....... RSSI = 236 dBm, Rate = Unknown, SSID = tamulink-wpa, Channel = 6",,
392,24.3072011,[24DEC6 11EF61],[*BROADCAST],236 (0xEC),WiFi,"WiFi:[ ManagementBeacon] ....... RSSI = 236 dBm, Rate = Unknown, SSID = tamulink-wpa, Channel = 6",,
393,24.3370749,[80000B C94474],[*BROADCAST],236 (0xEC),WiFi,"WiFi:[ ManagementProbe request] ....... RSSI = 236 dBm, Rate = Unknown, SSID = BroadCast SSID",,
394,24.3411030,[80000B C94474],[*BROADCAST],236 (0xEC),WiFi,"WiFi:[ ManagementProbe request] ....... RSSI = 236 dBm, Rate = Unknown, SSID = tamulink-wpa",,
395,24.3422534,[80000B C94474],[*BROADCAST],236 (0xEC),WiFi,"WiFi:[ ManagementProbe request] ....... RSSI = 236 dBm, Rate = Unknown, SSID = BroadCast SSID",,
396,24.4096295,[24DEC6 11EF61],[*BROADCAST],236 (0xEC),WiFi,"WiFi:[ ManagementBeacon] ....... RSSI = 236 dBm, Rate = Unknown, SSID = tamulink-wpa, Channel = 6",,
397,24.4926317,[60D819 7F1AF1],[*BROADCAST],236 (0xEC),WiFi,"WiFi:[ ManagementProbe request] ....... RSSI = 236 dBm, Rate = Unknown, SSID = BroadCast SSID",,
398,24.5122029,[24DEC6 11EF61],[*BROADCAST],236 (0xEC),WiFi,"WiFi:[ ManagementBeacon] ....... RSSI = 236 dBm, Rate = Unknown, SSID = tamulink-wpa, Channel = 6",,
399,24.5150626,[80000B C94474],[*BROADCAST],236 (0xEC),WiFi,"WiFi:[ ManagementProbe request] ....... RSSI = 236 dBm, Rate = Unknown, SSID = tamulink-wpa",,
400,24.5159205,[80000B C94474],[*BROADCAST],236 (0xEC),WiFi,"WiFi:[ ManagementProbe request] ....... RSSI = 236 dBm, Rate = Unknown, SSID = BroadCast SSID",,
401,24.5417102,[80000B C94474],[*BROADCAST],236 (0xEC),WiFi,"WiFi:[ ManagementProbe request] ....... RSSI = 236 dBm, Rate = Unknown, SSID = BroadCast SSID",,
402,24.5426588,[80000B C94474],[*BROADCAST],236 (0xEC),WiFi,"WiFi:[ ManagementProbe request] ....... RSSI = 236 dBm, Rate = Unknown, SSID = tamulink-wpa",,
403,24.5442697,[80000B C94474],[*BROADCAST],236 (0xEC),WiFi,"WiFi:[ ManagementProbe request] ....... RSSI = 236 dBm, Rate = Unknown, SSID = BroadCast SSID",,
404,24.5509553,[80000B C94474],[*BROADCAST],236 (0xEC),WiFi,"WiFi:[ ManagementProbe request] ....... RSSI = 236 dBm, Rate = Unknown, SSID = BroadCast SSID",,
405,24.5519479,[80000B C94474],[*BROADCAST],236 (0xEC),WiFi,"WiFi:[ ManagementProbe request] ....... RSSI = 236 dBm, Rate = Unknown, SSID = tamulink-wpa",,
406,24.5528451,[80000B C94474],[*BROADCAST],236 (0xEC),WiFi,"WiFi:[ ManagementProbe request] ....... RSSI = 236 dBm, Rate = Unknown, SSID = BroadCast SSID",,
407,24.5762369,[80000B C94474],[*BROADCAST],236 (0xEC),WiFi,"WiFi:[ ManagementProbe request] ....... RSSI = 236 dBm, Rate = Unknown, SSID = BroadCast SSID",,
408,24.5862928,[80000B C94474],[*BROADCAST],236 (0xEC),WiFi,"WiFi:[ ManagementProbe request] ....... RSSI = 236 dBm, Rate = Unknown, SSID = tamulink-wpa",,
409,24.5871862,[80000B C94474],[*BROADCAST],236 (0xEC),WiFi,"WiFi:[ ManagementProbe request] ....... RSSI = 236 dBm, Rate = Unknown, SSID = BroadCast SSID",,
410,24.6143025,[24DEC6 11EF61],[*BROADCAST],236 (0xEC),WiFi,"WiFi:[ ManagementBeacon] ....... RSSI = 236 dBm, Rate = Unknown, SSID = tamulink-wpa, Channel = 6",,
411,24.6190477,[6C4008 0E06D3],[*BROADCAST],236 (0xEC),WiFi,"WiFi:[ ManagementProbe request] ....... RSSI = 236 dBm, Rate = Unknown, SSID = tamulink-wpa, Channel = 6",,
412,24.7168490,[24DEC6 11EF61],[*BROADCAST],236 (0xEC),WiFi,"WiFi:[ ManagementBeacon] ....... RSSI = 236 dBm, Rate = Unknown, SSID = tamulink-wpa, Channel = 6",,
413,24.8191919,[24DEC6 11EF61],[*BROADCAST],236 (0xEC),WiFi,"WiFi:[ ManagementBeacon] ....... RSSI = 236 dBm, Rate = Unknown, SSID = tamulink-wpa, Channel = 6",,
414,24.8217099,[60D819 7F1AF1],[*BROADCAST],236 (0xEC),WiFi,"WiFi:[ ManagementProbe request] ....... RSSI = 236 dBm, Rate = Unknown, SSID = BroadCast SSID",,
415,24.9216802,[24DEC6 11EF61],[*BROADCAST],236 (0xEC),WiFi,"WiFi:[ ManagementBeacon] ....... RSSI = 236 dBm, Rate = Unknown, SSID = tamulink-wpa, Channel = 6",,
416,25.0240513,[24DEC6 11EF61],[*BROADCAST],236 (0xEC),WiFi,"WiFi:[ ManagementBeacon] ....... RSSI = 236 dBm, Rate = Unknown, SSID = tamulink-wpa, Channel = 6",,
417,25.0662009,10.231.231.191,239.255.255.250,,SSDP,"SSDP:Request, M-SEARCH * ","{HTTP:13, UDP:12, IPv4:27}",
418,25.0794852,[6C4008 0E06D3],[*BROADCAST],236 (0xEC),WiFi,"WiFi:[ ManagementProbe request] ....... RSSI = 236 dBm, Rate = Unknown, SSID = tamulink-wpa, Channel = 6",,
419,25.1263510,[24DEC6 11EF61],[*BROADCAST],236 (0xEC),WiFi,"WiFi:[ ManagementBeacon] ....... RSSI = 236 dBm, Rate = Unknown, SSID = tamulink-wpa, Channel = 6",,
420,25.1374829,[6C4008 0E06D3],[*BROADCAST],236 (0xEC),WiFi,"WiFi:[ ManagementProbe request] ....... RSSI = 236 dBm, Rate = Unknown, SSID = tamulink-wpa, Channel = 7",,
421,25.1599104,[6C4008 0E06D3],[*BROADCAST],236 (0xEC),WiFi,"WiFi:[ ManagementProbe request] ....... RSSI = 236 dBm, Rate = Unknown, SSID = tamulink-wpa, Channel = 8",,
422,25.2288936,[24DEC6 11EF61],[*BROADCAST],236 (0xEC),WiFi,"WiFi:[ ManagementBeacon] ....... RSSI = 236 dBm, Rate = Unknown, SSID = tamulink-wpa, Channel = 6",,
423,25.3312964,[24DEC6 11EF61],[*BROADCAST],236 (0xEC),WiFi,"WiFi:[ ManagementBeacon] ....... RSSI = 236 dBm, Rate = Unknown, SSID = tamulink-wpa, Channel = 6",,
424,25.3754099,[6C4008 0E06D3],[*BROADCAST],236 (0xEC),WiFi,"WiFi:[ ManagementProbe request] ....... RSSI = 236 dBm, Rate = Unknown, SSID = tamulink-wpa, Channel = 4",,
425,25.3978681,[6C4008 0E06D3],[*BROADCAST],236 (0xEC),WiFi,"WiFi:[ ManagementProbe request] ....... RSSI = 236 dBm, Rate = Unknown, SSID = tamulink-wpa, Channel = 5",,
426,25.4336273,[24DEC6 11EF61],[*BROADCAST],236 (0xEC),WiFi,"WiFi:[ ManagementBeacon] ....... RSSI = 236 dBm, Rate = Unknown, SSID = tamulink-wpa, Channel = 6",,
427,25.5360006,[24DEC6 11EF61],[*BROADCAST],236 (0xEC),WiFi,"WiFi:[ ManagementBeacon] ....... RSSI = 236 dBm, Rate = Unknown, SSID = tamulink-wpa, Channel = 6",,
428,25.6384868,[24DEC6 11EF61],[*BROADCAST],236 (0xEC),WiFi,"WiFi:[ ManagementBeacon] ....... RSSI = 236 dBm, Rate = Unknown, SSID = tamulink-wpa, Channel = 6",,
429,25.7406890,[24DEC6 11EF61],[*BROADCAST],236 (0xEC),WiFi,"WiFi:[ ManagementBeacon] ....... RSSI = 236 dBm, Rate = Unknown, SSID = tamulink-wpa, Channel = 6",,
430,25.8430747,[24DEC6 11EF61],[*BROADCAST],236 (0xEC),WiFi,"WiFi:[ ManagementBeacon] ....... RSSI = 236 dBm, Rate = Unknown, SSID = tamulink-wpa, Channel = 6",,
431,26.0668104,10.231.231.191,239.255.255.250,,SSDP,"SSDP:Request, M-SEARCH * ","{HTTP:13, UDP:12, IPv4:27}",
432,26.1531675,[24DEC6 11EF61],[*BROADCAST],236 (0xEC),WiFi,"WiFi:[ ManagementBeacon] ....... RSSI = 236 dBm, Rate = Unknown, SSID = tamulink-wpa, Channel = 6",,
433,26.2528102,[24DEC6 11EF61],[*BROADCAST],236 (0xEC),WiFi,"WiFi:[ ManagementBeacon] ....... RSSI = 236 dBm, Rate = Unknown, SSID = tamulink-wpa, Channel = 6",,
434,26.3552985,[24DEC6 11EF61],[*BROADCAST],236 (0xEC),WiFi,"WiFi:[ ManagementBeacon] ....... RSSI = 236 dBm, Rate = Unknown, SSID = tamulink-wpa, Channel = 6",,
435,26.4576966,[24DEC6 11EF61],[*BROADCAST],236 (0xEC),WiFi,"WiFi:[ ManagementBeacon] ....... RSSI = 236 dBm, Rate = Unknown, SSID = tamulink-wpa, Channel = 6",,
436,26.5600109,[24DEC6 11EF61],[*BROADCAST],236 (0xEC),WiFi,"WiFi:[ ManagementBeacon] ....... RSSI = 236 dBm, Rate = Unknown, SSID = tamulink-wpa, Channel = 6",,
437,26.6624872,[24DEC6 11EF61],[*BROADCAST],236 (0xEC),WiFi,"WiFi:[ ManagementBeacon] ....... RSSI = 236 dBm, Rate = Unknown, SSID = tamulink-wpa, Channel = 6",,
438,26.7648083,[24DEC6 11EF61],[*BROADCAST],236 (0xEC),WiFi,"WiFi:[ ManagementBeacon] ....... RSSI = 236 dBm, Rate = Unknown, SSID = tamulink-wpa, Channel = 6",,
439,26.8673022,[24DEC6 11EF61],[*BROADCAST],236 (0xEC),WiFi,"WiFi:[ ManagementBeacon] ....... RSSI = 236 dBm, Rate = Unknown, SSID = tamulink-wpa, Channel = 6",,
440,26.9696977,[24DEC6 11EF61],[*BROADCAST],236 (0xEC),WiFi,"WiFi:[ ManagementBeacon] ....... RSSI = 236 dBm, Rate = Unknown, SSID = tamulink-wpa, Channel = 6",,
441,27.0720397,[24DEC6 11EF61],[*BROADCAST],236 (0xEC),WiFi,"WiFi:[ ManagementBeacon] ....... RSSI = 236 dBm, Rate = Unknown, SSID = tamulink-wpa, Channel = 6",,
442,27.1744399,[24DEC6 11EF61],[*BROADCAST],236 (0xEC),WiFi,"WiFi:[ ManagementBeacon] ....... RSSI = 236 dBm, Rate = Unknown, SSID = tamulink-wpa, Channel = 6",,
443,27.2228522,[60D819 7F1AF1],[*BROADCAST],236 (0xEC),WiFi,"WiFi:[ ManagementProbe request] ....... RSSI = 236 dBm, Rate = Unknown, SSID = BroadCast SSID",,
444,27.2728052,[60D819 7F1AF1],[*BROADCAST],236 (0xEC),WiFi,"WiFi:[ ManagementProbe request] ....... RSSI = 236 dBm, Rate = Unknown, SSID = BroadCast SSID",,
445,27.2768692,[24DEC6 11EF61],[*BROADCAST],236 (0xEC),WiFi,"WiFi:[ ManagementBeacon] ....... RSSI = 236 dBm, Rate = Unknown, SSID = tamulink-wpa, Channel = 6",,
446,27.3792523,[24DEC6 11EF61],[*BROADCAST],236 (0xEC),WiFi,"WiFi:[ ManagementBeacon] ....... RSSI = 236 dBm, Rate = Unknown, SSID = tamulink-wpa, Channel = 6",,
447,27.4817039,[24DEC6 11EF61],[*BROADCAST],236 (0xEC),WiFi,"WiFi:[ ManagementBeacon] ....... RSSI = 236 dBm, Rate = Unknown, SSID = tamulink-wpa, Channel = 6",,
448,27.5839133,[24DEC6 11EF61],[*BROADCAST],236 (0xEC),WiFi,"WiFi:[ ManagementBeacon] ....... RSSI = 236 dBm, Rate = Unknown, SSID = tamulink-wpa, Channel = 6",,
449,27.6864910,[24DEC6 11EF61],[*BROADCAST],236 (0xEC),WiFi,"WiFi:[ ManagementBeacon] ....... RSSI = 236 dBm, Rate = Unknown, SSID = tamulink-wpa, Channel = 6",,
450,27.8912111,[24DEC6 11EF61],[*BROADCAST],236 (0xEC),WiFi,"WiFi:[ ManagementBeacon] ....... RSSI = 236 dBm, Rate = Unknown, SSID = tamulink-wpa, Channel = 6",,
451,27.9226963,[60F81D AF7060],[*BROADCAST],236 (0xEC),WiFi,"WiFi:[ ManagementProbe request] ....... RSSI = 236 dBm, Rate = Unknown, SSID = tamulink-wpa, Channel = 6",,
452,28.0114466,[60F81D AF7060],[*BROADCAST],236 (0xEC),WiFi,"WiFi:[ ManagementProbe request] ....... RSSI = 236 dBm, Rate = Unknown, SSID = tamulink-wpa, Channel = 7",,
453,28.0959110,[24DEC6 11EF61],[*BROADCAST],236 (0xEC),WiFi,"WiFi:[ ManagementBeacon] ....... RSSI = 236 dBm, Rate = Unknown, SSID = tamulink-wpa, Channel = 6",,
454,28.1984887,[24DEC6 11EF61],[*BROADCAST],236 (0xEC),WiFi,"WiFi:[ ManagementBeacon] ....... RSSI = 236 dBm, Rate = Unknown, SSID = tamulink-wpa, Channel = 6",,
455,28.3008320,[24DEC6 11EF61],[*BROADCAST],236 (0xEC),WiFi,"WiFi:[ ManagementBeacon] ....... RSSI = 236 dBm, Rate = Unknown, SSID = tamulink-wpa, Channel = 6",,
456,28.4033408,[24DEC6 11EF61],[*BROADCAST],236 (0xEC),WiFi,"WiFi:[ ManagementBeacon] ....... RSSI = 236 dBm, Rate = Unknown, SSID = tamulink-wpa, Channel = 6",,
457,28.5056320,[24DEC6 11EF61],[*BROADCAST],236 (0xEC),WiFi,"WiFi:[ ManagementBeacon] ....... RSSI = 236 dBm, Rate = Unknown, SSID = tamulink-wpa, Channel = 6",,
458,28.6079078,[24DEC6 11EF61],[*BROADCAST],236 (0xEC),WiFi,"WiFi:[ ManagementBeacon] ....... RSSI = 236 dBm, Rate = Unknown, SSID = tamulink-wpa, Channel = 6",,
459,28.7104589,[24DEC6 11EF61],[*BROADCAST],236 (0xEC),WiFi,"WiFi:[ ManagementBeacon] ....... RSSI = 236 dBm, Rate = Unknown, SSID = tamulink-wpa, Channel = 6",,
460,28.8128562,[24DEC6 11EF61],[*BROADCAST],236 (0xEC),WiFi,"WiFi:[ ManagementBeacon] ....... RSSI = 236 dBm, Rate = Unknown, SSID = tamulink-wpa, Channel = 6",,
461,28.9151653,[24DEC6 11EF61],[*BROADCAST],236 (0xEC),WiFi,"WiFi:[ ManagementBeacon] ....... RSSI = 236 dBm, Rate = Unknown, SSID = tamulink-wpa, Channel = 6",,
462,29.0176010,[24DEC6 11EF61],[*BROADCAST],236 (0xEC),WiFi,"WiFi:[ ManagementBeacon] ....... RSSI = 236 dBm, Rate = Unknown, SSID = tamulink-wpa, Channel = 6",,
463,29.1198998,[24DEC6 11EF61],[*BROADCAST],235 (0xEB),WiFi,"WiFi:[ ManagementBeacon] ....... RSSI = 235 dBm, Rate = Unknown, SSID = tamulink-wpa, Channel = 6",,
464,29.2224185,[24DEC6 11EF61],[*BROADCAST],235 (0xEB),WiFi,"WiFi:[ ManagementBeacon] ....... RSSI = 235 dBm, Rate = Unknown, SSID = tamulink-wpa, Channel = 6",,
465,29.2646370,[B827EB D93DB1],[*BROADCAST],235 (0xEB),WiFi,"WiFi:[ ManagementProbe request] ....... RSSI = 235 dBm, Rate = Unknown, SSID = BroadCast SSID, Channel = 6",,
466,29.2870624,[B827EB D93DB1],[*BROADCAST],235 (0xEB),WiFi,"WiFi:[ ManagementProbe request] ....... RSSI = 235 dBm, Rate = Unknown, SSID = BroadCast SSID, Channel = 7",,
467,29.3249034,[24DEC6 11EF61],[*BROADCAST],235 (0xEB),WiFi,"WiFi:[ ManagementBeacon] ....... RSSI = 235 dBm, Rate = Unknown, SSID = tamulink-wpa, Channel = 6",,
468,29.4272989,[24DEC6 11EF61],[*BROADCAST],235 (0xEB),WiFi,"WiFi:[ ManagementBeacon] ....... RSSI = 235 dBm, Rate = Unknown, SSID = tamulink-wpa, Channel = 6",,
469,29.5297043,[24DEC6 11EF61],[*BROADCAST],234 (0xEA),WiFi,"WiFi:[ ManagementBeacon] ....... RSSI = 234 dBm, Rate = Unknown, SSID = tamulink-wpa, Channel = 6",,
470,29.6321045,[24DEC6 11EF61],[*BROADCAST],234 (0xEA),WiFi,"WiFi:[ ManagementBeacon] ....... RSSI = 234 dBm, Rate = Unknown, SSID = tamulink-wpa, Channel = 6",,
471,29.7344217,[24DEC6 11EF61],[*BROADCAST],234 (0xEA),WiFi,"WiFi:[ ManagementBeacon] ....... RSSI = 234 dBm, Rate = Unknown, SSID = tamulink-wpa, Channel = 6",,
472,29.8368335,[24DEC6 11EF61],[*BROADCAST],234 (0xEA),WiFi,"WiFi:[ ManagementBeacon] ....... RSSI = 234 dBm, Rate = Unknown, SSID = tamulink-wpa, Channel = 6",,
473,29.9065857,[8C4500 7B15A4],[*BROADCAST],234 (0xEA),WiFi,"WiFi:[ ManagementProbe request] ....... RSSI = 234 dBm, Rate = Unknown, SSID = tamulink-wpa, Channel = 6",,
474,29.9267628,[8C4500 7B15A4],[*BROADCAST],234 (0xEA),WiFi,"WiFi:[ ManagementProbe request] ....... RSSI = 234 dBm, Rate = Unknown, SSID = tamulink-wpa, Channel = 6",,
475,29.9392585,[24DEC6 11EF61],[*BROADCAST],233 (0xE9),WiFi,"WiFi:[ ManagementBeacon] ....... RSSI = 233 dBm, Rate = Unknown, SSID = tamulink-wpa, Channel = 6",,
476,30.0415014,[24DEC6 11EF61],[*BROADCAST],233 (0xE9),WiFi,"WiFi:[ ManagementBeacon] ....... RSSI = 233 dBm, Rate = Unknown, SSID = tamulink-wpa, Channel = 6",,
477,30.1440115,[24DEC6 11EF61],[*BROADCAST],233 (0xE9),WiFi,"WiFi:[ ManagementBeacon] ....... RSSI = 233 dBm, Rate = Unknown, SSID = tamulink-wpa, Channel = 6",,
478,30.2464728,[24DEC6 11EF61],[*BROADCAST],233 (0xE9),WiFi,"WiFi:[ ManagementBeacon] ....... RSSI = 233 dBm, Rate = Unknown, SSID = tamulink-wpa, Channel = 6",,
479,30.3488820,[24DEC6 11EF61],[*BROADCAST],233 (0xE9),WiFi,"WiFi:[ ManagementBeacon] ....... RSSI = 233 dBm, Rate = Unknown, SSID = tamulink-wpa, Channel = 6",,
480,30.4512344,[24DEC6 11EF61],[*BROADCAST],232 (0xE8),WiFi,"WiFi:[ ManagementBeacon] ....... RSSI = 232 dBm, Rate = Unknown, SSID = tamulink-wpa, Channel = 6",,
481,30.5554132,[24DEC6 11EF61],[*BROADCAST],232 (0xE8),WiFi,"WiFi:[ ManagementBeacon] ....... RSSI = 232 dBm, Rate = Unknown, SSID = tamulink-wpa, Channel = 6",,
482,30.5809373,[C4B301 BCF1F9],[*BROADCAST],232 (0xE8),WiFi,"WiFi:[ ManagementProbe request] ....... RSSI = 232 dBm, Rate = Unknown, SSID = iPhone, Channel = 6",,
483,30.6255913,[C4B301 BCF1F9],[*BROADCAST],232 (0xE8),WiFi,"WiFi:[ ManagementProbe request] ....... RSSI = 232 dBm, Rate = Unknown, SSID = iPhone, Channel = 7",,
484,30.6265848,[C4B301 BCF1F9],[*BROADCAST],232 (0xE8),WiFi,"WiFi:[ ManagementProbe request] ....... RSSI = 232 dBm, Rate = Unknown, SSID = BroadCast SSID, Channel = 7",,
485,30.6655484,[24DEC6 11EF61],[*BROADCAST],232 (0xE8),WiFi,"WiFi:[ ManagementBeacon] ....... RSSI = 232 dBm, Rate = Unknown, SSID = tamulink-wpa, Channel = 6",,
486,30.7584636,[24DEC6 11EF61],[*BROADCAST],232 (0xE8),WiFi,"WiFi:[ ManagementBeacon] ....... RSSI = 232 dBm, Rate = Unknown, SSID = tamulink-wpa, Channel = 6",,
487,30.8356549,[5CC5D4 67DD92],[*BROADCAST],232 (0xE8),WiFi,"WiFi:[ ManagementProbe request] ....... RSSI = 232 dBm, Rate = Unknown, SSID = BroadCast SSID",,
488,30.8608018,[24DEC6 11EF61],[*BROADCAST],231 (0xE7),WiFi,"WiFi:[ ManagementBeacon] ....... RSSI = 231 dBm, Rate = Unknown, SSID = tamulink-wpa, Channel = 6",,
489,30.9601674,[5CC5D4 67DD92],[*BROADCAST],231 (0xE7),WiFi,"WiFi:[ ManagementProbe request] ....... RSSI = 231 dBm, Rate = Unknown, SSID = BroadCast SSID",,
490,30.9651513,[24DEC6 11EF61],[*BROADCAST],231 (0xE7),WiFi,"WiFi:[ ManagementBeacon] ....... RSSI = 231 dBm, Rate = Unknown, SSID = tamulink-wpa, Channel = 6",,
491,30.9878632,[5CC5D4 67DD92],[*BROADCAST],231 (0xE7),WiFi,"WiFi:[ ManagementProbe request] ....... RSSI = 231 dBm, Rate = Unknown, SSID = BroadCast SSID",,
492,30.9887185,[5CC5D4 67DD92],[*BROADCAST],231 (0xE7),WiFi,"WiFi:[ ManagementProbe request] ....... RSSI = 231 dBm, Rate = Unknown, SSID = BroadCast SSID",,
493,31.0138963,[5CC5D4 67DD92],[*BROADCAST],231 (0xE7),WiFi,"WiFi:[ ManagementProbe request] ....... RSSI = 231 dBm, Rate = Unknown, SSID = BroadCast SSID",,
494,31.0656125,[24DEC6 11EF61],[*BROADCAST],231 (0xE7),WiFi,"WiFi:[ ManagementBeacon] ....... RSSI = 231 dBm, Rate = Unknown, SSID = tamulink-wpa, Channel = 6",,
495,31.1680085,[24DEC6 11EF61],[*BROADCAST],231 (0xE7),WiFi,"WiFi:[ ManagementBeacon] ....... RSSI = 231 dBm, Rate = Unknown, SSID = tamulink-wpa, Channel = 6",,
496,31.2647825,[F04F7C 1B02BC],[*BROADCAST],231 (0xE7),WiFi,"WiFi:[ ManagementProbe request] ....... RSSI = 231 dBm, Rate = Unknown, SSID = BroadCast SSID",,
497,31.2705023,[24DEC6 11EF61],[*BROADCAST],230 (0xE6),WiFi,"WiFi:[ ManagementBeacon] ....... RSSI = 230 dBm, Rate = Unknown, SSID = tamulink-wpa, Channel = 6",,
498,31.2756547,[F04F7C 1B02BC],[*BROADCAST],230 (0xE6),WiFi,"WiFi:[ ManagementProbe request] ....... RSSI = 230 dBm, Rate = Unknown, SSID = BroadCast SSID",,
499,31.3193461,[F04F7C 1B02BC],[*BROADCAST],230 (0xE6),WiFi,"WiFi:[ ManagementProbe request] ....... RSSI = 230 dBm, Rate = Unknown, SSID = BroadCast SSID",,
500,31.3257459,[F04F7C 1B02BC],[*BROADCAST],230 (0xE6),WiFi,"WiFi:[ ManagementProbe request] ....... RSSI = 230 dBm, Rate = Unknown, SSID = BroadCast SSID",,
501,31.3469054,[6215C3 0A12F1],[*BROADCAST],230 (0xE6),WiFi,"WiFi:[ ManagementProbe request] ....... RSSI = 230 dBm, Rate = Unknown, SSID = BroadCast SSID, Channel = 5",,
502,31.3603111,[F04F7C 1B02BC],[*BROADCAST],230 (0xE6),WiFi,"WiFi:[ ManagementProbe request] ....... RSSI = 230 dBm, Rate = Unknown, SSID = BroadCast SSID",,
503,31.3676587,[6215C3 0A12F1],[*BROADCAST],230 (0xE6),WiFi,"WiFi:[ ManagementProbe request] ....... RSSI = 230 dBm, Rate = Unknown, SSID = BroadCast SSID, Channel = 5",,
504,31.3713882,[F04F7C 1B02BC],[*BROADCAST],230 (0xE6),WiFi,"WiFi:[ ManagementProbe request] ....... RSSI = 230 dBm, Rate = Unknown, SSID = BroadCast SSID",,
505,31.3765115,[24DEC6 11EF61],[*BROADCAST],230 (0xE6),WiFi,"WiFi:[ ManagementBeacon] ....... RSSI = 230 dBm, Rate = Unknown, SSID = tamulink-wpa, Channel = 6",,
506,31.3868698,[F04F7C 1B02BC],[*BROADCAST],230 (0xE6),WiFi,"WiFi:[ ManagementProbe request] ....... RSSI = 230 dBm, Rate = Unknown, SSID = BroadCast SSID",,
507,31.4052807,[F04F7C 1B02BC],[*BROADCAST],230 (0xE6),WiFi,"WiFi:[ ManagementProbe request] ....... RSSI = 230 dBm, Rate = Unknown, SSID = BroadCast SSID",,
508,31.4199095,[F04F7C 1B02BC],[*BROADCAST],230 (0xE6),WiFi,"WiFi:[ ManagementProbe request] ....... RSSI = 230 dBm, Rate = Unknown, SSID = BroadCast SSID",,
509,31.4328431,[80000B C94267],[*BROADCAST],230 (0xE6),WiFi,"WiFi:[ ManagementProbe request] ....... RSSI = 230 dBm, Rate = Unknown, SSID = BroadCast SSID",,
510,31.4337518,[80000B C94267],[*BROADCAST],230 (0xE6),WiFi,"WiFi:[ ManagementProbe request] ....... RSSI = 230 dBm, Rate = Unknown, SSID = tamulink-wpa",,
511,31.4701418,[F04F7C 1B02BC],[*BROADCAST],230 (0xE6),WiFi,"WiFi:[ ManagementProbe request] ....... RSSI = 230 dBm, Rate = Unknown, SSID = BroadCast SSID",,
512,31.4752177,[24DEC6 11EF61],[*BROADCAST],230 (0xE6),WiFi,"WiFi:[ ManagementBeacon] ....... RSSI = 230 dBm, Rate = Unknown, SSID = tamulink-wpa, Channel = 6",,
513,31.4788356,[6215C3 0A12F1],[*BROADCAST],230 (0xE6),WiFi,"WiFi:[ ManagementProbe request] ....... RSSI = 230 dBm, Rate = Unknown, SSID = BroadCast SSID, Channel = 7",,
514,31.4938352,[F04F7C 1B02BC],[*BROADCAST],230 (0xE6),WiFi,"WiFi:[ ManagementProbe request] ....... RSSI = 230 dBm, Rate = Unknown, SSID = BroadCast SSID",,
515,31.5069445,[F04F7C 1B02BC],[*BROADCAST],230 (0xE6),WiFi,"WiFi:[ ManagementProbe request] ....... RSSI = 230 dBm, Rate = Unknown, SSID = BroadCast SSID",,
516,31.5142065,[6215C3 0A12F1],[*BROADCAST],230 (0xE6),WiFi,"WiFi:[ ManagementProbe request] ....... RSSI = 230 dBm, Rate = Unknown, SSID = BroadCast SSID, Channel = 8",,
517,31.5309941,[F04F7C 1B02BC],[*BROADCAST],230 (0xE6),WiFi,"WiFi:[ ManagementProbe request] ....... RSSI = 230 dBm, Rate = Unknown, SSID = BroadCast SSID",,
518,31.5360203,[6215C3 0A12F1],[*BROADCAST],230 (0xE6),WiFi,"WiFi:[ ManagementProbe request] ....... RSSI = 230 dBm, Rate = Unknown, SSID = BroadCast SSID, Channel = 8",,
519,31.5526741,[F04F7C 1B02BC],[*BROADCAST],230 (0xE6),WiFi,"WiFi:[ ManagementProbe request] ....... RSSI = 230 dBm, Rate = Unknown, SSID = BroadCast SSID",,
520,31.5801329,[24DEC6 11EF61],[*BROADCAST],230 (0xE6),WiFi,"WiFi:[ ManagementBeacon] ....... RSSI = 230 dBm, Rate = Unknown, SSID = tamulink-wpa, Channel = 6",,
521,31.5850509,[80000B C94267],[*BROADCAST],230 (0xE6),WiFi,"WiFi:[ ManagementProbe request] ....... RSSI = 230 dBm, Rate = Unknown, SSID = BroadCast SSID",,
522,31.5859871,[80000B C94267],[*BROADCAST],230 (0xE6),WiFi,"WiFi:[ ManagementProbe request] ....... RSSI = 230 dBm, Rate = Unknown, SSID = tamulink-wpa",,
523,31.5955362,[80000B C94267],[*BROADCAST],230 (0xE6),WiFi,"WiFi:[ ManagementProbe request] ....... RSSI = 230 dBm, Rate = Unknown, SSID = BroadCast SSID",,
524,31.6125526,[80000B C94267],[*BROADCAST],230 (0xE6),WiFi,"WiFi:[ ManagementProbe request] ....... RSSI = 230 dBm, Rate = Unknown, SSID = tamulink-wpa",,
525,31.6173307,[80000B C94267],[*BROADCAST],230 (0xE6),WiFi,"WiFi:[ ManagementProbe request] ....... RSSI = 230 dBm, Rate = Unknown, SSID = BroadCast SSID",,
526,31.6799591,[24DEC6 11EF61],[*BROADCAST],230 (0xE6),WiFi,"WiFi:[ ManagementBeacon] ....... RSSI = 230 dBm, Rate = Unknown, SSID = tamulink-wpa, Channel = 6",,
527,31.7824795,[24DEC6 11EF61],[*BROADCAST],229 (0xE5),WiFi,"WiFi:[ ManagementBeacon] ....... RSSI = 229 dBm, Rate = Unknown, SSID = tamulink-wpa, Channel = 6",,
528,31.8121822,[80000B C94267],[*BROADCAST],229 (0xE5),WiFi,"WiFi:[ ManagementProbe request] ....... RSSI = 229 dBm, Rate = Unknown, SSID = BroadCast SSID",,
529,31.8254789,[80000B C94267],[*BROADCAST],229 (0xE5),WiFi,"WiFi:[ ManagementProbe request] ....... RSSI = 229 dBm, Rate = Unknown, SSID = tamulink-wpa",,
530,31.8315802,[80000B C94267],[*BROADCAST],229 (0xE5),WiFi,"WiFi:[ ManagementProbe request] ....... RSSI = 229 dBm, Rate = Unknown, SSID = BroadCast SSID",,
531,31.8848206,[24DEC6 11EF61],[*BROADCAST],229 (0xE5),WiFi,"WiFi:[ ManagementBeacon] ....... RSSI = 229 dBm, Rate = Unknown, SSID = tamulink-wpa, Channel = 6",,
532,31.9877379,[80000B C94267],[*BROADCAST],229 (0xE5),WiFi,"WiFi:[ ManagementProbe request] ....... RSSI = 229 dBm, Rate = Unknown, SSID = tamulink-wpa",,
533,31.9887416,[24DEC6 11EF61],[*BROADCAST],229 (0xE5),WiFi,"WiFi:[ ManagementBeacon] ....... RSSI = 229 dBm, Rate = Unknown, SSID = tamulink-wpa, Channel = 6",,
534,31.9903043,[80000B C94267],[*BROADCAST],229 (0xE5),WiFi,"WiFi:[ ManagementProbe request] ....... RSSI = 229 dBm, Rate = Unknown, SSID = BroadCast SSID",,
535,32.0728651,[3413E8 2AF468],[*BROADCAST],229 (0xE5),WiFi,"WiFi:[ ManagementProbe request] ....... RSSI = 229 dBm, Rate = Unknown, SSID = BroadCast SSID",,
536,32.0894881,[24DEC6 11EF61],[*BROADCAST],229 (0xE5),WiFi,"WiFi:[ ManagementBeacon] ....... RSSI = 229 dBm, Rate = Unknown, SSID = tamulink-wpa, Channel = 6",,
537,32.1475358,[3413E8 2AF468],[*BROADCAST],229 (0xE5),WiFi,"WiFi:[ ManagementProbe request] ....... RSSI = 229 dBm, Rate = Unknown, SSID = BroadCast SSID",,
538,32.1920012,[24DEC6 11EF61],[*BROADCAST],228 (0xE4),WiFi,"WiFi:[ ManagementBeacon] ....... RSSI = 228 dBm, Rate = Unknown, SSID = tamulink-wpa, Channel = 6",,
539,32.2944228,[24DEC6 11EF61],[*BROADCAST],228 (0xE4),WiFi,"WiFi:[ ManagementBeacon] ....... RSSI = 228 dBm, Rate = Unknown, SSID = tamulink-wpa, Channel = 6",,
540,32.3968799,[24DEC6 11EF61],[*BROADCAST],228 (0xE4),WiFi,"WiFi:[ ManagementBeacon] ....... RSSI = 228 dBm, Rate = Unknown, SSID = tamulink-wpa, Channel = 6",,
541,32.4198637,[543530 3C2B43],[*BROADCAST],228 (0xE4),WiFi,"WiFi:[ ManagementProbe request] ....... RSSI = 228 dBm, Rate = Unknown, SSID = UXRD",,
542,32.4992771,[24DEC6 11EF61],[*BROADCAST],228 (0xE4),WiFi,"WiFi:[ ManagementBeacon] ....... RSSI = 228 dBm, Rate = Unknown, SSID = tamulink-wpa, Channel = 6",,
543,32.6015204,[24DEC6 11EF61],[*BROADCAST],227 (0xE3),WiFi,"WiFi:[ ManagementBeacon] ....... RSSI = 227 dBm, Rate = Unknown, SSID = tamulink-wpa, Channel = 6",,
544,32.7039133,[24DEC6 11EF61],[*BROADCAST],227 (0xE3),WiFi,"WiFi:[ ManagementBeacon] ....... RSSI = 227 dBm, Rate = Unknown, SSID = tamulink-wpa, Channel = 6",,
545,32.8063375,[24DEC6 11EF61],[*BROADCAST],227 (0xE3),WiFi,"WiFi:[ ManagementBeacon] ....... RSSI = 227 dBm, Rate = Unknown, SSID = tamulink-wpa, Channel = 6",,
546,32.9088031,[24DEC6 11EF61],[*BROADCAST],227 (0xE3),WiFi,"WiFi:[ ManagementBeacon] ....... RSSI = 227 dBm, Rate = Unknown, SSID = tamulink-wpa, Channel = 6",,
547,33.0111815,[24DEC6 11EF61],[*BROADCAST],227 (0xE3),WiFi,"WiFi:[ ManagementBeacon] ....... RSSI = 227 dBm, Rate = Unknown, SSID = tamulink-wpa, Channel = 6",,
548,33.1135043,[24DEC6 11EF61],[*BROADCAST],227 (0xE3),WiFi,"WiFi:[ ManagementBeacon] ....... RSSI = 227 dBm, Rate = Unknown, SSID = tamulink-wpa, Channel = 6",,
549,33.2161106,[24DEC6 11EF61],[*BROADCAST],227 (0xE3),WiFi,"WiFi:[ ManagementBeacon] ....... RSSI = 227 dBm, Rate = Unknown, SSID = tamulink-wpa, Channel = 6",,
550,33.3185506,[24DEC6 11EF61],[*BROADCAST],227 (0xE3),WiFi,"WiFi:[ ManagementBeacon] ....... RSSI = 227 dBm, Rate = Unknown, SSID = tamulink-wpa, Channel = 6",,
551,33.4216253,[24DEC6 11EF61],[*BROADCAST],227 (0xE3),WiFi,"WiFi:[ ManagementBeacon] ....... RSSI = 227 dBm, Rate = Unknown, SSID = tamulink-wpa, Channel = 6",,
552,33.5250253,[24DEC6 11EF61],[*BROADCAST],227 (0xE3),WiFi,"WiFi:[ ManagementBeacon] ....... RSSI = 227 dBm, Rate = Unknown, SSID = tamulink-wpa, Channel = 6",,
