Frame Number,Time Offset,Source,Destination,RSSI (dBm),Protocol Name,Description,This data was collected by keeping the laptop in the original position with no alteration and streaming a video on a cellphone near the laptop.
3,0.0784789,[543530 3C2B43],[*BROADCAST],218 (0xDA),WiFi,"WiFi:[ ManagementProbe request] ....... RSSI = 218 dBm, Rate = Unknown, SSID = UXRD",
4,0.1072237,[543530 3C2B43],[*BROADCAST],218 (0xDA),WiFi,"WiFi:[ ManagementProbe request] ....... RSSI = 218 dBm, Rate = Unknown, SSID = UXRD",
5,0.1083488,[2C6E85 F341CA],[*BROADCAST],218 (0xDA),WiFi,"WiFi:[ ManagementProbe request] ....... RSSI = 218 dBm, Rate = Unknown, SSID = BroadCast SSID",
6,0.1783589,[24DEC6 11EF61],[*BROADCAST],218 (0xDA),WiFi,"WiFi:[ ManagementBeacon] ....... RSSI = 218 dBm, Rate = Unknown, SSID = tamulink-wpa, Channel = 6",
7,0.1826051,[2C6E85 F341CA],[*BROADCAST],218 (0xDA),WiFi,"WiFi:[ ManagementProbe request] ....... RSSI = 218 dBm, Rate = Unknown, SSID = BroadCast SSID",
8,0.2070772,[2C6E85 F341CA],[*BROADCAST],218 (0xDA),WiFi,"WiFi:[ ManagementProbe request] ....... RSSI = 218 dBm, Rate = Unknown, SSID = BroadCast SSID",
9,0.2770355,[24DEC6 11EF61],[*BROADCAST],218 (0xDA),WiFi,"WiFi:[ ManagementBeacon] ....... RSSI = 218 dBm, Rate = Unknown, SSID = tamulink-wpa, Channel = 6",
10,0.3793934,[24DEC6 11EF61],[*BROADCAST],218 (0xDA),WiFi,"WiFi:[ ManagementBeacon] ....... RSSI = 218 dBm, Rate = Unknown, SSID = tamulink-wpa, Channel = 6",
11,0.4159446,[404E36 6CABFE],[*BROADCAST],218 (0xDA),WiFi,"WiFi:[ ManagementProbe request] ....... RSSI = 218 dBm, Rate = Unknown, SSID = BroadCast SSID, Channel = 5",
12,0.4272407,[404E36 6CABFE],[*BROADCAST],218 (0xDA),WiFi,"WiFi:[ ManagementProbe request] ....... RSSI = 218 dBm, Rate = Unknown, SSID = BroadCast SSID, Channel = 5",
13,0.4359909,[404E36 6CABFE],[*BROADCAST],218 (0xDA),WiFi,"WiFi:[ ManagementProbe request] ....... RSSI = 218 dBm, Rate = Unknown, SSID = BroadCast SSID, Channel = 6",
14,0.4500300,[404E36 6CABFE],[*BROADCAST],218 (0xDA),WiFi,"WiFi:[ ManagementProbe request] ....... RSSI = 218 dBm, Rate = Unknown, SSID = BroadCast SSID, Channel = 6",
15,0.4818017,[24DEC6 11EF61],[*BROADCAST],218 (0xDA),WiFi,"WiFi:[ ManagementBeacon] ....... RSSI = 218 dBm, Rate = Unknown, SSID = tamulink-wpa, Channel = 6",
16,0.5841057,[24DEC6 11EF61],[*BROADCAST],218 (0xDA),WiFi,"WiFi:[ ManagementBeacon] ....... RSSI = 218 dBm, Rate = Unknown, SSID = tamulink-wpa, Channel = 6",
17,0.6891155,[24DEC6 11EF61],[*BROADCAST],218 (0xDA),WiFi,"WiFi:[ ManagementBeacon] ....... RSSI = 218 dBm, Rate = Unknown, SSID = tamulink-wpa, Channel = 6",
18,0.7890802,[24DEC6 11EF61],[*BROADCAST],218 (0xDA),WiFi,"WiFi:[ ManagementBeacon] ....... RSSI = 218 dBm, Rate = Unknown, SSID = tamulink-wpa, Channel = 6",
19,0.8479619,[80000B C94267],[*BROADCAST],218 (0xDA),WiFi,"WiFi:[ ManagementProbe request] ....... RSSI = 218 dBm, Rate = Unknown, SSID = BroadCast SSID",
20,0.8528970,[80000B C94267],[*BROADCAST],218 (0xDA),WiFi,"WiFi:[ ManagementProbe request] ....... RSSI = 218 dBm, Rate = Unknown, SSID = tamulink-wpa",
21,0.8540217,[80000B C94267],[*BROADCAST],218 (0xDA),WiFi,"WiFi:[ ManagementProbe request] ....... RSSI = 218 dBm, Rate = Unknown, SSID = BroadCast SSID",
22,0.8936666,[80000B C94267],[*BROADCAST],218 (0xDA),WiFi,"WiFi:[ ManagementProbe request] ....... RSSI = 218 dBm, Rate = Unknown, SSID = BroadCast SSID",
23,0.8942747,[24DEC6 11EF61],[*BROADCAST],218 (0xDA),WiFi,"WiFi:[ ManagementBeacon] ....... RSSI = 218 dBm, Rate = Unknown, SSID = tamulink-wpa, Channel = 6",
24,0.8953464,[80000B C94267],[*BROADCAST],218 (0xDA),WiFi,"WiFi:[ ManagementProbe request] ....... RSSI = 218 dBm, Rate = Unknown, SSID = tamulink-wpa",
25,0.8964036,[80000B C94267],[*BROADCAST],218 (0xDA),WiFi,"WiFi:[ ManagementProbe request] ....... RSSI = 218 dBm, Rate = Unknown, SSID = BroadCast SSID",
26,0.9201530,[80000B C94267],[*BROADCAST],218 (0xDA),WiFi,"WiFi:[ ManagementProbe request] ....... RSSI = 218 dBm, Rate = Unknown, SSID = BroadCast SSID",
27,0.9261183,[80000B C94267],[*BROADCAST],218 (0xDA),WiFi,"WiFi:[ ManagementProbe request] ....... RSSI = 218 dBm, Rate = Unknown, SSID = tamulink-wpa",
28,0.9269997,[80000B C94267],[*BROADCAST],218 (0xDA),WiFi,"WiFi:[ ManagementProbe request] ....... RSSI = 218 dBm, Rate = Unknown, SSID = BroadCast SSID",
29,0.9947274,[24DEC6 11EF61],[*BROADCAST],218 (0xDA),WiFi,"WiFi:[ ManagementBeacon] ....... RSSI = 218 dBm, Rate = Unknown, SSID = tamulink-wpa, Channel = 6",
30,1.0099049,[2A7A68 A9D775],[*BROADCAST],218 (0xDA),WiFi,"WiFi:[ ManagementProbe request] ....... RSSI = 218 dBm, Rate = Unknown, SSID = BroadCast SSID, Channel = 6",
31,1.0627506,[2A7A68 A9D775],[*BROADCAST],218 (0xDA),WiFi,"WiFi:[ ManagementProbe request] ....... RSSI = 218 dBm, Rate = Unknown, SSID = BroadCast SSID, Channel = 6",
32,1.0960846,[24DEC6 11EF61],[*BROADCAST],218 (0xDA),WiFi,"WiFi:[ ManagementBeacon] ....... RSSI = 218 dBm, Rate = Unknown, SSID = tamulink-wpa, Channel = 6",
33,1.1244945,[2A7A68 A9D775],[*BROADCAST],218 (0xDA),WiFi,"WiFi:[ ManagementProbe request] ....... RSSI = 218 dBm, Rate = Unknown, SSID = BroadCast SSID, Channel = 7",
34,1.1271567,[80000B C94267],[*BROADCAST],218 (0xDA),WiFi,"WiFi:[ ManagementProbe request] ....... RSSI = 218 dBm, Rate = Unknown, SSID = BroadCast SSID",
35,1.1339782,[80000B C94267],[*BROADCAST],218 (0xDA),WiFi,"WiFi:[ ManagementProbe request] ....... RSSI = 218 dBm, Rate = Unknown, SSID = tamulink-wpa",
36,1.1348775,[80000B C94267],[*BROADCAST],218 (0xDA),WiFi,"WiFi:[ ManagementProbe request] ....... RSSI = 218 dBm, Rate = Unknown, SSID = BroadCast SSID",
37,1.1810471,[2A7A68 A9D775],[*BROADCAST],218 (0xDA),WiFi,"WiFi:[ ManagementProbe request] ....... RSSI = 218 dBm, Rate = Unknown, SSID = BroadCast SSID, Channel = 7",
38,1.1986849,[24DEC6 11EF61],[*BROADCAST],218 (0xDA),WiFi,"WiFi:[ ManagementBeacon] ....... RSSI = 218 dBm, Rate = Unknown, SSID = tamulink-wpa, Channel = 6",
39,1.2406558,[2A7A68 A9D775],[*BROADCAST],218 (0xDA),WiFi,"WiFi:[ ManagementProbe request] ....... RSSI = 218 dBm, Rate = Unknown, SSID = BroadCast SSID, Channel = 8",
40,1.2455875,[543530 3C2B43],[*BROADCAST],218 (0xDA),WiFi,"WiFi:[ ManagementProbe request] ....... RSSI = 218 dBm, Rate = Unknown, SSID = UXRD",
41,1.3047574,[80000B C94267],[*BROADCAST],218 (0xDA),WiFi,"WiFi:[ ManagementProbe request] ....... RSSI = 218 dBm, Rate = Unknown, SSID = tamulink-wpa",
42,1.3066545,[24DEC6 11EF61],[*BROADCAST],218 (0xDA),WiFi,"WiFi:[ ManagementBeacon] ....... RSSI = 218 dBm, Rate = Unknown, SSID = tamulink-wpa, Channel = 6",
43,1.3537239,[9C2A83 4E0DC6],[*BROADCAST],218 (0xDA),WiFi,"WiFi:[ ManagementProbe request] ....... RSSI = 218 dBm, Rate = Unknown, SSID = BroadCast SSID, Channel = 6",
44,1.4034721,[24DEC6 11EF61],[*BROADCAST],218 (0xDA),WiFi,"WiFi:[ ManagementBeacon] ....... RSSI = 218 dBm, Rate = Unknown, SSID = tamulink-wpa, Channel = 6",
45,1.5058073,[24DEC6 11EF61],[*BROADCAST],218 (0xDA),WiFi,"WiFi:[ ManagementBeacon] ....... RSSI = 218 dBm, Rate = Unknown, SSID = tamulink-wpa, Channel = 6",
46,1.6080689,[24DEC6 11EF61],[*BROADCAST],218 (0xDA),WiFi,"WiFi:[ ManagementBeacon] ....... RSSI = 218 dBm, Rate = Unknown, SSID = tamulink-wpa, Channel = 6",
47,1.7105838,[24DEC6 11EF61],[*BROADCAST],218 (0xDA),WiFi,"WiFi:[ ManagementBeacon] ....... RSSI = 218 dBm, Rate = Unknown, SSID = tamulink-wpa, Channel = 6",
48,1.8129874,[24DEC6 11EF61],[*BROADCAST],218 (0xDA),WiFi,"WiFi:[ ManagementBeacon] ....... RSSI = 218 dBm, Rate = Unknown, SSID = tamulink-wpa, Channel = 6",
49,1.9152546,[24DEC6 11EF61],[*BROADCAST],218 (0xDA),WiFi,"WiFi:[ ManagementBeacon] ....... RSSI = 218 dBm, Rate = Unknown, SSID = tamulink-wpa, Channel = 6",
50,1.9646838,[9801A7 951843],[*BROADCAST],218 (0xDA),WiFi,"WiFi:[ ManagementProbe request] ....... RSSI = 218 dBm, Rate = Unknown, SSID = BroadCast SSID, Channel = 4",
51,2.0018004,[9801A7 951843],[*BROADCAST],218 (0xDA),WiFi,"WiFi:[ ManagementProbe request] ....... RSSI = 218 dBm, Rate = Unknown, SSID = BroadCast SSID, Channel = 4",
52,2.0201968,[24DEC6 11EF61],[*BROADCAST],218 (0xDA),WiFi,"WiFi:[ ManagementBeacon] ....... RSSI = 218 dBm, Rate = Unknown, SSID = tamulink-wpa, Channel = 6",
53,2.0469526,[9801A7 951843],[*BROADCAST],218 (0xDA),WiFi,"WiFi:[ ManagementProbe request] ....... RSSI = 218 dBm, Rate = Unknown, SSID = BroadCast SSID, Channel = 5",
54,2.0851370,[9801A7 951843],[*BROADCAST],218 (0xDA),WiFi,"WiFi:[ ManagementProbe request] ....... RSSI = 218 dBm, Rate = Unknown, SSID = BroadCast SSID, Channel = 5",
55,2.1202727,[24DEC6 11EF61],[*BROADCAST],217 (0xD9),WiFi,"WiFi:[ ManagementBeacon] ....... RSSI = 217 dBm, Rate = Unknown, SSID = tamulink-wpa, Channel = 6",
56,2.1307250,[9801A7 951843],[*BROADCAST],217 (0xD9),WiFi,"WiFi:[ ManagementProbe request] ....... RSSI = 217 dBm, Rate = Unknown, SSID = BroadCast SSID, Channel = 6",
57,2.1679404,[9801A7 951843],[*BROADCAST],217 (0xD9),WiFi,"WiFi:[ ManagementProbe request] ....... RSSI = 217 dBm, Rate = Unknown, SSID = BroadCast SSID, Channel = 6",
58,2.2226627,[24DEC6 11EF61],[*BROADCAST],217 (0xD9),WiFi,"WiFi:[ ManagementBeacon] ....... RSSI = 217 dBm, Rate = Unknown, SSID = tamulink-wpa, Channel = 6",
59,2.2328934,[2A7A68 A9D775],[*BROADCAST],217 (0xD9),WiFi,"WiFi:[ ManagementProbe request] ....... RSSI = 217 dBm, Rate = Unknown, SSID = BroadCast SSID, Channel = 4",
60,2.2358340,[9801A7 951843],[*BROADCAST],217 (0xD9),WiFi,"WiFi:[ ManagementProbe request] ....... RSSI = 217 dBm, Rate = Unknown, SSID = BroadCast SSID, Channel = 7",
61,2.2813305,[9801A7 951843],[*BROADCAST],217 (0xD9),WiFi,"WiFi:[ ManagementProbe request] ....... RSSI = 217 dBm, Rate = Unknown, SSID = BroadCast SSID, Channel = 7",
62,2.3191972,[9801A7 951843],[*BROADCAST],217 (0xD9),WiFi,"WiFi:[ ManagementProbe request] ....... RSSI = 217 dBm, Rate = Unknown, SSID = BroadCast SSID, Channel = 8",
63,2.3249991,[24DEC6 11EF61],[*BROADCAST],217 (0xD9),WiFi,"WiFi:[ ManagementBeacon] ....... RSSI = 217 dBm, Rate = Unknown, SSID = tamulink-wpa, Channel = 6",
64,2.3487336,[2A7A68 A9D775],[*BROADCAST],217 (0xD9),WiFi,"WiFi:[ ManagementProbe request] ....... RSSI = 217 dBm, Rate = Unknown, SSID = BroadCast SSID, Channel = 5",
65,2.4274370,[24DEC6 11EF61],[*BROADCAST],217 (0xD9),WiFi,"WiFi:[ ManagementBeacon] ....... RSSI = 217 dBm, Rate = Unknown, SSID = tamulink-wpa, Channel = 6",
66,2.5297927,[24DEC6 11EF61],[*BROADCAST],217 (0xD9),WiFi,"WiFi:[ ManagementBeacon] ....... RSSI = 217 dBm, Rate = Unknown, SSID = tamulink-wpa, Channel = 6",
67,2.6322592,[24DEC6 11EF61],[*BROADCAST],217 (0xD9),WiFi,"WiFi:[ ManagementBeacon] ....... RSSI = 217 dBm, Rate = Unknown, SSID = tamulink-wpa, Channel = 6",
68,2.7347475,[24DEC6 11EF61],[*BROADCAST],216 (0xD8),WiFi,"WiFi:[ ManagementBeacon] ....... RSSI = 216 dBm, Rate = Unknown, SSID = tamulink-wpa, Channel = 6",
69,2.8370425,[24DEC6 11EF61],[*BROADCAST],216 (0xD8),WiFi,"WiFi:[ ManagementBeacon] ....... RSSI = 216 dBm, Rate = Unknown, SSID = tamulink-wpa, Channel = 6",
70,2.9394748,[24DEC6 11EF61],[*BROADCAST],216 (0xD8),WiFi,"WiFi:[ ManagementBeacon] ....... RSSI = 216 dBm, Rate = Unknown, SSID = tamulink-wpa, Channel = 6",
71,3.0417399,[24DEC6 11EF61],[*BROADCAST],216 (0xD8),WiFi,"WiFi:[ ManagementBeacon] ....... RSSI = 216 dBm, Rate = Unknown, SSID = tamulink-wpa, Channel = 6",
72,3.1442830,[24DEC6 11EF61],[*BROADCAST],216 (0xD8),WiFi,"WiFi:[ ManagementBeacon] ....... RSSI = 216 dBm, Rate = Unknown, SSID = tamulink-wpa, Channel = 6",
73,3.2466045,[24DEC6 11EF61],[*BROADCAST],216 (0xD8),WiFi,"WiFi:[ ManagementBeacon] ....... RSSI = 216 dBm, Rate = Unknown, SSID = tamulink-wpa, Channel = 6",
74,3.3489863,[24DEC6 11EF61],[*BROADCAST],216 (0xD8),WiFi,"WiFi:[ ManagementBeacon] ....... RSSI = 216 dBm, Rate = Unknown, SSID = tamulink-wpa, Channel = 6",
75,3.4514135,[24DEC6 11EF61],[*BROADCAST],216 (0xD8),WiFi,"WiFi:[ ManagementBeacon] ....... RSSI = 216 dBm, Rate = Unknown, SSID = tamulink-wpa, Channel = 6",
76,3.5537029,[24DEC6 11EF61],[*BROADCAST],216 (0xD8),WiFi,"WiFi:[ ManagementBeacon] ....... RSSI = 216 dBm, Rate = Unknown, SSID = tamulink-wpa, Channel = 6",
77,3.6583761,[24DEC6 11EF61],[*BROADCAST],216 (0xD8),WiFi,"WiFi:[ ManagementBeacon] ....... RSSI = 216 dBm, Rate = Unknown, SSID = tamulink-wpa, Channel = 6",
78,3.7269347,[EC0EC4 224C95],[*BROADCAST],216 (0xD8),WiFi,"WiFi:[ ManagementProbe request] ....... RSSI = 216 dBm, Rate = Unknown, SSID = tamulink-wpa",
79,3.7571502,[EC0EC4 224C95],[*BROADCAST],216 (0xD8),WiFi,"WiFi:[ ManagementProbe request] ....... RSSI = 216 dBm, Rate = Unknown, SSID = tamulink-wpa",
80,3.7585897,[24DEC6 11EF61],[*BROADCAST],216 (0xD8),WiFi,"WiFi:[ ManagementBeacon] ....... RSSI = 216 dBm, Rate = Unknown, SSID = tamulink-wpa, Channel = 6",
81,3.8608911,[24DEC6 11EF61],[*BROADCAST],216 (0xD8),WiFi,"WiFi:[ ManagementBeacon] ....... RSSI = 216 dBm, Rate = Unknown, SSID = tamulink-wpa, Channel = 6",
82,3.9632905,[24DEC6 11EF61],[*BROADCAST],215 (0xD7),WiFi,"WiFi:[ ManagementBeacon] ....... RSSI = 215 dBm, Rate = Unknown, SSID = tamulink-wpa, Channel = 6",
83,4.0657634,[24DEC6 11EF61],[*BROADCAST],215 (0xD7),WiFi,"WiFi:[ ManagementBeacon] ....... RSSI = 215 dBm, Rate = Unknown, SSID = tamulink-wpa, Channel = 6",
84,4.1233771,[EC0EC4 224C95],[*BROADCAST],215 (0xD7),WiFi,"WiFi:[ ManagementProbe request] ....... RSSI = 215 dBm, Rate = Unknown, SSID = tamulink-wpa",
85,4.1471170,[EC0EC4 224C95],[*BROADCAST],215 (0xD7),WiFi,"WiFi:[ ManagementProbe request] ....... RSSI = 215 dBm, Rate = Unknown, SSID = tamulink-wpa",
86,4.1683642,[24DEC6 11EF61],[*BROADCAST],215 (0xD7),WiFi,"WiFi:[ ManagementBeacon] ....... RSSI = 215 dBm, Rate = Unknown, SSID = tamulink-wpa, Channel = 6",
87,4.2625427,[26E21E D3334B],[*BROADCAST],215 (0xD7),WiFi,"WiFi:[ ManagementProbe request] ....... RSSI = 215 dBm, Rate = Unknown, SSID = BroadCast SSID, Channel = 6",
88,4.3730380,[24DEC6 11EF61],[*BROADCAST],215 (0xD7),WiFi,"WiFi:[ ManagementBeacon] ....... RSSI = 215 dBm, Rate = Unknown, SSID = tamulink-wpa, Channel = 6",
89,4.4736109,10.231.231.191,64.233.171.125,,TLS,TLS:TLS Rec Layer-1 SSL Application Data,"{TLS:8, SSLVersionSelector:7, TCP:2, IPv4:1}"
90,4.4754879,[24DEC6 11EF61],[*BROADCAST],215 (0xD7),WiFi,"WiFi:[ ManagementBeacon] ....... RSSI = 215 dBm, Rate = Unknown, SSID = tamulink-wpa, Channel = 6",
91,4.4892006,64.233.171.125,10.231.231.191,214 (0xD6),TCP,"TCP:[Segment Lost]Flags=...A...., SrcPort=5222, DstPort=2991, PayloadLen=0, Seq=1731802211, Ack=67433830, Win=246","{TCP:2, IPv4:1}"
92,4.5776777,[24DEC6 11EF61],[*BROADCAST],214 (0xD6),WiFi,"WiFi:[ ManagementBeacon] ....... RSSI = 214 dBm, Rate = Unknown, SSID = tamulink-wpa, Channel = 6",
93,4.6802451,[24DEC6 11EF61],[*BROADCAST],214 (0xD6),WiFi,"WiFi:[ ManagementBeacon] ....... RSSI = 214 dBm, Rate = Unknown, SSID = tamulink-wpa, Channel = 6",
94,4.7587633,[EC0EC4 224C95],[*BROADCAST],214 (0xD6),WiFi,"WiFi:[ ManagementProbe request] ....... RSSI = 214 dBm, Rate = Unknown, SSID = tamulink-wpa",
95,4.7826714,[24DEC6 11EF61],[*BROADCAST],214 (0xD6),WiFi,"WiFi:[ ManagementBeacon] ....... RSSI = 214 dBm, Rate = Unknown, SSID = tamulink-wpa, Channel = 6",
96,4.7867713,[EC0EC4 224C95],[*BROADCAST],214 (0xD6),WiFi,"WiFi:[ ManagementProbe request] ....... RSSI = 214 dBm, Rate = Unknown, SSID = tamulink-wpa",
97,4.8562981,[48E244 AA232D],[*BROADCAST],214 (0xD6),WiFi,"WiFi:[ ManagementProbe request] ....... RSSI = 214 dBm, Rate = Unknown, SSID = BroadCast SSID",
98,4.8850703,[24DEC6 11EF61],[*BROADCAST],214 (0xD6),WiFi,"WiFi:[ ManagementBeacon] ....... RSSI = 214 dBm, Rate = Unknown, SSID = tamulink-wpa, Channel = 6",
99,4.8860680,[48E244 AA232D],[*BROADCAST],214 (0xD6),WiFi,"WiFi:[ ManagementProbe request] ....... RSSI = 214 dBm, Rate = Unknown, SSID = BroadCast SSID",
100,4.9291153,[EC0EC4 224C95],[*BROADCAST],214 (0xD6),WiFi,"WiFi:[ ManagementProbe request] ....... RSSI = 214 dBm, Rate = Unknown, SSID = tamulink-wpa",
101,4.9583160,[EC0EC4 224C95],[*BROADCAST],214 (0xD6),WiFi,"WiFi:[ ManagementProbe request] ....... RSSI = 214 dBm, Rate = Unknown, SSID = tamulink-wpa",
102,4.9812516,[48E244 AA232D],[*BROADCAST],214 (0xD6),WiFi,"WiFi:[ ManagementProbe request] ....... RSSI = 214 dBm, Rate = Unknown, SSID = BroadCast SSID",
103,4.9874825,[24DEC6 11EF61],[*BROADCAST],214 (0xD6),WiFi,"WiFi:[ ManagementBeacon] ....... RSSI = 214 dBm, Rate = Unknown, SSID = tamulink-wpa, Channel = 6",
104,5.0108906,[48E244 AA232D],[*BROADCAST],214 (0xD6),WiFi,"WiFi:[ ManagementProbe request] ....... RSSI = 214 dBm, Rate = Unknown, SSID = BroadCast SSID",
105,5.0896672,[24DEC6 11EF61],[*BROADCAST],213 (0xD5),WiFi,"WiFi:[ ManagementBeacon] ....... RSSI = 213 dBm, Rate = Unknown, SSID = tamulink-wpa, Channel = 6",
106,5.1630951,[EC0EC4 224C95],[*BROADCAST],213 (0xD5),WiFi,"WiFi:[ ManagementProbe request] ....... RSSI = 213 dBm, Rate = Unknown, SSID = tamulink-wpa",
107,5.1687837,[48E244 AA232D],[*BROADCAST],213 (0xD5),WiFi,"WiFi:[ ManagementProbe request] ....... RSSI = 213 dBm, Rate = Unknown, SSID = BroadCast SSID",
108,5.1923261,[EC0EC4 224C95],[*BROADCAST],213 (0xD5),WiFi,"WiFi:[ ManagementProbe request] ....... RSSI = 213 dBm, Rate = Unknown, SSID = tamulink-wpa",
109,5.1984411,[48E244 AA232D],[*BROADCAST],213 (0xD5),WiFi,"WiFi:[ ManagementProbe request] ....... RSSI = 213 dBm, Rate = Unknown, SSID = BroadCast SSID",
110,5.2938129,[48E244 AA232D],[*BROADCAST],213 (0xD5),WiFi,"WiFi:[ ManagementProbe request] ....... RSSI = 213 dBm, Rate = Unknown, SSID = BroadCast SSID",
111,5.2946365,[24DEC6 11EF61],[*BROADCAST],213 (0xD5),WiFi,"WiFi:[ ManagementBeacon] ....... RSSI = 213 dBm, Rate = Unknown, SSID = tamulink-wpa, Channel = 6",
112,5.3235156,[48E244 AA232D],[*BROADCAST],213 (0xD5),WiFi,"WiFi:[ ManagementProbe request] ....... RSSI = 213 dBm, Rate = Unknown, SSID = BroadCast SSID",
113,5.3490038,[8C8590 34FBAD],[*BROADCAST],213 (0xD5),WiFi,"WiFi:[ ManagementProbe request] ....... RSSI = 213 dBm, Rate = Unknown, SSID = BroadCast SSID, Channel = 6",
114,5.3595353,[8C8590 34FBAD],[*BROADCAST],213 (0xD5),WiFi,"WiFi:[ ManagementProbe request] ....... RSSI = 213 dBm, Rate = Unknown, SSID = BroadCast SSID, Channel = 6",
115,5.3835677,[8C8590 34FBAD],[*BROADCAST],213 (0xD5),WiFi,"WiFi:[ ManagementProbe request] ....... RSSI = 213 dBm, Rate = Unknown, SSID = BroadCast SSID, Channel = 7",
116,5.3987170,[24DEC6 11EF61],[*BROADCAST],213 (0xD5),WiFi,"WiFi:[ ManagementBeacon] ....... RSSI = 213 dBm, Rate = Unknown, SSID = tamulink-wpa, Channel = 6",
117,5.4994917,[24DEC6 11EF61],[*BROADCAST],213 (0xD5),WiFi,"WiFi:[ ManagementBeacon] ....... RSSI = 213 dBm, Rate = Unknown, SSID = tamulink-wpa, Channel = 6",
118,5.6016712,[24DEC6 11EF61],[*BROADCAST],213 (0xD5),WiFi,"WiFi:[ ManagementBeacon] ....... RSSI = 213 dBm, Rate = Unknown, SSID = tamulink-wpa, Channel = 6",
119,5.6936225,[4CBB58 8A3C8B],[*BROADCAST],213 (0xD5),WiFi,"WiFi:[ ManagementProbe request] ....... RSSI = 213 dBm, Rate = Unknown, SSID = BroadCast SSID",
120,5.7235554,[4CBB58 8A3C8B],[*BROADCAST],213 (0xD5),WiFi,"WiFi:[ ManagementProbe request] ....... RSSI = 213 dBm, Rate = Unknown, SSID = BroadCast SSID",
121,5.8066098,[24DEC6 11EF61],[*BROADCAST],212 (0xD4),WiFi,"WiFi:[ ManagementBeacon] ....... RSSI = 212 dBm, Rate = Unknown, SSID = tamulink-wpa, Channel = 6",
122,5.8246551,[4CBB58 8A3C8B],[*BROADCAST],212 (0xD4),WiFi,"WiFi:[ ManagementProbe request] ....... RSSI = 212 dBm, Rate = Unknown, SSID = BroadCast SSID",
123,5.8606948,[4CBB58 8A3C8B],[*BROADCAST],212 (0xD4),WiFi,"WiFi:[ ManagementProbe request] ....... RSSI = 212 dBm, Rate = Unknown, SSID = BroadCast SSID",
124,5.9090904,[24DEC6 11EF61],[*BROADCAST],212 (0xD4),WiFi,"WiFi:[ ManagementBeacon] ....... RSSI = 212 dBm, Rate = Unknown, SSID = tamulink-wpa, Channel = 6",
125,6.0113414,[24DEC6 11EF61],[*BROADCAST],212 (0xD4),WiFi,"WiFi:[ ManagementBeacon] ....... RSSI = 212 dBm, Rate = Unknown, SSID = tamulink-wpa, Channel = 6",
126,6.0238473,[4CBB58 8A3C8B],[*BROADCAST],212 (0xD4),WiFi,"WiFi:[ ManagementProbe request] ....... RSSI = 212 dBm, Rate = Unknown, SSID = BroadCast SSID",
127,6.0614244,[4CBB58 8A3C8B],[*BROADCAST],212 (0xD4),WiFi,"WiFi:[ ManagementProbe request] ....... RSSI = 212 dBm, Rate = Unknown, SSID = BroadCast SSID",
128,6.1137672,[24DEC6 11EF61],[*BROADCAST],212 (0xD4),WiFi,"WiFi:[ ManagementBeacon] ....... RSSI = 212 dBm, Rate = Unknown, SSID = tamulink-wpa, Channel = 6",
129,6.1240309,[4CBB58 8A3C8B],[*BROADCAST],212 (0xD4),WiFi,"WiFi:[ ManagementProbe request] ....... RSSI = 212 dBm, Rate = Unknown, SSID = BroadCast SSID",
130,6.1630138,[4CBB58 8A3C8B],[*BROADCAST],212 (0xD4),WiFi,"WiFi:[ ManagementProbe request] ....... RSSI = 212 dBm, Rate = Unknown, SSID = BroadCast SSID",
131,6.1929428,[4CBB58 8A3C8B],[*BROADCAST],212 (0xD4),WiFi,"WiFi:[ ManagementProbe request] ....... RSSI = 212 dBm, Rate = Unknown, SSID = BroadCast SSID",
132,6.2189677,[24DEC6 11EF61],[*BROADCAST],212 (0xD4),WiFi,"WiFi:[ ManagementBeacon] ....... RSSI = 212 dBm, Rate = Unknown, SSID = tamulink-wpa, Channel = 6",
133,6.3185942,[24DEC6 11EF61],[*BROADCAST],212 (0xD4),WiFi,"WiFi:[ ManagementBeacon] ....... RSSI = 212 dBm, Rate = Unknown, SSID = tamulink-wpa, Channel = 6",
134,6.4210341,[24DEC6 11EF61],[*BROADCAST],212 (0xD4),WiFi,"WiFi:[ ManagementBeacon] ....... RSSI = 212 dBm, Rate = Unknown, SSID = tamulink-wpa, Channel = 6",
135,6.4388870,[0071CC 5383E9],[*BROADCAST],212 (0xD4),WiFi,"WiFi:[ ManagementProbe request] ....... RSSI = 212 dBm, Rate = Unknown, SSID = BroadCast SSID",
136,6.5233946,[24DEC6 11EF61],[*BROADCAST],212 (0xD4),WiFi,"WiFi:[ ManagementBeacon] ....... RSSI = 212 dBm, Rate = Unknown, SSID = tamulink-wpa, Channel = 6",
137,6.5340569,[0071CC 5383E9],[*BROADCAST],212 (0xD4),WiFi,"WiFi:[ ManagementProbe request] ....... RSSI = 212 dBm, Rate = Unknown, SSID = BroadCast SSID",
138,6.6282324,[24DEC6 11EF61],[*BROADCAST],212 (0xD4),WiFi,"WiFi:[ ManagementBeacon] ....... RSSI = 212 dBm, Rate = Unknown, SSID = tamulink-wpa, Channel = 6",
139,6.7282172,[24DEC6 11EF61],[*BROADCAST],212 (0xD4),WiFi,"WiFi:[ ManagementBeacon] ....... RSSI = 212 dBm, Rate = Unknown, SSID = tamulink-wpa, Channel = 6",
140,6.7393115,[186590 964BD1],[*BROADCAST],212 (0xD4),WiFi,"WiFi:[ ManagementProbe request] ....... RSSI = 212 dBm, Rate = Unknown, SSID = tamulink-wpa, Channel = 4",
141,6.7515480,[0071CC 5383E9],[*BROADCAST],212 (0xD4),WiFi,"WiFi:[ ManagementProbe request] ....... RSSI = 212 dBm, Rate = Unknown, SSID = BroadCast SSID",
142,6.7669512,[186590 964BD1],[*BROADCAST],212 (0xD4),WiFi,"WiFi:[ ManagementProbe request] ....... RSSI = 212 dBm, Rate = Unknown, SSID = tamulink-wpa, Channel = 5",
143,6.7837427,[186590 964BD1],[*BROADCAST],212 (0xD4),WiFi,"WiFi:[ ManagementProbe request] ....... RSSI = 212 dBm, Rate = Unknown, SSID = tamulink-wpa, Channel = 6",
144,6.8143597,[0071CC 5383E9],[*BROADCAST],212 (0xD4),WiFi,"WiFi:[ ManagementProbe request] ....... RSSI = 212 dBm, Rate = Unknown, SSID = BroadCast SSID",
145,6.8325445,[24DEC6 11EF61],[*BROADCAST],212 (0xD4),WiFi,"WiFi:[ ManagementBeacon] ....... RSSI = 212 dBm, Rate = Unknown, SSID = tamulink-wpa, Channel = 6",
146,6.8675065,[186590 964BD1],[*BROADCAST],212 (0xD4),WiFi,"WiFi:[ ManagementProbe request] ....... RSSI = 212 dBm, Rate = Unknown, SSID = tamulink-wpa, Channel = 7",
147,6.8764321,[0071CC 5383E9],[*BROADCAST],212 (0xD4),WiFi,"WiFi:[ ManagementProbe request] ....... RSSI = 212 dBm, Rate = Unknown, SSID = BroadCast SSID",
148,6.9330878,[24DEC6 11EF61],[*BROADCAST],212 (0xD4),WiFi,"WiFi:[ ManagementBeacon] ....... RSSI = 212 dBm, Rate = Unknown, SSID = tamulink-wpa, Channel = 6",
149,7.0354016,[24DEC6 11EF61],[*BROADCAST],212 (0xD4),WiFi,"WiFi:[ ManagementBeacon] ....... RSSI = 212 dBm, Rate = Unknown, SSID = tamulink-wpa, Channel = 6",
150,7.0643474,[689423 B93BA7],[*BROADCAST],212 (0xD4),WiFi,"WiFi:[ ManagementProbe request] ....... RSSI = 212 dBm, Rate = Unknown, SSID = BroadCast SSID, Channel = 6",
151,7.1384160,[24DEC6 11EF61],[*BROADCAST],212 (0xD4),WiFi,"WiFi:[ ManagementBeacon] ....... RSSI = 212 dBm, Rate = Unknown, SSID = tamulink-wpa, Channel = 6",
152,7.2402337,[24DEC6 11EF61],[*BROADCAST],212 (0xD4),WiFi,"WiFi:[ ManagementBeacon] ....... RSSI = 212 dBm, Rate = Unknown, SSID = tamulink-wpa, Channel = 6",
153,7.3426891,[24DEC6 11EF61],[*BROADCAST],212 (0xD4),WiFi,"WiFi:[ ManagementBeacon] ....... RSSI = 212 dBm, Rate = Unknown, SSID = tamulink-wpa, Channel = 6",
154,7.3841468,[689423 B93BA7],[*BROADCAST],212 (0xD4),WiFi,"WiFi:[ ManagementProbe request] ....... RSSI = 212 dBm, Rate = Unknown, SSID = BroadCast SSID, Channel = 8",
155,7.4450068,[24DEC6 11EF61],[*BROADCAST],212 (0xD4),WiFi,"WiFi:[ ManagementBeacon] ....... RSSI = 212 dBm, Rate = Unknown, SSID = tamulink-wpa, Channel = 6",
156,7.4860971,[0028F8 19DDD6],[*BROADCAST],212 (0xD4),WiFi,"WiFi:[ ManagementProbe request] ....... RSSI = 212 dBm, Rate = Unknown, SSID = BroadCast SSID",
157,7.6497661,[24DEC6 11EF61],[*BROADCAST],212 (0xD4),WiFi,"WiFi:[ ManagementBeacon] ....... RSSI = 212 dBm, Rate = Unknown, SSID = tamulink-wpa, Channel = 6",
158,7.7367417,[0028F8 19DDD6],[*BROADCAST],212 (0xD4),WiFi,"WiFi:[ ManagementProbe request] ....... RSSI = 212 dBm, Rate = Unknown, SSID = BroadCast SSID",
159,7.7551882,[24DEC6 11EF61],[*BROADCAST],212 (0xD4),WiFi,"WiFi:[ ManagementBeacon] ....... RSSI = 212 dBm, Rate = Unknown, SSID = tamulink-wpa, Channel = 6",
160,7.8546521,[24DEC6 11EF61],[*BROADCAST],212 (0xD4),WiFi,"WiFi:[ ManagementBeacon] ....... RSSI = 212 dBm, Rate = Unknown, SSID = tamulink-wpa, Channel = 6",
161,7.9569052,[24DEC6 11EF61],[*BROADCAST],212 (0xD4),WiFi,"WiFi:[ ManagementBeacon] ....... RSSI = 212 dBm, Rate = Unknown, SSID = tamulink-wpa, Channel = 6",
162,8.0593084,[24DEC6 11EF61],[*BROADCAST],212 (0xD4),WiFi,"WiFi:[ ManagementBeacon] ....... RSSI = 212 dBm, Rate = Unknown, SSID = tamulink-wpa, Channel = 6",
163,8.1618925,[24DEC6 11EF61],[*BROADCAST],212 (0xD4),WiFi,"WiFi:[ ManagementBeacon] ....... RSSI = 212 dBm, Rate = Unknown, SSID = tamulink-wpa, Channel = 6",
164,8.2686167,[24DEC6 11EF61],[*BROADCAST],212 (0xD4),WiFi,"WiFi:[ ManagementBeacon] ....... RSSI = 212 dBm, Rate = Unknown, SSID = tamulink-wpa, Channel = 6",
165,8.3666818,[24DEC6 11EF61],[*BROADCAST],212 (0xD4),WiFi,"WiFi:[ ManagementBeacon] ....... RSSI = 212 dBm, Rate = Unknown, SSID = tamulink-wpa, Channel = 6",
166,8.4690037,[24DEC6 11EF61],[*BROADCAST],212 (0xD4),WiFi,"WiFi:[ ManagementBeacon] ....... RSSI = 212 dBm, Rate = Unknown, SSID = tamulink-wpa, Channel = 6",
167,8.5714724,[24DEC6 11EF61],[*BROADCAST],212 (0xD4),WiFi,"WiFi:[ ManagementBeacon] ....... RSSI = 212 dBm, Rate = Unknown, SSID = tamulink-wpa, Channel = 6",
168,8.6386069,[8C4500 7B15A4],[*BROADCAST],212 (0xD4),WiFi,"WiFi:[ ManagementProbe request] ....... RSSI = 212 dBm, Rate = Unknown, SSID = tamulink-wpa, Channel = 6",
169,8.6737943,[24DEC6 11EF61],[*BROADCAST],212 (0xD4),WiFi,"WiFi:[ ManagementBeacon] ....... RSSI = 212 dBm, Rate = Unknown, SSID = tamulink-wpa, Channel = 6",
170,8.6787953,[8C4500 7B15A4],[*BROADCAST],212 (0xD4),WiFi,"WiFi:[ ManagementProbe request] ....... RSSI = 212 dBm, Rate = Unknown, SSID = tamulink-wpa, Channel = 6",
171,8.7762963,[24DEC6 11EF61],[*BROADCAST],212 (0xD4),WiFi,"WiFi:[ ManagementBeacon] ....... RSSI = 212 dBm, Rate = Unknown, SSID = tamulink-wpa, Channel = 6",
172,8.8786816,[24DEC6 11EF61],[*BROADCAST],212 (0xD4),WiFi,"WiFi:[ ManagementBeacon] ....... RSSI = 212 dBm, Rate = Unknown, SSID = tamulink-wpa, Channel = 6",
173,8.9809274,[24DEC6 11EF61],[*BROADCAST],212 (0xD4),WiFi,"WiFi:[ ManagementBeacon] ....... RSSI = 212 dBm, Rate = Unknown, SSID = tamulink-wpa, Channel = 6",
174,9.0904716,[24DEC6 11EF61],[*BROADCAST],212 (0xD4),WiFi,"WiFi:[ ManagementBeacon] ....... RSSI = 212 dBm, Rate = Unknown, SSID = tamulink-wpa, Channel = 6",
175,9.2919628,[24DEC6 11EF61],[*BROADCAST],212 (0xD4),WiFi,"WiFi:[ ManagementBeacon] ....... RSSI = 212 dBm, Rate = Unknown, SSID = tamulink-wpa, Channel = 6",
176,9.3907019,[24DEC6 11EF61],[*BROADCAST],212 (0xD4),WiFi,"WiFi:[ ManagementBeacon] ....... RSSI = 212 dBm, Rate = Unknown, SSID = tamulink-wpa, Channel = 6",
177,9.4064255,[8C8590 34FBAD],[*BROADCAST],212 (0xD4),WiFi,"WiFi:[ ManagementProbe request] ....... RSSI = 212 dBm, Rate = Unknown, SSID = BroadCast SSID, Channel = 6",
178,9.4407311,[8C8590 34FBAD],[*BROADCAST],212 (0xD4),WiFi,"WiFi:[ ManagementProbe request] ....... RSSI = 212 dBm, Rate = Unknown, SSID = BroadCast SSID, Channel = 7",
179,9.5953013,[24DEC6 11EF61],[*BROADCAST],212 (0xD4),WiFi,"WiFi:[ ManagementBeacon] ....... RSSI = 212 dBm, Rate = Unknown, SSID = tamulink-wpa, Channel = 6",
180,9.6003301,[56CDFF 456A2B],[*BROADCAST],212 (0xD4),WiFi,"WiFi:[ ManagementProbe request] ....... RSSI = 212 dBm, Rate = Unknown, SSID = BroadCast SSID, Channel = 6",
181,9.6344882,[985FD3 3540E6],[*BROADCAST],212 (0xD4),WiFi,"WiFi:[ ManagementProbe request] ....... RSSI = 212 dBm, Rate = Unknown, SSID = BroadCast SSID, Channel = 4",
182,9.6356120,[985FD3 3540E6],[*BROADCAST],212 (0xD4),WiFi,"WiFi:[ ManagementProbe request] ....... RSSI = 212 dBm, Rate = Unknown, SSID = BroadCast SSID, Channel = 4",
183,9.6978948,[24DEC6 11EF61],[*BROADCAST],212 (0xD4),WiFi,"WiFi:[ ManagementBeacon] ....... RSSI = 212 dBm, Rate = Unknown, SSID = tamulink-wpa, Channel = 6",
184,9.7279239,[985FD3 3540E6],[*BROADCAST],212 (0xD4),WiFi,"WiFi:[ ManagementProbe request] ....... RSSI = 212 dBm, Rate = Unknown, SSID = BroadCast SSID, Channel = 5",
185,9.8037128,[24DEC6 11EF61],[*BROADCAST],212 (0xD4),WiFi,"WiFi:[ ManagementBeacon] ....... RSSI = 212 dBm, Rate = Unknown, SSID = tamulink-wpa, Channel = 6",
186,9.8075857,[985FD3 3540E6],[*BROADCAST],212 (0xD4),WiFi,"WiFi:[ ManagementProbe request] ....... RSSI = 212 dBm, Rate = Unknown, SSID = BroadCast SSID, Channel = 6",
187,9.8123818,[985FD3 3540E6],[*BROADCAST],212 (0xD4),WiFi,"WiFi:[ ManagementProbe request] ....... RSSI = 212 dBm, Rate = Unknown, SSID = BroadCast SSID, Channel = 6",
188,9.8991851,[985FD3 3540E6],[*BROADCAST],212 (0xD4),WiFi,"WiFi:[ ManagementProbe request] ....... RSSI = 212 dBm, Rate = Unknown, SSID = BroadCast SSID, Channel = 7",
189,9.9039042,[985FD3 3540E6],[*BROADCAST],212 (0xD4),WiFi,"WiFi:[ ManagementProbe request] ....... RSSI = 212 dBm, Rate = Unknown, SSID = BroadCast SSID, Channel = 7",
190,9.9046188,[24DEC6 11EF61],[*BROADCAST],212 (0xD4),WiFi,"WiFi:[ ManagementBeacon] ....... RSSI = 212 dBm, Rate = Unknown, SSID = tamulink-wpa, Channel = 6",
191,10.0092253,[24DEC6 11EF61],[*BROADCAST],212 (0xD4),WiFi,"WiFi:[ ManagementBeacon] ....... RSSI = 212 dBm, Rate = Unknown, SSID = tamulink-wpa, Channel = 6",
192,10.1080268,[24DEC6 11EF61],[*BROADCAST],212 (0xD4),WiFi,"WiFi:[ ManagementBeacon] ....... RSSI = 212 dBm, Rate = Unknown, SSID = tamulink-wpa, Channel = 6",
193,10.2105553,[24DEC6 11EF61],[*BROADCAST],212 (0xD4),WiFi,"WiFi:[ ManagementBeacon] ....... RSSI = 212 dBm, Rate = Unknown, SSID = tamulink-wpa, Channel = 6",
194,10.3129269,[24DEC6 11EF61],[*BROADCAST],212 (0xD4),WiFi,"WiFi:[ ManagementBeacon] ....... RSSI = 212 dBm, Rate = Unknown, SSID = tamulink-wpa, Channel = 6",
195,10.4153810,[24DEC6 11EF61],[*BROADCAST],212 (0xD4),WiFi,"WiFi:[ ManagementBeacon] ....... RSSI = 212 dBm, Rate = Unknown, SSID = tamulink-wpa, Channel = 6",
196,10.4558756,[3C2EF9 E3E53C],[*BROADCAST],212 (0xD4),WiFi,"WiFi:[ ManagementProbe request] ....... RSSI = 212 dBm, Rate = Unknown, SSID = BroadCast SSID, Channel = 6",
197,10.4661094,[3C2EF9 E3E53C],[*BROADCAST],212 (0xD4),WiFi,"WiFi:[ ManagementProbe request] ....... RSSI = 212 dBm, Rate = Unknown, SSID = BroadCast SSID, Channel = 6",
198,10.5177371,[24DEC6 11EF61],[*BROADCAST],212 (0xD4),WiFi,"WiFi:[ ManagementBeacon] ....... RSSI = 212 dBm, Rate = Unknown, SSID = tamulink-wpa, Channel = 6",
199,10.6200843,[24DEC6 11EF61],[*BROADCAST],212 (0xD4),WiFi,"WiFi:[ ManagementBeacon] ....... RSSI = 212 dBm, Rate = Unknown, SSID = tamulink-wpa, Channel = 6",
200,10.7226038,[24DEC6 11EF61],[*BROADCAST],212 (0xD4),WiFi,"WiFi:[ ManagementBeacon] ....... RSSI = 212 dBm, Rate = Unknown, SSID = tamulink-wpa, Channel = 6",
201,10.8251802,[24DEC6 11EF61],[*BROADCAST],213 (0xD5),WiFi,"WiFi:[ ManagementBeacon] ....... RSSI = 213 dBm, Rate = Unknown, SSID = tamulink-wpa, Channel = 6",
202,10.8839083,[80000B C94267],[*BROADCAST],213 (0xD5),WiFi,"WiFi:[ ManagementProbe request] ....... RSSI = 213 dBm, Rate = Unknown, SSID = BroadCast SSID",
203,10.8889196,[80000B C94267],[*BROADCAST],213 (0xD5),WiFi,"WiFi:[ ManagementProbe request] ....... RSSI = 213 dBm, Rate = Unknown, SSID = tamulink-wpa",
204,10.8942144,[80000B C94267],[*BROADCAST],213 (0xD5),WiFi,"WiFi:[ ManagementProbe request] ....... RSSI = 213 dBm, Rate = Unknown, SSID = BroadCast SSID",
205,10.9273816,[24DEC6 11EF61],[*BROADCAST],212 (0xD4),WiFi,"WiFi:[ ManagementBeacon] ....... RSSI = 212 dBm, Rate = Unknown, SSID = tamulink-wpa, Channel = 6",
206,11.0306149,[80000B C94267],[*BROADCAST],212 (0xD4),WiFi,"WiFi:[ ManagementProbe request] ....... RSSI = 212 dBm, Rate = Unknown, SSID = BroadCast SSID",
207,11.0355017,[80000B C94267],[*BROADCAST],212 (0xD4),WiFi,"WiFi:[ ManagementProbe request] ....... RSSI = 212 dBm, Rate = Unknown, SSID = tamulink-wpa",
208,11.0368415,[80000B C94267],[*BROADCAST],212 (0xD4),WiFi,"WiFi:[ ManagementProbe request] ....... RSSI = 212 dBm, Rate = Unknown, SSID = BroadCast SSID",
209,11.0584184,[80000B C94267],[*BROADCAST],212 (0xD4),WiFi,"WiFi:[ ManagementProbe request] ....... RSSI = 212 dBm, Rate = Unknown, SSID = BroadCast SSID",
210,11.0593627,[80000B C94267],[*BROADCAST],212 (0xD4),WiFi,"WiFi:[ ManagementProbe request] ....... RSSI = 212 dBm, Rate = Unknown, SSID = tamulink-wpa",
211,11.0602129,[80000B C94267],[*BROADCAST],212 (0xD4),WiFi,"WiFi:[ ManagementProbe request] ....... RSSI = 212 dBm, Rate = Unknown, SSID = BroadCast SSID",
212,11.2346177,[24DEC6 11EF61],[*BROADCAST],212 (0xD4),WiFi,"WiFi:[ ManagementBeacon] ....... RSSI = 212 dBm, Rate = Unknown, SSID = tamulink-wpa, Channel = 6",
213,11.2434099,[B8D7AF 3D9F39],[*BROADCAST],212 (0xD4),WiFi,"WiFi:[ ManagementProbe request] ....... RSSI = 212 dBm, Rate = Unknown, SSID = BroadCast SSID, Channel = 6",
214,11.2632847,[80000B C94267],[*BROADCAST],212 (0xD4),WiFi,"WiFi:[ ManagementProbe request] ....... RSSI = 212 dBm, Rate = Unknown, SSID = BroadCast SSID",
215,11.2693202,[80000B C94267],[*BROADCAST],212 (0xD4),WiFi,"WiFi:[ ManagementProbe request] ....... RSSI = 212 dBm, Rate = Unknown, SSID = tamulink-wpa",
216,11.2701973,[80000B C94267],[*BROADCAST],212 (0xD4),WiFi,"WiFi:[ ManagementProbe request] ....... RSSI = 212 dBm, Rate = Unknown, SSID = BroadCast SSID",
217,11.2850386,[B8D7AF 3D9F39],[*BROADCAST],212 (0xD4),WiFi,"WiFi:[ ManagementProbe request] ....... RSSI = 212 dBm, Rate = Unknown, SSID = BroadCast SSID, Channel = 6",
218,11.3284246,[B8D7AF 3D9F39],[*BROADCAST],212 (0xD4),WiFi,"WiFi:[ ManagementProbe request] ....... RSSI = 212 dBm, Rate = Unknown, SSID = BroadCast SSID, Channel = 7",
219,11.3370034,[24DEC6 11EF61],[*BROADCAST],212 (0xD4),WiFi,"WiFi:[ ManagementBeacon] ....... RSSI = 212 dBm, Rate = Unknown, SSID = tamulink-wpa, Channel = 6",
220,11.3687508,[B8D7AF 3D9F39],[*BROADCAST],212 (0xD4),WiFi,"WiFi:[ ManagementProbe request] ....... RSSI = 212 dBm, Rate = Unknown, SSID = BroadCast SSID, Channel = 7",
221,11.4416496,[80000B C94267],[*BROADCAST],212 (0xD4),WiFi,"WiFi:[ ManagementProbe request] ....... RSSI = 212 dBm, Rate = Unknown, SSID = BroadCast SSID",
222,11.4423668,[24DEC6 11EF61],[*BROADCAST],212 (0xD4),WiFi,"WiFi:[ ManagementBeacon] ....... RSSI = 212 dBm, Rate = Unknown, SSID = tamulink-wpa, Channel = 6",
223,11.4452390,[80000B C94267],[*BROADCAST],212 (0xD4),WiFi,"WiFi:[ ManagementProbe request] ....... RSSI = 212 dBm, Rate = Unknown, SSID = tamulink-wpa",
224,11.4505260,[80000B C94267],[*BROADCAST],212 (0xD4),WiFi,"WiFi:[ ManagementProbe request] ....... RSSI = 212 dBm, Rate = Unknown, SSID = BroadCast SSID",
225,11.5434554,[24DEC6 11EF61],[*BROADCAST],212 (0xD4),WiFi,"WiFi:[ ManagementBeacon] ....... RSSI = 212 dBm, Rate = Unknown, SSID = tamulink-wpa, Channel = 6",
226,11.6442613,[24DEC6 11EF61],[*BROADCAST],212 (0xD4),WiFi,"WiFi:[ ManagementBeacon] ....... RSSI = 212 dBm, Rate = Unknown, SSID = tamulink-wpa, Channel = 6",
227,11.6487658,[3096FB AF7092],[*BROADCAST],212 (0xD4),WiFi,"WiFi:[ ManagementProbe request] ....... RSSI = 212 dBm, Rate = Unknown, SSID = tamulink-wpa, Channel = 6",
228,11.7466252,[24DEC6 11EF61],[*BROADCAST],212 (0xD4),WiFi,"WiFi:[ ManagementBeacon] ....... RSSI = 212 dBm, Rate = Unknown, SSID = tamulink-wpa, Channel = 6",
229,11.7506665,[8CF5A3 0AA2B7],[*BROADCAST],212 (0xD4),WiFi,"WiFi:[ ManagementProbe request] ....... RSSI = 212 dBm, Rate = Unknown, SSID = BroadCast SSID, Channel = 4",
230,11.8489668,[24DEC6 11EF61],[*BROADCAST],212 (0xD4),WiFi,"WiFi:[ ManagementBeacon] ....... RSSI = 212 dBm, Rate = Unknown, SSID = tamulink-wpa, Channel = 6",
231,11.8515789,[8CF5A3 0AA2B7],[*BROADCAST],212 (0xD4),WiFi,"WiFi:[ ManagementProbe request] ....... RSSI = 212 dBm, Rate = Unknown, SSID = BroadCast SSID, Channel = 5",
232,11.8715538,[8CF5A3 0AA2B7],[*BROADCAST],212 (0xD4),WiFi,"WiFi:[ ManagementProbe request] ....... RSSI = 212 dBm, Rate = Unknown, SSID = BroadCast SSID, Channel = 5",
233,11.8962406,[8CF5A3 0AA2B7],[*BROADCAST],212 (0xD4),WiFi,"WiFi:[ ManagementProbe request] ....... RSSI = 212 dBm, Rate = Unknown, SSID = BroadCast SSID, Channel = 6",
234,11.9168634,[8CF5A3 0AA2B7],[*BROADCAST],212 (0xD4),WiFi,"WiFi:[ ManagementProbe request] ....... RSSI = 212 dBm, Rate = Unknown, SSID = BroadCast SSID, Channel = 6",
235,11.9484778,[9801A7 951843],[*BROADCAST],212 (0xD4),WiFi,"WiFi:[ ManagementProbe request] ....... RSSI = 212 dBm, Rate = Unknown, SSID = BroadCast SSID, Channel = 4",
236,11.9533800,[24DEC6 11EF61],[*BROADCAST],212 (0xD4),WiFi,"WiFi:[ ManagementBeacon] ....... RSSI = 212 dBm, Rate = Unknown, SSID = tamulink-wpa, Channel = 6",
237,11.9867478,[9801A7 951843],[*BROADCAST],212 (0xD4),WiFi,"WiFi:[ ManagementProbe request] ....... RSSI = 212 dBm, Rate = Unknown, SSID = BroadCast SSID, Channel = 4",
238,12.0012192,[8CF5A3 0AA2B7],[*BROADCAST],212 (0xD4),WiFi,"WiFi:[ ManagementProbe request] ....... RSSI = 212 dBm, Rate = Unknown, SSID = BroadCast SSID, Channel = 7",
239,12.0428141,[8CF5A3 0AA2B7],[*BROADCAST],212 (0xD4),WiFi,"WiFi:[ ManagementProbe request] ....... RSSI = 212 dBm, Rate = Unknown, SSID = BroadCast SSID, Channel = 8",
240,12.0697919,[9801A7 951843],[*BROADCAST],212 (0xD4),WiFi,"WiFi:[ ManagementProbe request] ....... RSSI = 212 dBm, Rate = Unknown, SSID = BroadCast SSID, Channel = 5",
241,12.1148098,[9801A7 951843],[*BROADCAST],212 (0xD4),WiFi,"WiFi:[ ManagementProbe request] ....... RSSI = 212 dBm, Rate = Unknown, SSID = BroadCast SSID, Channel = 6",
242,12.1519234,[9801A7 951843],[*BROADCAST],212 (0xD4),WiFi,"WiFi:[ ManagementProbe request] ....... RSSI = 212 dBm, Rate = Unknown, SSID = BroadCast SSID, Channel = 6",
243,12.1575838,[24DEC6 11EF61],[*BROADCAST],212 (0xD4),WiFi,"WiFi:[ ManagementBeacon] ....... RSSI = 212 dBm, Rate = Unknown, SSID = tamulink-wpa, Channel = 6",
244,12.2178554,[9801A7 951843],[*BROADCAST],212 (0xD4),WiFi,"WiFi:[ ManagementProbe request] ....... RSSI = 212 dBm, Rate = Unknown, SSID = BroadCast SSID, Channel = 7",
245,12.2559029,[9801A7 951843],[*BROADCAST],212 (0xD4),WiFi,"WiFi:[ ManagementProbe request] ....... RSSI = 212 dBm, Rate = Unknown, SSID = BroadCast SSID, Channel = 7",
246,12.2607928,[24DEC6 11EF61],[*BROADCAST],212 (0xD4),WiFi,"WiFi:[ ManagementBeacon] ....... RSSI = 212 dBm, Rate = Unknown, SSID = tamulink-wpa, Channel = 6",
247,12.3018553,[9801A7 951843],[*BROADCAST],212 (0xD4),WiFi,"WiFi:[ ManagementProbe request] ....... RSSI = 212 dBm, Rate = Unknown, SSID = BroadCast SSID, Channel = 8",
248,12.3609794,[24DEC6 11EF61],[*BROADCAST],212 (0xD4),WiFi,"WiFi:[ ManagementBeacon] ....... RSSI = 212 dBm, Rate = Unknown, SSID = tamulink-wpa, Channel = 6",
249,12.3642390,[D463C6 DFA01D],[*BROADCAST],212 (0xD4),WiFi,"WiFi:[ ManagementProbe request] ....... RSSI = 212 dBm, Rate = Unknown, SSID = tamulink-wpa",
250,12.4634344,[24DEC6 11EF61],[*BROADCAST],212 (0xD4),WiFi,"WiFi:[ ManagementBeacon] ....... RSSI = 212 dBm, Rate = Unknown, SSID = tamulink-wpa, Channel = 6",
251,12.5656049,[24DEC6 11EF61],[*BROADCAST],212 (0xD4),WiFi,"WiFi:[ ManagementBeacon] ....... RSSI = 212 dBm, Rate = Unknown, SSID = tamulink-wpa, Channel = 6",
252,12.6681886,[24DEC6 11EF61],[*BROADCAST],212 (0xD4),WiFi,"WiFi:[ ManagementBeacon] ....... RSSI = 212 dBm, Rate = Unknown, SSID = tamulink-wpa, Channel = 6",
253,12.7248473,[346895 9F0313],[*BROADCAST],212 (0xD4),WiFi,"WiFi:[ ManagementProbe request] ....... RSSI = 212 dBm, Rate = Unknown, SSID = BroadCast SSID",
254,12.7706299,[24DEC6 11EF61],[*BROADCAST],212 (0xD4),WiFi,"WiFi:[ ManagementBeacon] ....... RSSI = 212 dBm, Rate = Unknown, SSID = tamulink-wpa, Channel = 6",
255,12.8269734,[346895 9F0313],[*BROADCAST],212 (0xD4),WiFi,"WiFi:[ ManagementProbe request] ....... RSSI = 212 dBm, Rate = Unknown, SSID = BroadCast SSID",
256,12.8730010,[24DEC6 11EF61],[*BROADCAST],212 (0xD4),WiFi,"WiFi:[ ManagementBeacon] ....... RSSI = 212 dBm, Rate = Unknown, SSID = tamulink-wpa, Channel = 6",
257,12.9754145,[24DEC6 11EF61],[*BROADCAST],212 (0xD4),WiFi,"WiFi:[ ManagementBeacon] ....... RSSI = 212 dBm, Rate = Unknown, SSID = tamulink-wpa, Channel = 6",
258,13.0777035,[24DEC6 11EF61],[*BROADCAST],212 (0xD4),WiFi,"WiFi:[ ManagementBeacon] ....... RSSI = 212 dBm, Rate = Unknown, SSID = tamulink-wpa, Channel = 6",
259,13.1801337,[24DEC6 11EF61],[*BROADCAST],212 (0xD4),WiFi,"WiFi:[ ManagementBeacon] ....... RSSI = 212 dBm, Rate = Unknown, SSID = tamulink-wpa, Channel = 6",
260,13.2044279,[CC61E5 15A456],[*BROADCAST],212 (0xD4),WiFi,"WiFi:[ ManagementProbe request] ....... RSSI = 212 dBm, Rate = Unknown, SSID = BroadCast SSID, Channel = 6",
261,13.2143721,[CC61E5 15A456],[*BROADCAST],212 (0xD4),WiFi,"WiFi:[ ManagementProbe request] ....... RSSI = 212 dBm, Rate = Unknown, SSID = BroadCast SSID, Channel = 6",
262,13.2826318,[24DEC6 11EF61],[*BROADCAST],212 (0xD4),WiFi,"WiFi:[ ManagementBeacon] ....... RSSI = 212 dBm, Rate = Unknown, SSID = tamulink-wpa, Channel = 6",
263,13.4873796,[24DEC6 11EF61],[*BROADCAST],212 (0xD4),WiFi,"WiFi:[ ManagementBeacon] ....... RSSI = 212 dBm, Rate = Unknown, SSID = tamulink-wpa, Channel = 6",
264,13.5168382,[60D819 7F1AF1],[*BROADCAST],212 (0xD4),WiFi,"WiFi:[ ManagementProbe request] ....... RSSI = 212 dBm, Rate = Unknown, SSID = BroadCast SSID",
265,13.6921719,[24DEC6 11EF61],[*BROADCAST],212 (0xD4),WiFi,"WiFi:[ ManagementBeacon] ....... RSSI = 212 dBm, Rate = Unknown, SSID = tamulink-wpa, Channel = 6",
266,13.7946388,[24DEC6 11EF61],[*BROADCAST],212 (0xD4),WiFi,"WiFi:[ ManagementBeacon] ....... RSSI = 212 dBm, Rate = Unknown, SSID = tamulink-wpa, Channel = 6",
267,13.8969843,[24DEC6 11EF61],[*BROADCAST],212 (0xD4),WiFi,"WiFi:[ ManagementBeacon] ....... RSSI = 212 dBm, Rate = Unknown, SSID = tamulink-wpa, Channel = 6",
268,13.9993405,[24DEC6 11EF61],[*BROADCAST],212 (0xD4),WiFi,"WiFi:[ ManagementBeacon] ....... RSSI = 212 dBm, Rate = Unknown, SSID = tamulink-wpa, Channel = 6",
269,14.1016205,[24DEC6 11EF61],[*BROADCAST],212 (0xD4),WiFi,"WiFi:[ ManagementBeacon] ....... RSSI = 212 dBm, Rate = Unknown, SSID = tamulink-wpa, Channel = 6",
270,14.2040370,[24DEC6 11EF61],[*BROADCAST],212 (0xD4),WiFi,"WiFi:[ ManagementBeacon] ....... RSSI = 212 dBm, Rate = Unknown, SSID = tamulink-wpa, Channel = 6",
271,14.3066318,[24DEC6 11EF61],[*BROADCAST],212 (0xD4),WiFi,"WiFi:[ ManagementBeacon] ....... RSSI = 212 dBm, Rate = Unknown, SSID = tamulink-wpa, Channel = 6",
272,14.4089221,[24DEC6 11EF61],[*BROADCAST],212 (0xD4),WiFi,"WiFi:[ ManagementBeacon] ....... RSSI = 212 dBm, Rate = Unknown, SSID = tamulink-wpa, Channel = 6",
273,14.5113552,[24DEC6 11EF61],[*BROADCAST],212 (0xD4),WiFi,"WiFi:[ ManagementBeacon] ....... RSSI = 212 dBm, Rate = Unknown, SSID = tamulink-wpa, Channel = 6",
274,14.6136485,[24DEC6 11EF61],[*BROADCAST],212 (0xD4),WiFi,"WiFi:[ ManagementBeacon] ....... RSSI = 212 dBm, Rate = Unknown, SSID = tamulink-wpa, Channel = 6",
275,14.7162219,[24DEC6 11EF61],[*BROADCAST],212 (0xD4),WiFi,"WiFi:[ ManagementBeacon] ....... RSSI = 212 dBm, Rate = Unknown, SSID = tamulink-wpa, Channel = 6",
276,14.7281655,[8CF5A3 F1E075],[*BROADCAST],212 (0xD4),WiFi,"WiFi:[ ManagementProbe request] ....... RSSI = 212 dBm, Rate = Unknown, SSID = tamulink-wpa, Channel = 6",
277,14.7498672,[8CF5A3 F1E075],[*BROADCAST],212 (0xD4),WiFi,"WiFi:[ ManagementProbe request] ....... RSSI = 212 dBm, Rate = Unknown, SSID = tamulink-wpa, Channel = 6",
278,14.8186076,[24DEC6 11EF61],[*BROADCAST],212 (0xD4),WiFi,"WiFi:[ ManagementBeacon] ....... RSSI = 212 dBm, Rate = Unknown, SSID = tamulink-wpa, Channel = 6",
279,14.9210335,[24DEC6 11EF61],[*BROADCAST],212 (0xD4),WiFi,"WiFi:[ ManagementBeacon] ....... RSSI = 212 dBm, Rate = Unknown, SSID = tamulink-wpa, Channel = 6",
280,15.0233507,[24DEC6 11EF61],[*BROADCAST],212 (0xD4),WiFi,"WiFi:[ ManagementBeacon] ....... RSSI = 212 dBm, Rate = Unknown, SSID = tamulink-wpa, Channel = 6",
281,15.1258129,[24DEC6 11EF61],[*BROADCAST],212 (0xD4),WiFi,"WiFi:[ ManagementBeacon] ....... RSSI = 212 dBm, Rate = Unknown, SSID = tamulink-wpa, Channel = 6",
282,15.2283141,[24DEC6 11EF61],[*BROADCAST],212 (0xD4),WiFi,"WiFi:[ ManagementBeacon] ....... RSSI = 212 dBm, Rate = Unknown, SSID = tamulink-wpa, Channel = 6",
283,15.2702456,[404E36 1DCAE1],[*BROADCAST],212 (0xD4),WiFi,"WiFi:[ ManagementProbe request] ....... RSSI = 212 dBm, Rate = Unknown, SSID = tamulink-wpa, Channel = 6",
284,15.2716702,[404E36 88201D],[*BROADCAST],212 (0xD4),WiFi,"WiFi:[ ManagementProbe request] ....... RSSI = 212 dBm, Rate = Unknown, SSID = tamulink-wpa, Channel = 6",
285,15.3305338,[24DEC6 11EF61],[*BROADCAST],212 (0xD4),WiFi,"WiFi:[ ManagementBeacon] ....... RSSI = 212 dBm, Rate = Unknown, SSID = tamulink-wpa, Channel = 6",
286,15.4331962,[24DEC6 11EF61],[*BROADCAST],212 (0xD4),WiFi,"WiFi:[ ManagementBeacon] ....... RSSI = 212 dBm, Rate = Unknown, SSID = tamulink-wpa, Channel = 6",
287,15.4648940,[100BA9 EFDA1C],[*BROADCAST],212 (0xD4),WiFi,"WiFi:[ ManagementProbe request] ....... RSSI = 212 dBm, Rate = Unknown, SSID = BroadCast SSID",
288,15.4703949,[100BA9 EFDA1C],[*BROADCAST],212 (0xD4),WiFi,"WiFi:[ ManagementProbe request] ....... RSSI = 212 dBm, Rate = Unknown, SSID = BroadCast SSID",
289,15.5353458,[24DEC6 11EF61],[*BROADCAST],212 (0xD4),WiFi,"WiFi:[ ManagementBeacon] ....... RSSI = 212 dBm, Rate = Unknown, SSID = tamulink-wpa, Channel = 6",
290,15.5419484,[100BA9 EFDA1C],[*BROADCAST],212 (0xD4),WiFi,"WiFi:[ ManagementProbe request] ....... RSSI = 212 dBm, Rate = Unknown, SSID = tamulink-wpa",
291,15.5435820,[100BA9 EFDA1C],[*BROADCAST],212 (0xD4),WiFi,"WiFi:[ ManagementProbe request] ....... RSSI = 212 dBm, Rate = Unknown, SSID = BroadCast SSID",
292,15.6377251,[24DEC6 11EF61],[*BROADCAST],212 (0xD4),WiFi,"WiFi:[ ManagementBeacon] ....... RSSI = 212 dBm, Rate = Unknown, SSID = tamulink-wpa, Channel = 6",
293,15.6413871,[3096FB AF7092],[*BROADCAST],212 (0xD4),WiFi,"WiFi:[ ManagementProbe request] ....... RSSI = 212 dBm, Rate = Unknown, SSID = attwifi, Channel = 4",
294,15.6427171,[3096FB AF7092],[*BROADCAST],212 (0xD4),WiFi,"WiFi:[ ManagementProbe request] ....... RSSI = 212 dBm, Rate = Unknown, SSID = BroadCast SSID, Channel = 4",
295,15.7101125,[3096FB AF7092],[*BROADCAST],212 (0xD4),WiFi,"WiFi:[ ManagementProbe request] ....... RSSI = 212 dBm, Rate = Unknown, SSID = attwifi, Channel = 5",
296,15.7114228,[3096FB AF7092],[*BROADCAST],212 (0xD4),WiFi,"WiFi:[ ManagementProbe request] ....... RSSI = 212 dBm, Rate = Unknown, SSID = BroadCast SSID, Channel = 5",
297,15.7301699,[3096FB AF7092],[*BROADCAST],212 (0xD4),WiFi,"WiFi:[ ManagementProbe request] ....... RSSI = 212 dBm, Rate = Unknown, SSID = attwifi, Channel = 5",
298,15.7314922,[3096FB AF7092],[*BROADCAST],212 (0xD4),WiFi,"WiFi:[ ManagementProbe request] ....... RSSI = 212 dBm, Rate = Unknown, SSID = BroadCast SSID, Channel = 5",
299,15.7343477,[100BA9 EFDA1C],[*BROADCAST],212 (0xD4),WiFi,"WiFi:[ ManagementProbe request] ....... RSSI = 212 dBm, Rate = Unknown, SSID = BroadCast SSID",
300,15.7523981,[3096FB AF7092],[*BROADCAST],212 (0xD4),WiFi,"WiFi:[ ManagementProbe request] ....... RSSI = 212 dBm, Rate = Unknown, SSID = BroadCast SSID, Channel = 6",
301,15.7715510,[3096FB AF7092],[*BROADCAST],212 (0xD4),WiFi,"WiFi:[ ManagementProbe request] ....... RSSI = 212 dBm, Rate = Unknown, SSID = attwifi, Channel = 6",
302,15.7729251,[3096FB AF7092],[*BROADCAST],212 (0xD4),WiFi,"WiFi:[ ManagementProbe request] ....... RSSI = 212 dBm, Rate = Unknown, SSID = BroadCast SSID, Channel = 6",
303,15.8609899,[3096FB AF7092],[*BROADCAST],212 (0xD4),WiFi,"WiFi:[ ManagementProbe request] ....... RSSI = 212 dBm, Rate = Unknown, SSID = attwifi, Channel = 7",
304,15.8622143,[3096FB AF7092],[*BROADCAST],212 (0xD4),WiFi,"WiFi:[ ManagementProbe request] ....... RSSI = 212 dBm, Rate = Unknown, SSID = BroadCast SSID, Channel = 7",
305,15.8745923,[100BA9 EFDA1C],[*BROADCAST],212 (0xD4),WiFi,"WiFi:[ ManagementProbe request] ....... RSSI = 212 dBm, Rate = Unknown, SSID = BroadCast SSID",
306,15.8791379,[100BA9 EFDA1C],[*BROADCAST],212 (0xD4),WiFi,"WiFi:[ ManagementProbe request] ....... RSSI = 212 dBm, Rate = Unknown, SSID = tamulink-wpa",
307,15.8806321,[100BA9 EFDA1C],[*BROADCAST],212 (0xD4),WiFi,"WiFi:[ ManagementProbe request] ....... RSSI = 212 dBm, Rate = Unknown, SSID = BroadCast SSID",
308,15.8830111,[3096FB AF7092],[*BROADCAST],212 (0xD4),WiFi,"WiFi:[ ManagementProbe request] ....... RSSI = 212 dBm, Rate = Unknown, SSID = attwifi, Channel = 8",
309,15.8842684,[3096FB AF7092],[*BROADCAST],212 (0xD4),WiFi,"WiFi:[ ManagementProbe request] ....... RSSI = 212 dBm, Rate = Unknown, SSID = BroadCast SSID, Channel = 8",
310,15.9450082,[24DEC6 11EF61],[*BROADCAST],212 (0xD4),WiFi,"WiFi:[ ManagementBeacon] ....... RSSI = 212 dBm, Rate = Unknown, SSID = tamulink-wpa, Channel = 6",
311,16.0472314,[24DEC6 11EF61],[*BROADCAST],212 (0xD4),WiFi,"WiFi:[ ManagementBeacon] ....... RSSI = 212 dBm, Rate = Unknown, SSID = tamulink-wpa, Channel = 6",
312,16.1496367,[24DEC6 11EF61],[*BROADCAST],212 (0xD4),WiFi,"WiFi:[ ManagementBeacon] ....... RSSI = 212 dBm, Rate = Unknown, SSID = tamulink-wpa, Channel = 6",
313,16.2521567,[24DEC6 11EF61],[*BROADCAST],212 (0xD4),WiFi,"WiFi:[ ManagementBeacon] ....... RSSI = 212 dBm, Rate = Unknown, SSID = tamulink-wpa, Channel = 6",
314,16.3546655,[24DEC6 11EF61],[*BROADCAST],212 (0xD4),WiFi,"WiFi:[ ManagementBeacon] ....... RSSI = 212 dBm, Rate = Unknown, SSID = tamulink-wpa, Channel = 6",
315,16.4569165,[24DEC6 11EF61],[*BROADCAST],212 (0xD4),WiFi,"WiFi:[ ManagementBeacon] ....... RSSI = 212 dBm, Rate = Unknown, SSID = tamulink-wpa, Channel = 6",
316,16.5592397,[24DEC6 11EF61],[*BROADCAST],212 (0xD4),WiFi,"WiFi:[ ManagementBeacon] ....... RSSI = 212 dBm, Rate = Unknown, SSID = tamulink-wpa, Channel = 6",
317,16.6617349,[24DEC6 11EF61],[*BROADCAST],212 (0xD4),WiFi,"WiFi:[ ManagementBeacon] ....... RSSI = 212 dBm, Rate = Unknown, SSID = tamulink-wpa, Channel = 6",
318,16.7642309,[24DEC6 11EF61],[*BROADCAST],212 (0xD4),WiFi,"WiFi:[ ManagementBeacon] ....... RSSI = 212 dBm, Rate = Unknown, SSID = tamulink-wpa, Channel = 6",
319,16.8039395,[8E8848 C465E9],[*BROADCAST],212 (0xD4),WiFi,"WiFi:[ ManagementProbe request] ....... RSSI = 212 dBm, Rate = Unknown, SSID = BroadCast SSID, Channel = 4",
320,16.8665648,[24DEC6 11EF61],[*BROADCAST],212 (0xD4),WiFi,"WiFi:[ ManagementBeacon] ....... RSSI = 212 dBm, Rate = Unknown, SSID = tamulink-wpa, Channel = 6",
321,16.8680180,[8E8848 C465E9],[*BROADCAST],212 (0xD4),WiFi,"WiFi:[ ManagementProbe request] ....... RSSI = 212 dBm, Rate = Unknown, SSID = BroadCast SSID, Channel = 5",
322,16.9323415,[8E8848 C465E9],[*BROADCAST],212 (0xD4),WiFi,"WiFi:[ ManagementProbe request] ....... RSSI = 212 dBm, Rate = Unknown, SSID = BroadCast SSID, Channel = 6",
323,16.9690215,[24DEC6 11EF61],[*BROADCAST],212 (0xD4),WiFi,"WiFi:[ ManagementBeacon] ....... RSSI = 212 dBm, Rate = Unknown, SSID = tamulink-wpa, Channel = 6",
324,16.9959659,[8E8848 C465E9],[*BROADCAST],212 (0xD4),WiFi,"WiFi:[ ManagementProbe request] ....... RSSI = 212 dBm, Rate = Unknown, SSID = BroadCast SSID, Channel = 7",
325,17.0599178,[8E8848 C465E9],[*BROADCAST],212 (0xD4),WiFi,"WiFi:[ ManagementProbe request] ....... RSSI = 212 dBm, Rate = Unknown, SSID = BroadCast SSID, Channel = 8",
326,17.0736690,[24DEC6 11EF61],[*BROADCAST],212 (0xD4),WiFi,"WiFi:[ ManagementBeacon] ....... RSSI = 212 dBm, Rate = Unknown, SSID = tamulink-wpa, Channel = 6",
327,17.1738565,[24DEC6 11EF61],[*BROADCAST],212 (0xD4),WiFi,"WiFi:[ ManagementBeacon] ....... RSSI = 212 dBm, Rate = Unknown, SSID = tamulink-wpa, Channel = 6",
328,17.2775709,[24DEC6 11EF61],[*BROADCAST],212 (0xD4),WiFi,"WiFi:[ ManagementBeacon] ....... RSSI = 212 dBm, Rate = Unknown, SSID = tamulink-wpa, Channel = 6",
329,17.4810230,[24DEC6 11EF61],[*BROADCAST],212 (0xD4),WiFi,"WiFi:[ ManagementBeacon] ....... RSSI = 212 dBm, Rate = Unknown, SSID = tamulink-wpa, Channel = 6",
330,17.5832440,[24DEC6 11EF61],[*BROADCAST],212 (0xD4),WiFi,"WiFi:[ ManagementBeacon] ....... RSSI = 212 dBm, Rate = Unknown, SSID = tamulink-wpa, Channel = 6",
331,17.6857742,[24DEC6 11EF61],[*BROADCAST],212 (0xD4),WiFi,"WiFi:[ ManagementBeacon] ....... RSSI = 212 dBm, Rate = Unknown, SSID = tamulink-wpa, Channel = 6",
332,17.7881727,[24DEC6 11EF61],[*BROADCAST],212 (0xD4),WiFi,"WiFi:[ ManagementBeacon] ....... RSSI = 212 dBm, Rate = Unknown, SSID = tamulink-wpa, Channel = 6",
333,17.8906456,[24DEC6 11EF61],[*BROADCAST],212 (0xD4),WiFi,"WiFi:[ ManagementBeacon] ....... RSSI = 212 dBm, Rate = Unknown, SSID = tamulink-wpa, Channel = 6",
334,17.9930398,[24DEC6 11EF61],[*BROADCAST],212 (0xD4),WiFi,"WiFi:[ ManagementBeacon] ....... RSSI = 212 dBm, Rate = Unknown, SSID = tamulink-wpa, Channel = 6",
335,18.0952382,[24DEC6 11EF61],[*BROADCAST],212 (0xD4),WiFi,"WiFi:[ ManagementBeacon] ....... RSSI = 212 dBm, Rate = Unknown, SSID = tamulink-wpa, Channel = 6",
336,18.2196361,[B827EB D93DB1],[*BROADCAST],212 (0xD4),WiFi,"WiFi:[ ManagementProbe request] ....... RSSI = 212 dBm, Rate = Unknown, SSID = BroadCast SSID, Channel = 5",
337,18.2399608,[B827EB D93DB1],[*BROADCAST],212 (0xD4),WiFi,"WiFi:[ ManagementProbe request] ....... RSSI = 212 dBm, Rate = Unknown, SSID = BroadCast SSID, Channel = 5",
338,18.2630636,[B827EB D93DB1],[*BROADCAST],212 (0xD4),WiFi,"WiFi:[ ManagementProbe request] ....... RSSI = 212 dBm, Rate = Unknown, SSID = BroadCast SSID, Channel = 6",
339,18.2844224,[B827EB D93DB1],[*BROADCAST],212 (0xD4),WiFi,"WiFi:[ ManagementProbe request] ....... RSSI = 212 dBm, Rate = Unknown, SSID = BroadCast SSID, Channel = 6",
340,18.3001951,[24DEC6 11EF61],[*BROADCAST],212 (0xD4),WiFi,"WiFi:[ ManagementBeacon] ....... RSSI = 212 dBm, Rate = Unknown, SSID = tamulink-wpa, Channel = 6",
341,18.3070462,[B827EB D93DB1],[*BROADCAST],212 (0xD4),WiFi,"WiFi:[ ManagementProbe request] ....... RSSI = 212 dBm, Rate = Unknown, SSID = BroadCast SSID, Channel = 7",
342,18.3268453,[B827EB D93DB1],[*BROADCAST],212 (0xD4),WiFi,"WiFi:[ ManagementProbe request] ....... RSSI = 212 dBm, Rate = Unknown, SSID = BroadCast SSID, Channel = 7",
343,18.3499006,[B827EB D93DB1],[*BROADCAST],212 (0xD4),WiFi,"WiFi:[ ManagementProbe request] ....... RSSI = 212 dBm, Rate = Unknown, SSID = BroadCast SSID, Channel = 8",
344,18.4026437,[24DEC6 11EF61],[*BROADCAST],212 (0xD4),WiFi,"WiFi:[ ManagementBeacon] ....... RSSI = 212 dBm, Rate = Unknown, SSID = tamulink-wpa, Channel = 6",
345,18.4284291,[F04F7C 1B02BC],[*BROADCAST],212 (0xD4),WiFi,"WiFi:[ ManagementProbe request] ....... RSSI = 212 dBm, Rate = Unknown, SSID = BroadCast SSID",
346,18.4393142,[F04F7C 1B02BC],[*BROADCAST],212 (0xD4),WiFi,"WiFi:[ ManagementProbe request] ....... RSSI = 212 dBm, Rate = Unknown, SSID = BroadCast SSID",
347,18.4612550,[F04F7C 1B02BC],[*BROADCAST],212 (0xD4),WiFi,"WiFi:[ ManagementProbe request] ....... RSSI = 212 dBm, Rate = Unknown, SSID = BroadCast SSID",
348,18.4721397,[F04F7C 1B02BC],[*BROADCAST],212 (0xD4),WiFi,"WiFi:[ ManagementProbe request] ....... RSSI = 212 dBm, Rate = Unknown, SSID = BroadCast SSID",
349,18.4779990,[D4F46F C7A473],[*BROADCAST],212 (0xD4),WiFi,"WiFi:[ ManagementProbe request] ....... RSSI = 212 dBm, Rate = Unknown, SSID = tamulink-wpa, Channel = 6",
350,18.4829970,[F04F7C 1B02BC],[*BROADCAST],212 (0xD4),WiFi,"WiFi:[ ManagementProbe request] ....... RSSI = 212 dBm, Rate = Unknown, SSID = BroadCast SSID",
351,18.4894063,[F04F7C 1B02BC],[*BROADCAST],212 (0xD4),WiFi,"WiFi:[ ManagementProbe request] ....... RSSI = 212 dBm, Rate = Unknown, SSID = BroadCast SSID",
352,18.5003859,[F04F7C 1B02BC],[*BROADCAST],212 (0xD4),WiFi,"WiFi:[ ManagementProbe request] ....... RSSI = 212 dBm, Rate = Unknown, SSID = BroadCast SSID",
353,18.5113668,[F04F7C 1B02BC],[*BROADCAST],212 (0xD4),WiFi,"WiFi:[ ManagementProbe request] ....... RSSI = 212 dBm, Rate = Unknown, SSID = BroadCast SSID",
354,18.5222001,[F04F7C 1B02BC],[*BROADCAST],212 (0xD4),WiFi,"WiFi:[ ManagementProbe request] ....... RSSI = 212 dBm, Rate = Unknown, SSID = BroadCast SSID",
355,18.5487506,[F04F7C 1B02BC],[*BROADCAST],212 (0xD4),WiFi,"WiFi:[ ManagementProbe request] ....... RSSI = 212 dBm, Rate = Unknown, SSID = BroadCast SSID",
356,18.5504377,[F04F7C 1B02BC],[*BROADCAST],212 (0xD4),WiFi,"WiFi:[ ManagementProbe request] ....... RSSI = 212 dBm, Rate = Unknown, SSID = BroadCast SSID",
357,18.5613305,[F04F7C 1B02BC],[*BROADCAST],212 (0xD4),WiFi,"WiFi:[ ManagementProbe request] ....... RSSI = 212 dBm, Rate = Unknown, SSID = BroadCast SSID",
358,18.6072453,[24DEC6 11EF61],[*BROADCAST],212 (0xD4),WiFi,"WiFi:[ ManagementBeacon] ....... RSSI = 212 dBm, Rate = Unknown, SSID = tamulink-wpa, Channel = 6",
359,18.6114375,[F04F7C 1B02BC],[*BROADCAST],212 (0xD4),WiFi,"WiFi:[ ManagementProbe request] ....... RSSI = 212 dBm, Rate = Unknown, SSID = BroadCast SSID",
360,18.6224099,[F04F7C 1B02BC],[*BROADCAST],212 (0xD4),WiFi,"WiFi:[ ManagementProbe request] ....... RSSI = 212 dBm, Rate = Unknown, SSID = BroadCast SSID",
361,18.6333874,[F04F7C 1B02BC],[*BROADCAST],212 (0xD4),WiFi,"WiFi:[ ManagementProbe request] ....... RSSI = 212 dBm, Rate = Unknown, SSID = BroadCast SSID",
362,18.6422851,[EC0EC4 224C95],[*BROADCAST],212 (0xD4),WiFi,"WiFi:[ ManagementProbe request] ....... RSSI = 212 dBm, Rate = Unknown, SSID = tamulink-wpa",
363,18.6443721,[F04F7C 1B02BC],[*BROADCAST],212 (0xD4),WiFi,"WiFi:[ ManagementProbe request] ....... RSSI = 212 dBm, Rate = Unknown, SSID = BroadCast SSID",
364,18.6552867,[F04F7C 1B02BC],[*BROADCAST],212 (0xD4),WiFi,"WiFi:[ ManagementProbe request] ....... RSSI = 212 dBm, Rate = Unknown, SSID = BroadCast SSID",
365,18.6661957,[F04F7C 1B02BC],[*BROADCAST],212 (0xD4),WiFi,"WiFi:[ ManagementProbe request] ....... RSSI = 212 dBm, Rate = Unknown, SSID = BroadCast SSID",
366,18.6715590,[EC0EC4 224C95],[*BROADCAST],212 (0xD4),WiFi,"WiFi:[ ManagementProbe request] ....... RSSI = 212 dBm, Rate = Unknown, SSID = tamulink-wpa",
367,18.6726867,[F04F7C 1B02BC],[*BROADCAST],212 (0xD4),WiFi,"WiFi:[ ManagementProbe request] ....... RSSI = 212 dBm, Rate = Unknown, SSID = BroadCast SSID",
368,18.6840165,[F04F7C 1B02BC],[*BROADCAST],212 (0xD4),WiFi,"WiFi:[ ManagementProbe request] ....... RSSI = 212 dBm, Rate = Unknown, SSID = BroadCast SSID",
369,18.6949837,[F04F7C 1B02BC],[*BROADCAST],212 (0xD4),WiFi,"WiFi:[ ManagementProbe request] ....... RSSI = 212 dBm, Rate = Unknown, SSID = BroadCast SSID",
370,18.7058919,[F04F7C 1B02BC],[*BROADCAST],212 (0xD4),WiFi,"WiFi:[ ManagementProbe request] ....... RSSI = 212 dBm, Rate = Unknown, SSID = BroadCast SSID",
371,18.7099867,[24DEC6 11EF61],[*BROADCAST],212 (0xD4),WiFi,"WiFi:[ ManagementBeacon] ....... RSSI = 212 dBm, Rate = Unknown, SSID = tamulink-wpa, Channel = 6",
372,18.7168463,[F04F7C 1B02BC],[*BROADCAST],212 (0xD4),WiFi,"WiFi:[ ManagementProbe request] ....... RSSI = 212 dBm, Rate = Unknown, SSID = BroadCast SSID",
373,18.7277622,[F04F7C 1B02BC],[*BROADCAST],212 (0xD4),WiFi,"WiFi:[ ManagementProbe request] ....... RSSI = 212 dBm, Rate = Unknown, SSID = BroadCast SSID",
374,18.7662280,[EC0EC4 224C95],[*BROADCAST],212 (0xD4),WiFi,"WiFi:[ ManagementProbe request] ....... RSSI = 212 dBm, Rate = Unknown, SSID = tamulink-wpa",
375,18.7964547,[EC0EC4 224C95],[*BROADCAST],212 (0xD4),WiFi,"WiFi:[ ManagementProbe request] ....... RSSI = 212 dBm, Rate = Unknown, SSID = tamulink-wpa",
376,18.8122270,[24DEC6 11EF61],[*BROADCAST],212 (0xD4),WiFi,"WiFi:[ ManagementBeacon] ....... RSSI = 212 dBm, Rate = Unknown, SSID = tamulink-wpa, Channel = 6",
377,18.8342153,[24DEC6 11EF60],[*BROADCAST],212 (0xD4),WiFi,"WiFi:[ ManagementReserved] ....... RSSI = 212 dBm, Rate = Unknown",
378,18.8910040,[EC0EC4 224C95],[*BROADCAST],212 (0xD4),WiFi,"WiFi:[ ManagementProbe request] ....... RSSI = 212 dBm, Rate = Unknown, SSID = tamulink-wpa",
379,18.9146054,[24DEC6 11EF61],[*BROADCAST],212 (0xD4),WiFi,"WiFi:[ ManagementBeacon] ....... RSSI = 212 dBm, Rate = Unknown, SSID = tamulink-wpa, Channel = 6",
380,18.9534946,[EC0EC4 224C95],[*BROADCAST],212 (0xD4),WiFi,"WiFi:[ ManagementProbe request] ....... RSSI = 212 dBm, Rate = Unknown, SSID = tamulink-wpa",
381,18.9837037,[EC0EC4 224C95],[*BROADCAST],212 (0xD4),WiFi,"WiFi:[ ManagementProbe request] ....... RSSI = 212 dBm, Rate = Unknown, SSID = tamulink-wpa",
382,19.0158616,[EC0EC4 224C95],[*BROADCAST],212 (0xD4),WiFi,"WiFi:[ ManagementProbe request] ....... RSSI = 212 dBm, Rate = Unknown, SSID = tamulink-wpa",
383,19.0169607,[24DEC6 11EF61],[*BROADCAST],212 (0xD4),WiFi,"WiFi:[ ManagementBeacon] ....... RSSI = 212 dBm, Rate = Unknown, SSID = tamulink-wpa, Channel = 6",
384,19.0461883,[EC0EC4 224C95],[*BROADCAST],212 (0xD4),WiFi,"WiFi:[ ManagementProbe request] ....... RSSI = 212 dBm, Rate = Unknown, SSID = tamulink-wpa",
385,19.0781829,[EC0EC4 224C95],[*BROADCAST],212 (0xD4),WiFi,"WiFi:[ ManagementProbe request] ....... RSSI = 212 dBm, Rate = Unknown, SSID = tamulink-wpa",
386,19.1088590,[EC0EC4 224C95],[*BROADCAST],212 (0xD4),WiFi,"WiFi:[ ManagementProbe request] ....... RSSI = 212 dBm, Rate = Unknown, SSID = tamulink-wpa",
387,19.1192283,[24DEC6 11EF61],[*BROADCAST],213 (0xD5),WiFi,"WiFi:[ ManagementBeacon] ....... RSSI = 213 dBm, Rate = Unknown, SSID = tamulink-wpa, Channel = 6",
388,19.2244810,[24DEC6 11EF61],[*BROADCAST],212 (0xD4),WiFi,"WiFi:[ ManagementBeacon] ....... RSSI = 212 dBm, Rate = Unknown, SSID = tamulink-wpa, Channel = 6",
389,19.2401661,[B0702D D24DE1],[*BROADCAST],212 (0xD4),WiFi,"WiFi:[ ManagementProbe request] ....... RSSI = 212 dBm, Rate = Unknown, SSID = tamulink-wpa, Channel = 6",
390,19.2699788,[404E36 88201D],[*BROADCAST],212 (0xD4),WiFi,"WiFi:[ ManagementProbe request] ....... RSSI = 212 dBm, Rate = Unknown, SSID = tamulink-wpa, Channel = 6",
391,19.2849942,[404E36 88201D],[*BROADCAST],212 (0xD4),WiFi,"WiFi:[ ManagementProbe request] ....... RSSI = 212 dBm, Rate = Unknown, SSID = tamulink-wpa, Channel = 6",
392,19.3243174,[24DEC6 11EF61],[*BROADCAST],213 (0xD5),WiFi,"WiFi:[ ManagementBeacon] ....... RSSI = 213 dBm, Rate = Unknown, SSID = tamulink-wpa, Channel = 6",
393,19.4265953,[24DEC6 11EF61],[*BROADCAST],213 (0xD5),WiFi,"WiFi:[ ManagementBeacon] ....... RSSI = 213 dBm, Rate = Unknown, SSID = tamulink-wpa, Channel = 6",
394,19.5289549,[24DEC6 11EF61],[*BROADCAST],213 (0xD5),WiFi,"WiFi:[ ManagementBeacon] ....... RSSI = 213 dBm, Rate = Unknown, SSID = tamulink-wpa, Channel = 6",
395,19.6313474,[24DEC6 11EF61],[*BROADCAST],213 (0xD5),WiFi,"WiFi:[ ManagementBeacon] ....... RSSI = 213 dBm, Rate = Unknown, SSID = tamulink-wpa, Channel = 6",
396,19.8361817,[24DEC6 11EF61],[*BROADCAST],214 (0xD6),WiFi,"WiFi:[ ManagementBeacon] ....... RSSI = 214 dBm, Rate = Unknown, SSID = tamulink-wpa, Channel = 6",
397,19.9386460,[24DEC6 11EF61],[*BROADCAST],214 (0xD6),WiFi,"WiFi:[ ManagementBeacon] ....... RSSI = 214 dBm, Rate = Unknown, SSID = tamulink-wpa, Channel = 6",
398,20.0408944,[24DEC6 11EF61],[*BROADCAST],214 (0xD6),WiFi,"WiFi:[ ManagementBeacon] ....... RSSI = 214 dBm, Rate = Unknown, SSID = tamulink-wpa, Channel = 6",
399,20.1432022,[24DEC6 11EF61],[*BROADCAST],214 (0xD6),WiFi,"WiFi:[ ManagementBeacon] ....... RSSI = 214 dBm, Rate = Unknown, SSID = tamulink-wpa, Channel = 6",
400,20.2456871,[24DEC6 11EF61],[*BROADCAST],214 (0xD6),WiFi,"WiFi:[ ManagementBeacon] ....... RSSI = 214 dBm, Rate = Unknown, SSID = tamulink-wpa, Channel = 6",
401,20.3481156,[24DEC6 11EF61],[*BROADCAST],215 (0xD7),WiFi,"WiFi:[ ManagementBeacon] ....... RSSI = 215 dBm, Rate = Unknown, SSID = tamulink-wpa, Channel = 6",
402,20.4389400,[404E36 6CABFE],[*BROADCAST],215 (0xD7),WiFi,"WiFi:[ ManagementProbe request] ....... RSSI = 215 dBm, Rate = Unknown, SSID = BroadCast SSID, Channel = 5",
403,20.4643602,[404E36 6CABFE],[*BROADCAST],215 (0xD7),WiFi,"WiFi:[ ManagementProbe request] ....... RSSI = 215 dBm, Rate = Unknown, SSID = BroadCast SSID, Channel = 6",
404,20.4711403,[404E36 6CABFE],[*BROADCAST],215 (0xD7),WiFi,"WiFi:[ ManagementProbe request] ....... RSSI = 215 dBm, Rate = Unknown, SSID = BroadCast SSID, Channel = 6",
405,20.4780687,[404E36 6CABFE],[*BROADCAST],215 (0xD7),WiFi,"WiFi:[ ManagementProbe request] ....... RSSI = 215 dBm, Rate = Unknown, SSID = BroadCast SSID, Channel = 6",
406,20.4896021,[404E36 6CABFE],[*BROADCAST],215 (0xD7),WiFi,"WiFi:[ ManagementProbe request] ....... RSSI = 215 dBm, Rate = Unknown, SSID = BroadCast SSID, Channel = 6",
407,20.5167304,[404E36 6CABFE],[*BROADCAST],215 (0xD7),WiFi,"WiFi:[ ManagementProbe request] ....... RSSI = 215 dBm, Rate = Unknown, SSID = BroadCast SSID, Channel = 7",
408,20.5190397,[404E36 6CABFE],[*BROADCAST],215 (0xD7),WiFi,"WiFi:[ ManagementProbe request] ....... RSSI = 215 dBm, Rate = Unknown, SSID = BroadCast SSID, Channel = 7",
409,20.5484821,[404E36 6CABFE],[*BROADCAST],215 (0xD7),WiFi,"WiFi:[ ManagementProbe request] ....... RSSI = 215 dBm, Rate = Unknown, SSID = BroadCast SSID, Channel = 8",
410,20.5528976,[24DEC6 11EF61],[*BROADCAST],215 (0xD7),WiFi,"WiFi:[ ManagementBeacon] ....... RSSI = 215 dBm, Rate = Unknown, SSID = tamulink-wpa, Channel = 6",
411,20.6553188,[24DEC6 11EF61],[*BROADCAST],215 (0xD7),WiFi,"WiFi:[ ManagementBeacon] ....... RSSI = 215 dBm, Rate = Unknown, SSID = tamulink-wpa, Channel = 6",
412,20.6924435,[404E36 88201D],[*BROADCAST],215 (0xD7),WiFi,"WiFi:[ ManagementProbe request] ....... RSSI = 215 dBm, Rate = Unknown, SSID = tamulink-wpa, Channel = 4",
413,20.7577305,[24DEC6 11EF61],[*BROADCAST],215 (0xD7),WiFi,"WiFi:[ ManagementBeacon] ....... RSSI = 215 dBm, Rate = Unknown, SSID = tamulink-wpa, Channel = 6",
414,20.8167156,[80000B C94267],[*BROADCAST],215 (0xD7),WiFi,"WiFi:[ ManagementProbe request] ....... RSSI = 215 dBm, Rate = Unknown, SSID = BroadCast SSID",
415,20.8176723,[80000B C94267],[*BROADCAST],215 (0xD7),WiFi,"WiFi:[ ManagementProbe request] ....... RSSI = 215 dBm, Rate = Unknown, SSID = tamulink-wpa",
416,20.8185238,[80000B C94267],[*BROADCAST],215 (0xD7),WiFi,"WiFi:[ ManagementProbe request] ....... RSSI = 215 dBm, Rate = Unknown, SSID = BroadCast SSID",
417,20.8586579,[80000B C94267],[*BROADCAST],215 (0xD7),WiFi,"WiFi:[ ManagementProbe request] ....... RSSI = 215 dBm, Rate = Unknown, SSID = BroadCast SSID",
418,20.8636174,[24DEC6 11EF61],[*BROADCAST],215 (0xD7),WiFi,"WiFi:[ ManagementBeacon] ....... RSSI = 215 dBm, Rate = Unknown, SSID = tamulink-wpa, Channel = 6",
419,20.8663993,[80000B C94267],[*BROADCAST],215 (0xD7),WiFi,"WiFi:[ ManagementProbe request] ....... RSSI = 215 dBm, Rate = Unknown, SSID = tamulink-wpa",
420,20.8733598,[80000B C94267],[*BROADCAST],215 (0xD7),WiFi,"WiFi:[ ManagementProbe request] ....... RSSI = 215 dBm, Rate = Unknown, SSID = BroadCast SSID",
421,20.8909911,[80000B C94267],[*BROADCAST],215 (0xD7),WiFi,"WiFi:[ ManagementProbe request] ....... RSSI = 215 dBm, Rate = Unknown, SSID = BroadCast SSID",
422,20.8957099,[80000B C94267],[*BROADCAST],215 (0xD7),WiFi,"WiFi:[ ManagementProbe request] ....... RSSI = 215 dBm, Rate = Unknown, SSID = BroadCast SSID",
423,20.9626011,[24DEC6 11EF61],[*BROADCAST],215 (0xD7),WiFi,"WiFi:[ ManagementBeacon] ....... RSSI = 215 dBm, Rate = Unknown, SSID = tamulink-wpa, Channel = 6",
424,20.9918676,[80000B C94267],[*BROADCAST],215 (0xD7),WiFi,"WiFi:[ ManagementProbe request] ....... RSSI = 215 dBm, Rate = Unknown, SSID = BroadCast SSID",
425,20.9997912,[80000B C94267],[*BROADCAST],215 (0xD7),WiFi,"WiFi:[ ManagementProbe request] ....... RSSI = 215 dBm, Rate = Unknown, SSID = tamulink-wpa",
426,21.0006948,[80000B C94267],[*BROADCAST],215 (0xD7),WiFi,"WiFi:[ ManagementProbe request] ....... RSSI = 215 dBm, Rate = Unknown, SSID = BroadCast SSID",
427,21.0633578,[80000B C94267],[*BROADCAST],215 (0xD7),WiFi,"WiFi:[ ManagementProbe request] ....... RSSI = 215 dBm, Rate = Unknown, SSID = BroadCast SSID",
428,21.0643367,[80000B C94267],[*BROADCAST],215 (0xD7),WiFi,"WiFi:[ ManagementProbe request] ....... RSSI = 215 dBm, Rate = Unknown, SSID = tamulink-wpa",
429,21.0649846,[24DEC6 11EF61],[*BROADCAST],215 (0xD7),WiFi,"WiFi:[ ManagementBeacon] ....... RSSI = 215 dBm, Rate = Unknown, SSID = tamulink-wpa, Channel = 6",
430,21.0671755,[80000B C94267],[*BROADCAST],215 (0xD7),WiFi,"WiFi:[ ManagementProbe request] ....... RSSI = 215 dBm, Rate = Unknown, SSID = BroadCast SSID",
431,21.1673874,[24DEC6 11EF61],[*BROADCAST],216 (0xD8),WiFi,"WiFi:[ ManagementBeacon] ....... RSSI = 216 dBm, Rate = Unknown, SSID = tamulink-wpa, Channel = 6",
432,21.3721810,[24DEC6 11EF61],[*BROADCAST],216 (0xD8),WiFi,"WiFi:[ ManagementBeacon] ....... RSSI = 216 dBm, Rate = Unknown, SSID = tamulink-wpa, Channel = 6",
433,21.4745380,[24DEC6 11EF61],[*BROADCAST],216 (0xD8),WiFi,"WiFi:[ ManagementBeacon] ....... RSSI = 216 dBm, Rate = Unknown, SSID = tamulink-wpa, Channel = 6",
434,21.5768095,[24DEC6 11EF61],[*BROADCAST],216 (0xD8),WiFi,"WiFi:[ ManagementBeacon] ....... RSSI = 216 dBm, Rate = Unknown, SSID = tamulink-wpa, Channel = 6",
435,21.6793773,[24DEC6 11EF61],[*BROADCAST],217 (0xD9),WiFi,"WiFi:[ ManagementBeacon] ....... RSSI = 217 dBm, Rate = Unknown, SSID = tamulink-wpa, Channel = 6",
436,21.7817275,[24DEC6 11EF61],[*BROADCAST],217 (0xD9),WiFi,"WiFi:[ ManagementBeacon] ....... RSSI = 217 dBm, Rate = Unknown, SSID = tamulink-wpa, Channel = 6",
437,21.8841230,[24DEC6 11EF61],[*BROADCAST],217 (0xD9),WiFi,"WiFi:[ ManagementBeacon] ....... RSSI = 217 dBm, Rate = Unknown, SSID = tamulink-wpa, Channel = 6",
438,21.9284665,[9801A7 951843],[*BROADCAST],217 (0xD9),WiFi,"WiFi:[ ManagementProbe request] ....... RSSI = 217 dBm, Rate = Unknown, SSID = BroadCast SSID, Channel = 4",
439,21.9866028,[24DEC6 11EF61],[*BROADCAST],217 (0xD9),WiFi,"WiFi:[ ManagementBeacon] ....... RSSI = 217 dBm, Rate = Unknown, SSID = tamulink-wpa, Channel = 6",
440,22.0120893,[9801A7 951843],[*BROADCAST],217 (0xD9),WiFi,"WiFi:[ ManagementProbe request] ....... RSSI = 217 dBm, Rate = Unknown, SSID = BroadCast SSID, Channel = 5",
441,22.0500376,[9801A7 951843],[*BROADCAST],217 (0xD9),WiFi,"WiFi:[ ManagementProbe request] ....... RSSI = 217 dBm, Rate = Unknown, SSID = BroadCast SSID, Channel = 5",
442,22.0888144,[24DEC6 11EF61],[*BROADCAST],217 (0xD9),WiFi,"WiFi:[ ManagementBeacon] ....... RSSI = 217 dBm, Rate = Unknown, SSID = tamulink-wpa, Channel = 6",
443,22.0951770,[9801A7 951843],[*BROADCAST],217 (0xD9),WiFi,"WiFi:[ ManagementProbe request] ....... RSSI = 217 dBm, Rate = Unknown, SSID = BroadCast SSID, Channel = 6",
444,22.1333174,[9801A7 951843],[*BROADCAST],217 (0xD9),WiFi,"WiFi:[ ManagementProbe request] ....... RSSI = 217 dBm, Rate = Unknown, SSID = BroadCast SSID, Channel = 6",
445,22.1912018,[24DEC6 11EF61],[*BROADCAST],217 (0xD9),WiFi,"WiFi:[ ManagementBeacon] ....... RSSI = 217 dBm, Rate = Unknown, SSID = tamulink-wpa, Channel = 6",
446,22.1998716,[9801A7 951843],[*BROADCAST],217 (0xD9),WiFi,"WiFi:[ ManagementProbe request] ....... RSSI = 217 dBm, Rate = Unknown, SSID = BroadCast SSID, Channel = 7",
447,22.2377105,[9801A7 951843],[*BROADCAST],217 (0xD9),WiFi,"WiFi:[ ManagementProbe request] ....... RSSI = 217 dBm, Rate = Unknown, SSID = BroadCast SSID, Channel = 7",
448,22.2838040,[9801A7 951843],[*BROADCAST],217 (0xD9),WiFi,"WiFi:[ ManagementProbe request] ....... RSSI = 217 dBm, Rate = Unknown, SSID = BroadCast SSID, Channel = 8",
449,22.2938068,[24DEC6 11EF61],[*BROADCAST],217 (0xD9),WiFi,"WiFi:[ ManagementBeacon] ....... RSSI = 217 dBm, Rate = Unknown, SSID = tamulink-wpa, Channel = 6",
450,22.3207179,[9801A7 951843],[*BROADCAST],217 (0xD9),WiFi,"WiFi:[ ManagementProbe request] ....... RSSI = 217 dBm, Rate = Unknown, SSID = BroadCast SSID, Channel = 8",
451,22.3799194,[C2F64F C184D2],[*BROADCAST],217 (0xD9),WiFi,"WiFi:[ ManagementProbe request] ....... RSSI = 217 dBm, Rate = Unknown, SSID = BroadCast SSID, Channel = 6",
452,22.4014621,[C2F64F C184D2],[*BROADCAST],217 (0xD9),WiFi,"WiFi:[ ManagementProbe request] ....... RSSI = 217 dBm, Rate = Unknown, SSID = BroadCast SSID, Channel = 7",
453,22.4986120,[24DEC6 11EF61],[*BROADCAST],217 (0xD9),WiFi,"WiFi:[ ManagementBeacon] ....... RSSI = 217 dBm, Rate = Unknown, SSID = tamulink-wpa, Channel = 6",
454,22.5897392,[C2F64F C184D2],[*BROADCAST],217 (0xD9),WiFi,"WiFi:[ ManagementProbe request] ....... RSSI = 217 dBm, Rate = Unknown, SSID = BroadCast SSID, Channel = 4",
455,22.6007718,[24DEC6 11EF61],[*BROADCAST],217 (0xD9),WiFi,"WiFi:[ ManagementBeacon] ....... RSSI = 217 dBm, Rate = Unknown, SSID = tamulink-wpa, Channel = 6",
456,22.6133688,[C2F64F C184D2],[*BROADCAST],217 (0xD9),WiFi,"WiFi:[ ManagementProbe request] ....... RSSI = 217 dBm, Rate = Unknown, SSID = BroadCast SSID, Channel = 5",
457,22.8057181,[24DEC6 11EF61],[*BROADCAST],217 (0xD9),WiFi,"WiFi:[ ManagementBeacon] ....... RSSI = 217 dBm, Rate = Unknown, SSID = tamulink-wpa, Channel = 6",
458,22.9106581,[24DEC6 11EF61],[*BROADCAST],217 (0xD9),WiFi,"WiFi:[ ManagementBeacon] ....... RSSI = 217 dBm, Rate = Unknown, SSID = tamulink-wpa, Channel = 6",
459,23.0105330,[24DEC6 11EF61],[*BROADCAST],217 (0xD9),WiFi,"WiFi:[ ManagementBeacon] ....... RSSI = 217 dBm, Rate = Unknown, SSID = tamulink-wpa, Channel = 6",
460,23.0673637,[D4F46F C7A473],[*BROADCAST],217 (0xD9),WiFi,"WiFi:[ ManagementProbe request] ....... RSSI = 217 dBm, Rate = Unknown, SSID = tamulink-wpa, Channel = 6",
461,23.1128041,[24DEC6 11EF61],[*BROADCAST],217 (0xD9),WiFi,"WiFi:[ ManagementBeacon] ....... RSSI = 217 dBm, Rate = Unknown, SSID = tamulink-wpa, Channel = 6",
462,23.2154087,[24DEC6 11EF61],[*BROADCAST],217 (0xD9),WiFi,"WiFi:[ ManagementBeacon] ....... RSSI = 217 dBm, Rate = Unknown, SSID = tamulink-wpa, Channel = 6",
463,23.3178072,[24DEC6 11EF61],[*BROADCAST],217 (0xD9),WiFi,"WiFi:[ ManagementBeacon] ....... RSSI = 217 dBm, Rate = Unknown, SSID = tamulink-wpa, Channel = 6",
464,23.3318198,[84EF18 692DC3],[*BROADCAST],217 (0xD9),WiFi,"WiFi:[ ManagementProbe request] ....... RSSI = 217 dBm, Rate = Unknown, SSID = BroadCast SSID",
465,23.4201262,[24DEC6 11EF61],[*BROADCAST],217 (0xD9),WiFi,"WiFi:[ ManagementBeacon] ....... RSSI = 217 dBm, Rate = Unknown, SSID = tamulink-wpa, Channel = 6",
466,23.5226055,[24DEC6 11EF61],[*BROADCAST],217 (0xD9),WiFi,"WiFi:[ ManagementBeacon] ....... RSSI = 217 dBm, Rate = Unknown, SSID = tamulink-wpa, Channel = 6",
467,23.6248064,[24DEC6 11EF61],[*BROADCAST],217 (0xD9),WiFi,"WiFi:[ ManagementBeacon] ....... RSSI = 217 dBm, Rate = Unknown, SSID = tamulink-wpa, Channel = 6",
468,23.7306938,[24DEC6 11EF61],[*BROADCAST],217 (0xD9),WiFi,"WiFi:[ ManagementBeacon] ....... RSSI = 217 dBm, Rate = Unknown, SSID = tamulink-wpa, Channel = 6",
469,23.8298134,[24DEC6 11EF61],[*BROADCAST],217 (0xD9),WiFi,"WiFi:[ ManagementBeacon] ....... RSSI = 217 dBm, Rate = Unknown, SSID = tamulink-wpa, Channel = 6",
470,23.9322222,[24DEC6 11EF61],[*BROADCAST],217 (0xD9),WiFi,"WiFi:[ ManagementBeacon] ....... RSSI = 217 dBm, Rate = Unknown, SSID = tamulink-wpa, Channel = 6",
471,24.0345317,[24DEC6 11EF61],[*BROADCAST],217 (0xD9),WiFi,"WiFi:[ ManagementBeacon] ....... RSSI = 217 dBm, Rate = Unknown, SSID = tamulink-wpa, Channel = 6",
472,24.1367900,[24DEC6 11EF61],[*BROADCAST],217 (0xD9),WiFi,"WiFi:[ ManagementBeacon] ....... RSSI = 217 dBm, Rate = Unknown, SSID = tamulink-wpa, Channel = 6",
473,24.3418081,[24DEC6 11EF61],[*BROADCAST],217 (0xD9),WiFi,"WiFi:[ ManagementBeacon] ....... RSSI = 217 dBm, Rate = Unknown, SSID = tamulink-wpa, Channel = 6",
474,24.4442104,[24DEC6 11EF61],[*BROADCAST],217 (0xD9),WiFi,"WiFi:[ ManagementBeacon] ....... RSSI = 217 dBm, Rate = Unknown, SSID = tamulink-wpa, Channel = 6",
475,24.4729950,[9800C6 C59461],[*BROADCAST],217 (0xD9),WiFi,"WiFi:[ ManagementProbe request] ....... RSSI = 217 dBm, Rate = Unknown, SSID = tamulink-wpa, Channel = 7",
476,24.5545817,[24DEC6 11EF61],[*BROADCAST],217 (0xD9),WiFi,"WiFi:[ ManagementBeacon] ....... RSSI = 217 dBm, Rate = Unknown, SSID = tamulink-wpa, Channel = 6",
477,24.6488945,[24DEC6 11EF61],[*BROADCAST],217 (0xD9),WiFi,"WiFi:[ ManagementBeacon] ....... RSSI = 217 dBm, Rate = Unknown, SSID = tamulink-wpa, Channel = 6",
478,24.7513307,[24DEC6 11EF61],[*BROADCAST],217 (0xD9),WiFi,"WiFi:[ ManagementBeacon] ....... RSSI = 217 dBm, Rate = Unknown, SSID = tamulink-wpa, Channel = 6",
479,24.7572263,[84EF18 692DC3],[*BROADCAST],217 (0xD9),WiFi,"WiFi:[ ManagementProbe request] ....... RSSI = 217 dBm, Rate = Unknown, SSID = BroadCast SSID",
480,24.8537574,[24DEC6 11EF61],[*BROADCAST],217 (0xD9),WiFi,"WiFi:[ ManagementBeacon] ....... RSSI = 217 dBm, Rate = Unknown, SSID = tamulink-wpa, Channel = 6",
481,24.9561208,[24DEC6 11EF61],[*BROADCAST],217 (0xD9),WiFi,"WiFi:[ ManagementBeacon] ....... RSSI = 217 dBm, Rate = Unknown, SSID = tamulink-wpa, Channel = 6",
482,25.0585292,[24DEC6 11EF61],[*BROADCAST],217 (0xD9),WiFi,"WiFi:[ ManagementBeacon] ....... RSSI = 217 dBm, Rate = Unknown, SSID = tamulink-wpa, Channel = 6",
483,25.1609127,[24DEC6 11EF61],[*BROADCAST],217 (0xD9),WiFi,"WiFi:[ ManagementBeacon] ....... RSSI = 217 dBm, Rate = Unknown, SSID = tamulink-wpa, Channel = 6",
484,25.2633245,[24DEC6 11EF61],[*BROADCAST],217 (0xD9),WiFi,"WiFi:[ ManagementBeacon] ....... RSSI = 217 dBm, Rate = Unknown, SSID = tamulink-wpa, Channel = 6",
485,25.3658076,[24DEC6 11EF61],[*BROADCAST],217 (0xD9),WiFi,"WiFi:[ ManagementBeacon] ....... RSSI = 217 dBm, Rate = Unknown, SSID = tamulink-wpa, Channel = 6",
486,25.4682091,[24DEC6 11EF61],[*BROADCAST],217 (0xD9),WiFi,"WiFi:[ ManagementBeacon] ....... RSSI = 217 dBm, Rate = Unknown, SSID = tamulink-wpa, Channel = 6",
487,25.5704451,[24DEC6 11EF61],[*BROADCAST],217 (0xD9),WiFi,"WiFi:[ ManagementBeacon] ....... RSSI = 217 dBm, Rate = Unknown, SSID = tamulink-wpa, Channel = 6",
488,25.6729788,[24DEC6 11EF61],[*BROADCAST],217 (0xD9),WiFi,"WiFi:[ ManagementBeacon] ....... RSSI = 217 dBm, Rate = Unknown, SSID = tamulink-wpa, Channel = 6",
489,25.7753405,[24DEC6 11EF61],[*BROADCAST],217 (0xD9),WiFi,"WiFi:[ ManagementBeacon] ....... RSSI = 217 dBm, Rate = Unknown, SSID = tamulink-wpa, Channel = 6",
490,25.8777762,[24DEC6 11EF61],[*BROADCAST],217 (0xD9),WiFi,"WiFi:[ ManagementBeacon] ....... RSSI = 217 dBm, Rate = Unknown, SSID = tamulink-wpa, Channel = 6",
491,25.9801764,[24DEC6 11EF61],[*BROADCAST],217 (0xD9),WiFi,"WiFi:[ ManagementBeacon] ....... RSSI = 217 dBm, Rate = Unknown, SSID = tamulink-wpa, Channel = 6",
492,26.0823957,[24DEC6 11EF61],[*BROADCAST],217 (0xD9),WiFi,"WiFi:[ ManagementBeacon] ....... RSSI = 217 dBm, Rate = Unknown, SSID = tamulink-wpa, Channel = 6",
493,26.1848088,[24DEC6 11EF61],[*BROADCAST],217 (0xD9),WiFi,"WiFi:[ ManagementBeacon] ....... RSSI = 217 dBm, Rate = Unknown, SSID = tamulink-wpa, Channel = 6",
494,26.2872346,[24DEC6 11EF61],[*BROADCAST],217 (0xD9),WiFi,"WiFi:[ ManagementBeacon] ....... RSSI = 217 dBm, Rate = Unknown, SSID = tamulink-wpa, Channel = 6",
495,26.3671624,[E26A2B EB3635],[*BROADCAST],217 (0xD9),WiFi,"WiFi:[ ManagementProbe request] ....... RSSI = 217 dBm, Rate = Unknown, SSID = BroadCast SSID, Channel = 6",
496,26.3947847,[C66431 B1C920],[*BROADCAST],217 (0xD9),WiFi,"WiFi:[ ManagementProbe request] ....... RSSI = 217 dBm, Rate = Unknown, SSID = TMobileWingman, Channel = 6",
497,26.3960060,[C66431 B1C920],[*BROADCAST],217 (0xD9),WiFi,"WiFi:[ ManagementProbe request] ....... RSSI = 217 dBm, Rate = Unknown, SSID = BroadCast SSID, Channel = 6",
498,26.4150906,[C66431 B1C920],[*BROADCAST],217 (0xD9),WiFi,"WiFi:[ ManagementProbe request] ....... RSSI = 217 dBm, Rate = Unknown, SSID = TMobileWingman, Channel = 6",
499,26.4160891,[C66431 B1C920],[*BROADCAST],217 (0xD9),WiFi,"WiFi:[ ManagementProbe request] ....... RSSI = 217 dBm, Rate = Unknown, SSID = BroadCast SSID, Channel = 6",
500,26.4921300,[24DEC6 11EF61],[*BROADCAST],217 (0xD9),WiFi,"WiFi:[ ManagementBeacon] ....... RSSI = 217 dBm, Rate = Unknown, SSID = tamulink-wpa, Channel = 6",
501,26.5083244,[B8D7AF 73B636],[*BROADCAST],217 (0xD9),WiFi,"WiFi:[ ManagementProbe request] ....... RSSI = 217 dBm, Rate = Unknown, SSID = BroadCast SSID, Channel = 5",
502,26.5979142,[24DEC6 11EF61],[*BROADCAST],217 (0xD9),WiFi,"WiFi:[ ManagementBeacon] ....... RSSI = 217 dBm, Rate = Unknown, SSID = tamulink-wpa, Channel = 6",
503,26.5999533,[D4A33D 03AC73],[*BROADCAST],217 (0xD9),WiFi,"WiFi:[ ManagementProbe request] ....... RSSI = 217 dBm, Rate = Unknown, SSID = tamulink-wpa, Channel = 6",
504,26.7856016,[AE6C12 F9BF2F],[*BROADCAST],217 (0xD9),WiFi,"WiFi:[ ManagementProbe request] ....... RSSI = 217 dBm, Rate = Unknown, SSID = TMobileWingman, Channel = 5",
505,26.7868333,[AE6C12 F9BF2F],[*BROADCAST],217 (0xD9),WiFi,"WiFi:[ ManagementProbe request] ....... RSSI = 217 dBm, Rate = Unknown, SSID = BroadCast SSID, Channel = 5",
506,26.7993409,[24DEC6 11EF61],[*BROADCAST],217 (0xD9),WiFi,"WiFi:[ ManagementBeacon] ....... RSSI = 217 dBm, Rate = Unknown, SSID = tamulink-wpa, Channel = 6",
507,26.8326077,[AE6C12 F9BF2F],[*BROADCAST],217 (0xD9),WiFi,"WiFi:[ ManagementProbe request] ....... RSSI = 217 dBm, Rate = Unknown, SSID = TMobileWingman, Channel = 7",
508,26.8337423,[AE6C12 F9BF2F],[*BROADCAST],217 (0xD9),WiFi,"WiFi:[ ManagementProbe request] ....... RSSI = 217 dBm, Rate = Unknown, SSID = BroadCast SSID, Channel = 7",
509,26.8347400,[48E244 AA2EB7],[*BROADCAST],217 (0xD9),WiFi,"WiFi:[ ManagementProbe request] ....... RSSI = 217 dBm, Rate = Unknown, SSID = BroadCast SSID",
510,26.8522298,[AE6C12 F9BF2F],[*BROADCAST],217 (0xD9),WiFi,"WiFi:[ ManagementProbe request] ....... RSSI = 217 dBm, Rate = Unknown, SSID = TMobileWingman, Channel = 7",
511,26.8782633,[AE6C12 F9BF2F],[*BROADCAST],217 (0xD9),WiFi,"WiFi:[ ManagementProbe request] ....... RSSI = 217 dBm, Rate = Unknown, SSID = TMobileWingman, Channel = 8",
512,26.8794047,[AE6C12 F9BF2F],[*BROADCAST],217 (0xD9),WiFi,"WiFi:[ ManagementProbe request] ....... RSSI = 217 dBm, Rate = Unknown, SSID = BroadCast SSID, Channel = 8",
513,26.8999193,[AE6C12 F9BF2F],[*BROADCAST],217 (0xD9),WiFi,"WiFi:[ ManagementProbe request] ....... RSSI = 217 dBm, Rate = Unknown, SSID = BroadCast SSID, Channel = 8",
514,27.0041281,[24DEC6 11EF61],[*BROADCAST],217 (0xD9),WiFi,"WiFi:[ ManagementBeacon] ....... RSSI = 217 dBm, Rate = Unknown, SSID = tamulink-wpa, Channel = 6",
515,27.1064876,[24DEC6 11EF61],[*BROADCAST],217 (0xD9),WiFi,"WiFi:[ ManagementBeacon] ....... RSSI = 217 dBm, Rate = Unknown, SSID = tamulink-wpa, Channel = 6",
516,27.2089242,[24DEC6 11EF61],[*BROADCAST],217 (0xD9),WiFi,"WiFi:[ ManagementBeacon] ....... RSSI = 217 dBm, Rate = Unknown, SSID = tamulink-wpa, Channel = 6",
517,27.3113180,[24DEC6 11EF61],[*BROADCAST],217 (0xD9),WiFi,"WiFi:[ ManagementBeacon] ....... RSSI = 217 dBm, Rate = Unknown, SSID = tamulink-wpa, Channel = 6",
518,27.4138174,[24DEC6 11EF61],[*BROADCAST],217 (0xD9),WiFi,"WiFi:[ ManagementBeacon] ....... RSSI = 217 dBm, Rate = Unknown, SSID = tamulink-wpa, Channel = 6",
519,27.5162074,[24DEC6 11EF61],[*BROADCAST],217 (0xD9),WiFi,"WiFi:[ ManagementBeacon] ....... RSSI = 217 dBm, Rate = Unknown, SSID = tamulink-wpa, Channel = 6",
520,27.7210134,[24DEC6 11EF61],[*BROADCAST],217 (0xD9),WiFi,"WiFi:[ ManagementBeacon] ....... RSSI = 217 dBm, Rate = Unknown, SSID = tamulink-wpa, Channel = 6",
521,27.8234191,[24DEC6 11EF61],[*BROADCAST],218 (0xDA),WiFi,"WiFi:[ ManagementBeacon] ....... RSSI = 218 dBm, Rate = Unknown, SSID = tamulink-wpa, Channel = 6",
522,27.9258185,[24DEC6 11EF61],[*BROADCAST],218 (0xDA),WiFi,"WiFi:[ ManagementBeacon] ....... RSSI = 218 dBm, Rate = Unknown, SSID = tamulink-wpa, Channel = 6",
523,28.0282255,[24DEC6 11EF61],[*BROADCAST],218 (0xDA),WiFi,"WiFi:[ ManagementBeacon] ....... RSSI = 218 dBm, Rate = Unknown, SSID = tamulink-wpa, Channel = 6",
524,28.1304072,[24DEC6 11EF61],[*BROADCAST],218 (0xDA),WiFi,"WiFi:[ ManagementBeacon] ....... RSSI = 218 dBm, Rate = Unknown, SSID = tamulink-wpa, Channel = 6",
525,28.2328117,[24DEC6 11EF61],[*BROADCAST],218 (0xDA),WiFi,"WiFi:[ ManagementBeacon] ....... RSSI = 218 dBm, Rate = Unknown, SSID = tamulink-wpa, Channel = 6",
526,28.2433889,10.231.231.191,64.233.169.188,,TCP,"TCP:[Keep alive]Flags=...A...., SrcPort=3037, DstPort=5228, PayloadLen=1, Seq=3080786924 - 3080786925, Ack=2850113377, Win=66","{TCP:31, IPv4:30}"
527,28.2590543,64.233.169.188,10.231.231.191,218 (0xDA),TCP,"TCP:[Keep alive ack]Flags=...A...., SrcPort=5228, DstPort=3037, PayloadLen=0, Seq=2850113377, Ack=3080786925, Win=180","{TCP:31, IPv4:30}"
528,28.3353372,[24DEC6 11EF61],[*BROADCAST],218 (0xDA),WiFi,"WiFi:[ ManagementBeacon] ....... RSSI = 218 dBm, Rate = Unknown, SSID = tamulink-wpa, Channel = 6",
529,28.4378204,[24DEC6 11EF61],[*BROADCAST],219 (0xDB),WiFi,"WiFi:[ ManagementBeacon] ....... RSSI = 219 dBm, Rate = Unknown, SSID = tamulink-wpa, Channel = 6",
530,28.5401338,[24DEC6 11EF61],[*BROADCAST],219 (0xDB),WiFi,"WiFi:[ ManagementBeacon] ....... RSSI = 219 dBm, Rate = Unknown, SSID = tamulink-wpa, Channel = 6",
531,28.6425062,[24DEC6 11EF61],[*BROADCAST],219 (0xDB),WiFi,"WiFi:[ ManagementBeacon] ....... RSSI = 219 dBm, Rate = Unknown, SSID = tamulink-wpa, Channel = 6",
532,28.7449329,[24DEC6 11EF61],[*BROADCAST],219 (0xDB),WiFi,"WiFi:[ ManagementBeacon] ....... RSSI = 219 dBm, Rate = Unknown, SSID = tamulink-wpa, Channel = 6",
533,28.8473306,[24DEC6 11EF61],[*BROADCAST],219 (0xDB),WiFi,"WiFi:[ ManagementBeacon] ....... RSSI = 219 dBm, Rate = Unknown, SSID = tamulink-wpa, Channel = 6",
534,28.9498202,[24DEC6 11EF61],[*BROADCAST],219 (0xDB),WiFi,"WiFi:[ ManagementBeacon] ....... RSSI = 219 dBm, Rate = Unknown, SSID = tamulink-wpa, Channel = 6",
535,29.0521314,[24DEC6 11EF61],[*BROADCAST],219 (0xDB),WiFi,"WiFi:[ ManagementBeacon] ....... RSSI = 219 dBm, Rate = Unknown, SSID = tamulink-wpa, Channel = 6",
536,29.2594499,[24DEC6 11EF61],[*BROADCAST],219 (0xDB),WiFi,"WiFi:[ ManagementBeacon] ....... RSSI = 219 dBm, Rate = Unknown, SSID = tamulink-wpa, Channel = 6",
537,29.3106338,[E48B7F D7773B],[*BROADCAST],219 (0xDB),WiFi,"WiFi:[ ManagementProbe request] ....... RSSI = 219 dBm, Rate = Unknown, SSID = BroadCast SSID, Channel = 6",
538,29.3594236,[24DEC6 11EF61],[*BROADCAST],219 (0xDB),WiFi,"WiFi:[ ManagementBeacon] ....... RSSI = 219 dBm, Rate = Unknown, SSID = tamulink-wpa, Channel = 6",
539,29.4618225,[24DEC6 11EF61],[*BROADCAST],219 (0xDB),WiFi,"WiFi:[ ManagementBeacon] ....... RSSI = 219 dBm, Rate = Unknown, SSID = tamulink-wpa, Channel = 6",
540,29.5641346,[24DEC6 11EF61],[*BROADCAST],219 (0xDB),WiFi,"WiFi:[ ManagementBeacon] ....... RSSI = 219 dBm, Rate = Unknown, SSID = tamulink-wpa, Channel = 6",
541,29.5739600,[1C3E84 94D0B9],[*BROADCAST],219 (0xDB),WiFi,"WiFi:[ ManagementProbe request] ....... RSSI = 219 dBm, Rate = Unknown, SSID = BroadCast SSID",
542,29.6666131,[24DEC6 11EF61],[*BROADCAST],220 (0xDC),WiFi,"WiFi:[ ManagementBeacon] ....... RSSI = 220 dBm, Rate = Unknown, SSID = tamulink-wpa, Channel = 6",
543,29.7126211,[1C3E84 94D0B9],[*BROADCAST],220 (0xDC),WiFi,"WiFi:[ ManagementProbe request] ....... RSSI = 220 dBm, Rate = Unknown, SSID = BroadCast SSID",
544,29.7147388,[1C3E84 94D0B9],[*BROADCAST],220 (0xDC),WiFi,"WiFi:[ ManagementProbe request] ....... RSSI = 220 dBm, Rate = Unknown, SSID = BroadCast SSID",
545,29.7690099,[24DEC6 11EF61],[*BROADCAST],220 (0xDC),WiFi,"WiFi:[ ManagementBeacon] ....... RSSI = 220 dBm, Rate = Unknown, SSID = tamulink-wpa, Channel = 6",
546,29.8716573,[24DEC6 11EF61],[*BROADCAST],220 (0xDC),WiFi,"WiFi:[ ManagementBeacon] ....... RSSI = 220 dBm, Rate = Unknown, SSID = tamulink-wpa, Channel = 6",
547,29.9738215,[24DEC6 11EF61],[*BROADCAST],220 (0xDC),WiFi,"WiFi:[ ManagementBeacon] ....... RSSI = 220 dBm, Rate = Unknown, SSID = tamulink-wpa, Channel = 6",
548,29.9939075,[1C3E84 94D0B9],[*BROADCAST],220 (0xDC),WiFi,"WiFi:[ ManagementProbe request] ....... RSSI = 220 dBm, Rate = Unknown, SSID = BroadCast SSID",
549,30.0760883,[24DEC6 11EF61],[*BROADCAST],220 (0xDC),WiFi,"WiFi:[ ManagementBeacon] ....... RSSI = 220 dBm, Rate = Unknown, SSID = tamulink-wpa, Channel = 6",
550,30.1784141,[24DEC6 11EF61],[*BROADCAST],219 (0xDB),WiFi,"WiFi:[ ManagementBeacon] ....... RSSI = 219 dBm, Rate = Unknown, SSID = tamulink-wpa, Channel = 6",
551,30.2808720,[24DEC6 11EF61],[*BROADCAST],219 (0xDB),WiFi,"WiFi:[ ManagementBeacon] ....... RSSI = 219 dBm, Rate = Unknown, SSID = tamulink-wpa, Channel = 6",
552,30.3759709,[C62AED 262CE2],[*BROADCAST],219 (0xDB),WiFi,"WiFi:[ ManagementProbe request] ....... RSSI = 219 dBm, Rate = Unknown, SSID = BroadCast SSID, Channel = 6",
553,30.3873440,[24DEC6 11EF61],[*BROADCAST],219 (0xDB),WiFi,"WiFi:[ ManagementBeacon] ....... RSSI = 219 dBm, Rate = Unknown, SSID = tamulink-wpa, Channel = 6",
554,30.4858256,[24DEC6 11EF61],[*BROADCAST],219 (0xDB),WiFi,"WiFi:[ ManagementBeacon] ....... RSSI = 219 dBm, Rate = Unknown, SSID = tamulink-wpa, Channel = 6",
555,30.4898301,[C62AED 262CE2],[*BROADCAST],219 (0xDB),WiFi,"WiFi:[ ManagementProbe request] ....... RSSI = 219 dBm, Rate = Unknown, SSID = BroadCast SSID, Channel = 7",
556,30.5442150,[C62AED 262CE2],[*BROADCAST],219 (0xDB),WiFi,"WiFi:[ ManagementProbe request] ....... RSSI = 219 dBm, Rate = Unknown, SSID = BroadCast SSID, Channel = 7",
557,30.5880338,[24DEC6 11EF61],[*BROADCAST],219 (0xDB),WiFi,"WiFi:[ ManagementBeacon] ....... RSSI = 219 dBm, Rate = Unknown, SSID = tamulink-wpa, Channel = 6",
558,30.6614343,[C62AED 262CE2],[*BROADCAST],219 (0xDB),WiFi,"WiFi:[ ManagementProbe request] ....... RSSI = 219 dBm, Rate = Unknown, SSID = BroadCast SSID, Channel = 8",
559,30.6925526,[24DEC6 11EF61],[*BROADCAST],219 (0xDB),WiFi,"WiFi:[ ManagementBeacon] ....... RSSI = 219 dBm, Rate = Unknown, SSID = tamulink-wpa, Channel = 6",
560,30.7496620,[80000B C94267],[*BROADCAST],219 (0xDB),WiFi,"WiFi:[ ManagementProbe request] ....... RSSI = 219 dBm, Rate = Unknown, SSID = BroadCast SSID",
561,30.7506751,[80000B C94267],[*BROADCAST],219 (0xDB),WiFi,"WiFi:[ ManagementProbe request] ....... RSSI = 219 dBm, Rate = Unknown, SSID = tamulink-wpa",
562,30.7519675,[80000B C94267],[*BROADCAST],219 (0xDB),WiFi,"WiFi:[ ManagementProbe request] ....... RSSI = 219 dBm, Rate = Unknown, SSID = BroadCast SSID",
563,30.7929698,[24DEC6 11EF61],[*BROADCAST],218 (0xDA),WiFi,"WiFi:[ ManagementBeacon] ....... RSSI = 218 dBm, Rate = Unknown, SSID = tamulink-wpa, Channel = 6",
564,30.8939835,[80000B C94267],[*BROADCAST],218 (0xDA),WiFi,"WiFi:[ ManagementProbe request] ....... RSSI = 218 dBm, Rate = Unknown, SSID = BroadCast SSID",
565,30.9045487,[80000B C94267],[*BROADCAST],218 (0xDA),WiFi,"WiFi:[ ManagementProbe request] ....... RSSI = 218 dBm, Rate = Unknown, SSID = BroadCast SSID",
566,30.9257993,[80000B C94267],[*BROADCAST],218 (0xDA),WiFi,"WiFi:[ ManagementProbe request] ....... RSSI = 218 dBm, Rate = Unknown, SSID = BroadCast SSID",
567,30.9310522,[80000B C94267],[*BROADCAST],218 (0xDA),WiFi,"WiFi:[ ManagementProbe request] ....... RSSI = 218 dBm, Rate = Unknown, SSID = tamulink-wpa",
568,30.9319640,[80000B C94267],[*BROADCAST],218 (0xDA),WiFi,"WiFi:[ ManagementProbe request] ....... RSSI = 218 dBm, Rate = Unknown, SSID = BroadCast SSID",
569,30.9978309,[24DEC6 11EF61],[*BROADCAST],218 (0xDA),WiFi,"WiFi:[ ManagementBeacon] ....... RSSI = 218 dBm, Rate = Unknown, SSID = tamulink-wpa, Channel = 6",
570,31.1000147,[24DEC6 11EF61],[*BROADCAST],218 (0xDA),WiFi,"WiFi:[ ManagementBeacon] ....... RSSI = 218 dBm, Rate = Unknown, SSID = tamulink-wpa, Channel = 6",
571,31.1326337,[80000B C94267],[*BROADCAST],218 (0xDA),WiFi,"WiFi:[ ManagementProbe request] ....... RSSI = 218 dBm, Rate = Unknown, SSID = BroadCast SSID",
572,31.1365441,[80000B C94267],[*BROADCAST],218 (0xDA),WiFi,"WiFi:[ ManagementProbe request] ....... RSSI = 218 dBm, Rate = Unknown, SSID = tamulink-wpa",
573,31.1446003,[80000B C94267],[*BROADCAST],218 (0xDA),WiFi,"WiFi:[ ManagementProbe request] ....... RSSI = 218 dBm, Rate = Unknown, SSID = BroadCast SSID",
574,31.2026279,[24DEC6 11EF61],[*BROADCAST],218 (0xDA),WiFi,"WiFi:[ ManagementBeacon] ....... RSSI = 218 dBm, Rate = Unknown, SSID = tamulink-wpa, Channel = 6",
575,31.3036079,[80000B C94267],[*BROADCAST],218 (0xDA),WiFi,"WiFi:[ ManagementProbe request] ....... RSSI = 218 dBm, Rate = Unknown, SSID = BroadCast SSID",
576,31.3046026,[80000B C94267],[*BROADCAST],218 (0xDA),WiFi,"WiFi:[ ManagementProbe request] ....... RSSI = 218 dBm, Rate = Unknown, SSID = tamulink-wpa",
577,31.3052514,[24DEC6 11EF61],[*BROADCAST],217 (0xD9),WiFi,"WiFi:[ ManagementBeacon] ....... RSSI = 217 dBm, Rate = Unknown, SSID = tamulink-wpa, Channel = 6",
578,31.3071805,[80000B C94267],[*BROADCAST],217 (0xD9),WiFi,"WiFi:[ ManagementProbe request] ....... RSSI = 217 dBm, Rate = Unknown, SSID = BroadCast SSID",
579,31.4073689,[24DEC6 11EF61],[*BROADCAST],217 (0xD9),WiFi,"WiFi:[ ManagementBeacon] ....... RSSI = 217 dBm, Rate = Unknown, SSID = tamulink-wpa, Channel = 6",
580,31.7145935,[24DEC6 11EF61],[*BROADCAST],217 (0xD9),WiFi,"WiFi:[ ManagementBeacon] ....... RSSI = 217 dBm, Rate = Unknown, SSID = tamulink-wpa, Channel = 6",
581,31.8169368,[24DEC6 11EF61],[*BROADCAST],217 (0xD9),WiFi,"WiFi:[ ManagementBeacon] ....... RSSI = 217 dBm, Rate = Unknown, SSID = tamulink-wpa, Channel = 6",
582,31.9035779,[9801A7 951843],[*BROADCAST],217 (0xD9),WiFi,"WiFi:[ ManagementProbe request] ....... RSSI = 217 dBm, Rate = Unknown, SSID = BroadCast SSID, Channel = 4",
583,31.9194653,[24DEC6 11EF61],[*BROADCAST],217 (0xD9),WiFi,"WiFi:[ ManagementBeacon] ....... RSSI = 217 dBm, Rate = Unknown, SSID = tamulink-wpa, Channel = 6",
584,31.9416375,[9801A7 951843],[*BROADCAST],217 (0xD9),WiFi,"WiFi:[ ManagementProbe request] ....... RSSI = 217 dBm, Rate = Unknown, SSID = BroadCast SSID, Channel = 4",
585,31.9875535,[9801A7 951843],[*BROADCAST],217 (0xD9),WiFi,"WiFi:[ ManagementProbe request] ....... RSSI = 217 dBm, Rate = Unknown, SSID = BroadCast SSID, Channel = 5",
586,32.0217903,[24DEC6 11EF61],[*BROADCAST],217 (0xD9),WiFi,"WiFi:[ ManagementBeacon] ....... RSSI = 217 dBm, Rate = Unknown, SSID = tamulink-wpa, Channel = 6",
587,32.0256888,[9801A7 951843],[*BROADCAST],217 (0xD9),WiFi,"WiFi:[ ManagementProbe request] ....... RSSI = 217 dBm, Rate = Unknown, SSID = BroadCast SSID, Channel = 5",
588,32.0709458,[9801A7 951843],[*BROADCAST],217 (0xD9),WiFi,"WiFi:[ ManagementProbe request] ....... RSSI = 217 dBm, Rate = Unknown, SSID = BroadCast SSID, Channel = 6",
589,32.1085785,[9801A7 951843],[*BROADCAST],217 (0xD9),WiFi,"WiFi:[ ManagementProbe request] ....... RSSI = 217 dBm, Rate = Unknown, SSID = BroadCast SSID, Channel = 6",
590,32.1242521,[24DEC6 11EF61],[*BROADCAST],217 (0xD9),WiFi,"WiFi:[ ManagementBeacon] ....... RSSI = 217 dBm, Rate = Unknown, SSID = tamulink-wpa, Channel = 6",
591,32.1760654,[9801A7 951843],[*BROADCAST],217 (0xD9),WiFi,"WiFi:[ ManagementProbe request] ....... RSSI = 217 dBm, Rate = Unknown, SSID = BroadCast SSID, Channel = 7",
592,32.2136400,[9801A7 951843],[*BROADCAST],217 (0xD9),WiFi,"WiFi:[ ManagementProbe request] ....... RSSI = 217 dBm, Rate = Unknown, SSID = BroadCast SSID, Channel = 7",
593,32.2265099,[24DEC6 11EF61],[*BROADCAST],216 (0xD8),WiFi,"WiFi:[ ManagementBeacon] ....... RSSI = 216 dBm, Rate = Unknown, SSID = tamulink-wpa, Channel = 6",
594,32.2586695,[9801A7 951843],[*BROADCAST],216 (0xD8),WiFi,"WiFi:[ ManagementProbe request] ....... RSSI = 216 dBm, Rate = Unknown, SSID = BroadCast SSID, Channel = 8",
595,32.2962030,[9801A7 951843],[*BROADCAST],216 (0xD8),WiFi,"WiFi:[ ManagementProbe request] ....... RSSI = 216 dBm, Rate = Unknown, SSID = BroadCast SSID, Channel = 8",
596,32.3304595,[24DEC6 11EF61],[*BROADCAST],216 (0xD8),WiFi,"WiFi:[ ManagementBeacon] ....... RSSI = 216 dBm, Rate = Unknown, SSID = tamulink-wpa, Channel = 6",
597,32.3438489,[3A8ACE BC4A8E],[*BROADCAST],216 (0xD8),WiFi,"WiFi:[ ManagementProbe request] ....... RSSI = 216 dBm, Rate = Unknown, SSID = BroadCast SSID, Channel = 6",
598,32.3995822,[3A8ACE BC4A8E],[*BROADCAST],216 (0xD8),WiFi,"WiFi:[ ManagementProbe request] ....... RSSI = 216 dBm, Rate = Unknown, SSID = BroadCast SSID, Channel = 6",
599,32.4314027,[24DEC6 11EF61],[*BROADCAST],216 (0xD8),WiFi,"WiFi:[ ManagementBeacon] ....... RSSI = 216 dBm, Rate = Unknown, SSID = tamulink-wpa, Channel = 6",
600,32.4558940,[3A8ACE BC4A8E],[*BROADCAST],216 (0xD8),WiFi,"WiFi:[ ManagementProbe request] ....... RSSI = 216 dBm, Rate = Unknown, SSID = BroadCast SSID, Channel = 7",
601,32.5109631,[3A8ACE BC4A8E],[*BROADCAST],216 (0xD8),WiFi,"WiFi:[ ManagementProbe request] ....... RSSI = 216 dBm, Rate = Unknown, SSID = BroadCast SSID, Channel = 7",
602,32.5338042,[24DEC6 11EF61],[*BROADCAST],216 (0xD8),WiFi,"WiFi:[ ManagementBeacon] ....... RSSI = 216 dBm, Rate = Unknown, SSID = tamulink-wpa, Channel = 6",
603,32.5624489,[80000B C94474],[*BROADCAST],216 (0xD8),WiFi,"WiFi:[ ManagementProbe request] ....... RSSI = 216 dBm, Rate = Unknown, SSID = BroadCast SSID",
604,32.5707039,[80000B C94474],[*BROADCAST],216 (0xD8),WiFi,"WiFi:[ ManagementProbe request] ....... RSSI = 216 dBm, Rate = Unknown, SSID = tamulink-wpa",
605,32.5715549,[80000B C94474],[*BROADCAST],216 (0xD8),WiFi,"WiFi:[ ManagementProbe request] ....... RSSI = 216 dBm, Rate = Unknown, SSID = BroadCast SSID",
606,32.5928132,[80000B C94474],[*BROADCAST],216 (0xD8),WiFi,"WiFi:[ ManagementProbe request] ....... RSSI = 216 dBm, Rate = Unknown, SSID = BroadCast SSID",
607,32.5977253,[80000B C94474],[*BROADCAST],216 (0xD8),WiFi,"WiFi:[ ManagementProbe request] ....... RSSI = 216 dBm, Rate = Unknown, SSID = tamulink-wpa",
608,32.6028546,[80000B C94474],[*BROADCAST],216 (0xD8),WiFi,"WiFi:[ ManagementProbe request] ....... RSSI = 216 dBm, Rate = Unknown, SSID = BroadCast SSID",
609,32.7384134,[24DEC6 11EF61],[*BROADCAST],215 (0xD7),WiFi,"WiFi:[ ManagementBeacon] ....... RSSI = 215 dBm, Rate = Unknown, SSID = tamulink-wpa, Channel = 6",
610,32.7840078,[80000B C94474],[*BROADCAST],215 (0xD7),WiFi,"WiFi:[ ManagementProbe request] ....... RSSI = 215 dBm, Rate = Unknown, SSID = BroadCast SSID",
611,32.7894579,[80000B C94474],[*BROADCAST],215 (0xD7),WiFi,"WiFi:[ ManagementProbe request] ....... RSSI = 215 dBm, Rate = Unknown, SSID = tamulink-wpa",
612,32.7904637,[80000B C94474],[*BROADCAST],215 (0xD7),WiFi,"WiFi:[ ManagementProbe request] ....... RSSI = 215 dBm, Rate = Unknown, SSID = BroadCast SSID",
613,32.8409184,[24DEC6 11EF61],[*BROADCAST],215 (0xD7),WiFi,"WiFi:[ ManagementBeacon] ....... RSSI = 215 dBm, Rate = Unknown, SSID = tamulink-wpa, Channel = 6",
614,32.9433233,[24DEC6 11EF61],[*BROADCAST],215 (0xD7),WiFi,"WiFi:[ ManagementBeacon] ....... RSSI = 215 dBm, Rate = Unknown, SSID = tamulink-wpa, Channel = 6",
615,32.9603371,[80000B C94474],[*BROADCAST],215 (0xD7),WiFi,"WiFi:[ ManagementProbe request] ....... RSSI = 215 dBm, Rate = Unknown, SSID = BroadCast SSID",
616,32.9668589,[80000B C94474],[*BROADCAST],215 (0xD7),WiFi,"WiFi:[ ManagementProbe request] ....... RSSI = 215 dBm, Rate = Unknown, SSID = BroadCast SSID",
617,32.9772150,[80000B C94474],[*BROADCAST],215 (0xD7),WiFi,"WiFi:[ ManagementProbe request] ....... RSSI = 215 dBm, Rate = Unknown, SSID = BroadCast SSID",
618,32.9782075,[80000B C94474],[*BROADCAST],215 (0xD7),WiFi,"WiFi:[ ManagementProbe request] ....... RSSI = 215 dBm, Rate = Unknown, SSID = tamulink-wpa",
619,32.9825649,[80000B C94474],[*BROADCAST],215 (0xD7),WiFi,"WiFi:[ ManagementProbe request] ....... RSSI = 215 dBm, Rate = Unknown, SSID = BroadCast SSID",
