Frame Number,Time Offset,Source,Destination,RSSI (dBm),Protocol Name,Description,
1,0.0882563,,,,NetmonFilter,NetmonFilter:Updated Capture Filter: None,
2,0.0882563,,,,NetworkInfoEx,"NetworkInfoEx:Network info for , Network Adapter Count = 1",
3,0.0882563,[24DEC6 11EF61],[*BROADCAST],221 (0xDD),WiFi,"WiFi:[ ManagementBeacon] ....... RSSI = 221 dBm, Rate = Unknown, SSID = tamulink-wpa, Channel = 6",
4,0.1906959,[24DEC6 11EF61],[*BROADCAST],220 (0xDC),WiFi,"WiFi:[ ManagementBeacon] ....... RSSI = 220 dBm, Rate = Unknown, SSID = tamulink-wpa, Channel = 6",
5,0.2931367,[24DEC6 11EF61],[*BROADCAST],220 (0xDC),WiFi,"WiFi:[ ManagementBeacon] ....... RSSI = 220 dBm, Rate = Unknown, SSID = tamulink-wpa, Channel = 6",
6,0.3975760,[24DEC6 11EF61],[*BROADCAST],220 (0xDC),WiFi,"WiFi:[ ManagementBeacon] ....... RSSI = 220 dBm, Rate = Unknown, SSID = tamulink-wpa, Channel = 6",
7,0.4310015,10.231.231.191,ssl.gstatic.com,,TCP,"TCP:[Keep alive]Flags=...A...., SrcPort=3299, DstPort=HTTPS(443), PayloadLen=1, Seq=598853328 - 598853329, Ack=4267551010, Win=67","{TCP:1, IPv4:37}"
8,0.4410890,ssl.gstatic.com,10.231.231.191,220 (0xDC),TCP,"TCP:[Keep alive ack]Flags=...A...., SrcPort=HTTPS(443), DstPort=3299, PayloadLen=0, Seq=4267551010, Ack=598853329, Win=172","{TCP:1, IPv4:37}"
9,0.4979325,[24DEC6 11EF61],[*BROADCAST],219 (0xDB),WiFi,"WiFi:[ ManagementBeacon] ....... RSSI = 219 dBm, Rate = Unknown, SSID = tamulink-wpa, Channel = 6",
10,0.6001218,[24DEC6 11EF61],[*BROADCAST],219 (0xDB),WiFi,"WiFi:[ ManagementBeacon] ....... RSSI = 219 dBm, Rate = Unknown, SSID = tamulink-wpa, Channel = 6",
11,0.7026615,[24DEC6 11EF61],[*BROADCAST],219 (0xDB),WiFi,"WiFi:[ ManagementBeacon] ....... RSSI = 219 dBm, Rate = Unknown, SSID = tamulink-wpa, Channel = 6",
12,0.8050510,[24DEC6 11EF61],[*BROADCAST],219 (0xDB),WiFi,"WiFi:[ ManagementBeacon] ....... RSSI = 219 dBm, Rate = Unknown, SSID = tamulink-wpa, Channel = 6",
13,0.9075380,[24DEC6 11EF61],[*BROADCAST],219 (0xDB),WiFi,"WiFi:[ ManagementBeacon] ....... RSSI = 219 dBm, Rate = Unknown, SSID = tamulink-wpa, Channel = 6",
14,1.0098471,[24DEC6 11EF61],[*BROADCAST],218 (0xDA),WiFi,"WiFi:[ ManagementBeacon] ....... RSSI = 218 dBm, Rate = Unknown, SSID = tamulink-wpa, Channel = 6",
15,1.1149206,[24DEC6 11EF61],[*BROADCAST],218 (0xDA),WiFi,"WiFi:[ ManagementBeacon] ....... RSSI = 218 dBm, Rate = Unknown, SSID = tamulink-wpa, Channel = 6",
16,1.2147386,[24DEC6 11EF61],[*BROADCAST],218 (0xDA),WiFi,"WiFi:[ ManagementBeacon] ....... RSSI = 218 dBm, Rate = Unknown, SSID = tamulink-wpa, Channel = 6",
17,1.3170572,[24DEC6 11EF61],[*BROADCAST],218 (0xDA),WiFi,"WiFi:[ ManagementBeacon] ....... RSSI = 218 dBm, Rate = Unknown, SSID = tamulink-wpa, Channel = 6",
18,1.4194202,[24DEC6 11EF61],[*BROADCAST],218 (0xDA),WiFi,"WiFi:[ ManagementBeacon] ....... RSSI = 218 dBm, Rate = Unknown, SSID = tamulink-wpa, Channel = 6",
19,1.5218473,[24DEC6 11EF61],[*BROADCAST],217 (0xD9),WiFi,"WiFi:[ ManagementBeacon] ....... RSSI = 217 dBm, Rate = Unknown, SSID = tamulink-wpa, Channel = 6",
20,1.7266508,[24DEC6 11EF61],[*BROADCAST],217 (0xD9),WiFi,"WiFi:[ ManagementBeacon] ....... RSSI = 217 dBm, Rate = Unknown, SSID = tamulink-wpa, Channel = 6",
21,1.8290638,[24DEC6 11EF61],[*BROADCAST],217 (0xD9),WiFi,"WiFi:[ ManagementBeacon] ....... RSSI = 217 dBm, Rate = Unknown, SSID = tamulink-wpa, Channel = 6",
22,1.9314495,[24DEC6 11EF61],[*BROADCAST],217 (0xD9),WiFi,"WiFi:[ ManagementBeacon] ....... RSSI = 217 dBm, Rate = Unknown, SSID = tamulink-wpa, Channel = 6",
23,2.0338552,[24DEC6 11EF61],[*BROADCAST],216 (0xD8),WiFi,"WiFi:[ ManagementBeacon] ....... RSSI = 216 dBm, Rate = Unknown, SSID = tamulink-wpa, Channel = 6",
24,2.1362452,[24DEC6 11EF61],[*BROADCAST],216 (0xD8),WiFi,"WiFi:[ ManagementBeacon] ....... RSSI = 216 dBm, Rate = Unknown, SSID = tamulink-wpa, Channel = 6",
25,2.2387151,[24DEC6 11EF61],[*BROADCAST],216 (0xD8),WiFi,"WiFi:[ ManagementBeacon] ....... RSSI = 216 dBm, Rate = Unknown, SSID = tamulink-wpa, Channel = 6",
26,2.3410743,[24DEC6 11EF61],[*BROADCAST],215 (0xD7),WiFi,"WiFi:[ ManagementBeacon] ....... RSSI = 215 dBm, Rate = Unknown, SSID = tamulink-wpa, Channel = 6",
27,2.4435390,[24DEC6 11EF61],[*BROADCAST],215 (0xD7),WiFi,"WiFi:[ ManagementBeacon] ....... RSSI = 215 dBm, Rate = Unknown, SSID = tamulink-wpa, Channel = 6",
28,2.5457806,[24DEC6 11EF61],[*BROADCAST],215 (0xD7),WiFi,"WiFi:[ ManagementBeacon] ....... RSSI = 215 dBm, Rate = Unknown, SSID = tamulink-wpa, Channel = 6",
29,2.6482565,[24DEC6 11EF61],[*BROADCAST],215 (0xD7),WiFi,"WiFi:[ ManagementBeacon] ....... RSSI = 215 dBm, Rate = Unknown, SSID = tamulink-wpa, Channel = 6",
30,2.7507375,[24DEC6 11EF61],[*BROADCAST],214 (0xD6),WiFi,"WiFi:[ ManagementBeacon] ....... RSSI = 214 dBm, Rate = Unknown, SSID = tamulink-wpa, Channel = 6",
31,2.8530817,[24DEC6 11EF61],[*BROADCAST],214 (0xD6),WiFi,"WiFi:[ ManagementBeacon] ....... RSSI = 214 dBm, Rate = Unknown, SSID = tamulink-wpa, Channel = 6",
32,2.9554790,[24DEC6 11EF61],[*BROADCAST],214 (0xD6),WiFi,"WiFi:[ ManagementBeacon] ....... RSSI = 214 dBm, Rate = Unknown, SSID = tamulink-wpa, Channel = 6",
33,3.0577834,[24DEC6 11EF61],[*BROADCAST],214 (0xD6),WiFi,"WiFi:[ ManagementBeacon] ....... RSSI = 214 dBm, Rate = Unknown, SSID = tamulink-wpa, Channel = 6",
34,3.1555572,[543530 3C2B43],[*BROADCAST],214 (0xD6),WiFi,"WiFi:[ ManagementProbe request] ....... RSSI = 214 dBm, Rate = Unknown, SSID = UXRD",
35,3.1603029,[24DEC6 11EF61],[*BROADCAST],213 (0xD5),WiFi,"WiFi:[ ManagementBeacon] ....... RSSI = 213 dBm, Rate = Unknown, SSID = tamulink-wpa, Channel = 6",
36,3.2626753,[24DEC6 11EF61],[*BROADCAST],213 (0xD5),WiFi,"WiFi:[ ManagementBeacon] ....... RSSI = 213 dBm, Rate = Unknown, SSID = tamulink-wpa, Channel = 6",
37,3.3651247,[24DEC6 11EF61],[*BROADCAST],213 (0xD5),WiFi,"WiFi:[ ManagementBeacon] ....... RSSI = 213 dBm, Rate = Unknown, SSID = tamulink-wpa, Channel = 6",
38,3.4674753,[24DEC6 11EF61],[*BROADCAST],213 (0xD5),WiFi,"WiFi:[ ManagementBeacon] ....... RSSI = 213 dBm, Rate = Unknown, SSID = tamulink-wpa, Channel = 6",
39,3.5697866,[24DEC6 11EF61],[*BROADCAST],212 (0xD4),WiFi,"WiFi:[ ManagementBeacon] ....... RSSI = 212 dBm, Rate = Unknown, SSID = tamulink-wpa, Channel = 6",
40,3.6699596,[EC0EC4 224C95],[*BROADCAST],212 (0xD4),WiFi,"WiFi:[ ManagementProbe request] ....... RSSI = 212 dBm, Rate = Unknown, SSID = tamulink-wpa",
41,3.6753826,[24DEC6 11EF61],[*BROADCAST],212 (0xD4),WiFi,"WiFi:[ ManagementBeacon] ....... RSSI = 212 dBm, Rate = Unknown, SSID = tamulink-wpa, Channel = 6",
42,3.7746695,[24DEC6 11EF61],[*BROADCAST],212 (0xD4),WiFi,"WiFi:[ ManagementBeacon] ....... RSSI = 212 dBm, Rate = Unknown, SSID = tamulink-wpa, Channel = 6",
43,3.8770313,[24DEC6 11EF61],[*BROADCAST],212 (0xD4),WiFi,"WiFi:[ ManagementBeacon] ....... RSSI = 212 dBm, Rate = Unknown, SSID = tamulink-wpa, Channel = 6",
44,3.9794370,[24DEC6 11EF61],[*BROADCAST],211 (0xD3),WiFi,"WiFi:[ ManagementBeacon] ....... RSSI = 211 dBm, Rate = Unknown, SSID = tamulink-wpa, Channel = 6",
45,4.0817359,[24DEC6 11EF61],[*BROADCAST],211 (0xD3),WiFi,"WiFi:[ ManagementBeacon] ....... RSSI = 211 dBm, Rate = Unknown, SSID = tamulink-wpa, Channel = 6",
46,4.1843264,[24DEC6 11EF61],[*BROADCAST],211 (0xD3),WiFi,"WiFi:[ ManagementBeacon] ....... RSSI = 211 dBm, Rate = Unknown, SSID = tamulink-wpa, Channel = 6",
47,4.2867360,[24DEC6 11EF61],[*BROADCAST],211 (0xD3),WiFi,"WiFi:[ ManagementBeacon] ....... RSSI = 211 dBm, Rate = Unknown, SSID = tamulink-wpa, Channel = 6",
48,4.3890960,[24DEC6 11EF61],[*BROADCAST],210 (0xD2),WiFi,"WiFi:[ ManagementBeacon] ....... RSSI = 210 dBm, Rate = Unknown, SSID = tamulink-wpa, Channel = 6",
49,4.4915493,[24DEC6 11EF61],[*BROADCAST],210 (0xD2),WiFi,"WiFi:[ ManagementBeacon] ....... RSSI = 210 dBm, Rate = Unknown, SSID = tamulink-wpa, Channel = 6",
50,4.5937806,[24DEC6 11EF61],[*BROADCAST],210 (0xD2),WiFi,"WiFi:[ ManagementBeacon] ....... RSSI = 210 dBm, Rate = Unknown, SSID = tamulink-wpa, Channel = 6",
51,4.6963352,[24DEC6 11EF61],[*BROADCAST],210 (0xD2),WiFi,"WiFi:[ ManagementBeacon] ....... RSSI = 210 dBm, Rate = Unknown, SSID = tamulink-wpa, Channel = 6",
52,4.7987076,[24DEC6 11EF61],[*BROADCAST],209 (0xD1),WiFi,"WiFi:[ ManagementBeacon] ....... RSSI = 209 dBm, Rate = Unknown, SSID = tamulink-wpa, Channel = 6",
53,4.9010278,[24DEC6 11EF61],[*BROADCAST],209 (0xD1),WiFi,"WiFi:[ ManagementBeacon] ....... RSSI = 209 dBm, Rate = Unknown, SSID = tamulink-wpa, Channel = 6",
54,5.0037334,[24DEC6 11EF61],[*BROADCAST],209 (0xD1),WiFi,"WiFi:[ ManagementBeacon] ....... RSSI = 209 dBm, Rate = Unknown, SSID = tamulink-wpa, Channel = 6",
55,5.1057431,[24DEC6 11EF61],[*BROADCAST],209 (0xD1),WiFi,"WiFi:[ ManagementBeacon] ....... RSSI = 209 dBm, Rate = Unknown, SSID = tamulink-wpa, Channel = 6",
56,5.2083242,[24DEC6 11EF61],[*BROADCAST],208 (0xD0),WiFi,"WiFi:[ ManagementBeacon] ....... RSSI = 208 dBm, Rate = Unknown, SSID = tamulink-wpa, Channel = 6",
57,5.3106689,[24DEC6 11EF61],[*BROADCAST],208 (0xD0),WiFi,"WiFi:[ ManagementBeacon] ....... RSSI = 208 dBm, Rate = Unknown, SSID = tamulink-wpa, Channel = 6",
58,5.4131567,[24DEC6 11EF61],[*BROADCAST],208 (0xD0),WiFi,"WiFi:[ ManagementBeacon] ....... RSSI = 208 dBm, Rate = Unknown, SSID = tamulink-wpa, Channel = 6",
59,5.5154697,[24DEC6 11EF61],[*BROADCAST],208 (0xD0),WiFi,"WiFi:[ ManagementBeacon] ....... RSSI = 208 dBm, Rate = Unknown, SSID = tamulink-wpa, Channel = 6",
60,5.6177853,[24DEC6 11EF61],[*BROADCAST],208 (0xD0),WiFi,"WiFi:[ ManagementBeacon] ....... RSSI = 208 dBm, Rate = Unknown, SSID = tamulink-wpa, Channel = 6",
61,5.7203428,[24DEC6 11EF61],[*BROADCAST],208 (0xD0),WiFi,"WiFi:[ ManagementBeacon] ....... RSSI = 208 dBm, Rate = Unknown, SSID = tamulink-wpa, Channel = 6",
62,5.8189788,[80000B C94267],[*BROADCAST],208 (0xD0),WiFi,"WiFi:[ ManagementProbe request] ....... RSSI = 208 dBm, Rate = Unknown, SSID = BroadCast SSID",
63,5.8239114,[80000B C94267],[*BROADCAST],208 (0xD0),WiFi,"WiFi:[ ManagementProbe request] ....... RSSI = 208 dBm, Rate = Unknown, SSID = tamulink-wpa",
64,5.9250689,[24DEC6 11EF61],[*BROADCAST],208 (0xD0),WiFi,"WiFi:[ ManagementBeacon] ....... RSSI = 208 dBm, Rate = Unknown, SSID = tamulink-wpa, Channel = 6",
65,6.1333427,[24DEC6 11EF61],[*BROADCAST],208 (0xD0),WiFi,"WiFi:[ ManagementBeacon] ....... RSSI = 208 dBm, Rate = Unknown, SSID = tamulink-wpa, Channel = 6",
66,6.2322934,[24DEC6 11EF61],[*BROADCAST],208 (0xD0),WiFi,"WiFi:[ ManagementBeacon] ....... RSSI = 208 dBm, Rate = Unknown, SSID = tamulink-wpa, Channel = 6",
67,6.3347531,[24DEC6 11EF61],[*BROADCAST],208 (0xD0),WiFi,"WiFi:[ ManagementBeacon] ....... RSSI = 208 dBm, Rate = Unknown, SSID = tamulink-wpa, Channel = 6",
68,6.4370374,[24DEC6 11EF61],[*BROADCAST],208 (0xD0),WiFi,"WiFi:[ ManagementBeacon] ....... RSSI = 208 dBm, Rate = Unknown, SSID = tamulink-wpa, Channel = 6",
69,6.5394663,[24DEC6 11EF61],[*BROADCAST],209 (0xD1),WiFi,"WiFi:[ ManagementBeacon] ....... RSSI = 209 dBm, Rate = Unknown, SSID = tamulink-wpa, Channel = 6",
70,6.6419405,[24DEC6 11EF61],[*BROADCAST],209 (0xD1),WiFi,"WiFi:[ ManagementBeacon] ....... RSSI = 209 dBm, Rate = Unknown, SSID = tamulink-wpa, Channel = 6",
71,6.7458097,[24DEC6 11EF61],[*BROADCAST],209 (0xD1),WiFi,"WiFi:[ ManagementBeacon] ....... RSSI = 209 dBm, Rate = Unknown, SSID = tamulink-wpa, Channel = 6",
72,6.9491642,[24DEC6 11EF61],[*BROADCAST],209 (0xD1),WiFi,"WiFi:[ ManagementBeacon] ....... RSSI = 209 dBm, Rate = Unknown, SSID = tamulink-wpa, Channel = 6",
73,7.0514626,[24DEC6 11EF61],[*BROADCAST],209 (0xD1),WiFi,"WiFi:[ ManagementBeacon] ....... RSSI = 209 dBm, Rate = Unknown, SSID = tamulink-wpa, Channel = 6",
74,7.1538688,[24DEC6 11EF61],[*BROADCAST],209 (0xD1),WiFi,"WiFi:[ ManagementBeacon] ....... RSSI = 209 dBm, Rate = Unknown, SSID = tamulink-wpa, Channel = 6",
75,7.2563289,[24DEC6 11EF61],[*BROADCAST],209 (0xD1),WiFi,"WiFi:[ ManagementBeacon] ....... RSSI = 209 dBm, Rate = Unknown, SSID = tamulink-wpa, Channel = 6",
76,7.4610519,[24DEC6 11EF61],[*BROADCAST],209 (0xD1),WiFi,"WiFi:[ ManagementBeacon] ....... RSSI = 209 dBm, Rate = Unknown, SSID = tamulink-wpa, Channel = 6",
77,7.5634021,[24DEC6 11EF61],[*BROADCAST],209 (0xD1),WiFi,"WiFi:[ ManagementBeacon] ....... RSSI = 209 dBm, Rate = Unknown, SSID = tamulink-wpa, Channel = 6",
78,7.6658464,[24DEC6 11EF61],[*BROADCAST],209 (0xD1),WiFi,"WiFi:[ ManagementBeacon] ....... RSSI = 209 dBm, Rate = Unknown, SSID = tamulink-wpa, Channel = 6",
79,7.7683458,[24DEC6 11EF61],[*BROADCAST],209 (0xD1),WiFi,"WiFi:[ ManagementBeacon] ....... RSSI = 209 dBm, Rate = Unknown, SSID = tamulink-wpa, Channel = 6",
80,7.8706682,[24DEC6 11EF61],[*BROADCAST],209 (0xD1),WiFi,"WiFi:[ ManagementBeacon] ....... RSSI = 209 dBm, Rate = Unknown, SSID = tamulink-wpa, Channel = 6",
81,7.9730697,[24DEC6 11EF61],[*BROADCAST],209 (0xD1),WiFi,"WiFi:[ ManagementBeacon] ....... RSSI = 209 dBm, Rate = Unknown, SSID = tamulink-wpa, Channel = 6",
82,8.0754164,[24DEC6 11EF61],[*BROADCAST],209 (0xD1),WiFi,"WiFi:[ ManagementBeacon] ....... RSSI = 209 dBm, Rate = Unknown, SSID = tamulink-wpa, Channel = 6",
83,8.1779120,[24DEC6 11EF61],[*BROADCAST],209 (0xD1),WiFi,"WiFi:[ ManagementBeacon] ....... RSSI = 209 dBm, Rate = Unknown, SSID = tamulink-wpa, Channel = 6",
84,8.3826855,[24DEC6 11EF61],[*BROADCAST],209 (0xD1),WiFi,"WiFi:[ ManagementBeacon] ....... RSSI = 209 dBm, Rate = Unknown, SSID = tamulink-wpa, Channel = 6",
85,8.4850814,[24DEC6 11EF61],[*BROADCAST],209 (0xD1),WiFi,"WiFi:[ ManagementBeacon] ....... RSSI = 209 dBm, Rate = Unknown, SSID = tamulink-wpa, Channel = 6",
86,8.5874936,[24DEC6 11EF61],[*BROADCAST],209 (0xD1),WiFi,"WiFi:[ ManagementBeacon] ....... RSSI = 209 dBm, Rate = Unknown, SSID = tamulink-wpa, Channel = 6",
87,8.7922697,[24DEC6 11EF61],[*BROADCAST],209 (0xD1),WiFi,"WiFi:[ ManagementBeacon] ....... RSSI = 209 dBm, Rate = Unknown, SSID = tamulink-wpa, Channel = 6",
88,8.8947456,[24DEC6 11EF61],[*BROADCAST],209 (0xD1),WiFi,"WiFi:[ ManagementBeacon] ....... RSSI = 209 dBm, Rate = Unknown, SSID = tamulink-wpa, Channel = 6",
89,8.9971407,[24DEC6 11EF61],[*BROADCAST],209 (0xD1),WiFi,"WiFi:[ ManagementBeacon] ....... RSSI = 209 dBm, Rate = Unknown, SSID = tamulink-wpa, Channel = 6",
90,9.1031524,[24DEC6 11EF61],[*BROADCAST],209 (0xD1),WiFi,"WiFi:[ ManagementBeacon] ....... RSSI = 209 dBm, Rate = Unknown, SSID = tamulink-wpa, Channel = 6",
91,9.2019599,[24DEC6 11EF61],[*BROADCAST],209 (0xD1),WiFi,"WiFi:[ ManagementBeacon] ....... RSSI = 209 dBm, Rate = Unknown, SSID = tamulink-wpa, Channel = 6",
92,9.3042720,[24DEC6 11EF61],[*BROADCAST],209 (0xD1),WiFi,"WiFi:[ ManagementBeacon] ....... RSSI = 209 dBm, Rate = Unknown, SSID = tamulink-wpa, Channel = 6",
93,9.4067509,[24DEC6 11EF61],[*BROADCAST],209 (0xD1),WiFi,"WiFi:[ ManagementBeacon] ....... RSSI = 209 dBm, Rate = Unknown, SSID = tamulink-wpa, Channel = 6",
94,9.5092602,[24DEC6 11EF61],[*BROADCAST],209 (0xD1),WiFi,"WiFi:[ ManagementBeacon] ....... RSSI = 209 dBm, Rate = Unknown, SSID = tamulink-wpa, Channel = 6",
95,9.6115060,[24DEC6 11EF61],[*BROADCAST],209 (0xD1),WiFi,"WiFi:[ ManagementBeacon] ....... RSSI = 209 dBm, Rate = Unknown, SSID = tamulink-wpa, Channel = 6",
96,9.7138874,[24DEC6 11EF61],[*BROADCAST],209 (0xD1),WiFi,"WiFi:[ ManagementBeacon] ....... RSSI = 209 dBm, Rate = Unknown, SSID = tamulink-wpa, Channel = 6",
97,9.8163680,[24DEC6 11EF61],[*BROADCAST],209 (0xD1),WiFi,"WiFi:[ ManagementBeacon] ....... RSSI = 209 dBm, Rate = Unknown, SSID = tamulink-wpa, Channel = 6",
98,9.9186091,[24DEC6 11EF61],[*BROADCAST],209 (0xD1),WiFi,"WiFi:[ ManagementBeacon] ....... RSSI = 209 dBm, Rate = Unknown, SSID = tamulink-wpa, Channel = 6",
99,10.0215494,[24DEC6 11EF61],[*BROADCAST],209 (0xD1),WiFi,"WiFi:[ ManagementBeacon] ....... RSSI = 209 dBm, Rate = Unknown, SSID = tamulink-wpa, Channel = 6",
100,10.1238256,[24DEC6 11EF61],[*BROADCAST],209 (0xD1),WiFi,"WiFi:[ ManagementBeacon] ....... RSSI = 209 dBm, Rate = Unknown, SSID = tamulink-wpa, Channel = 6",
101,10.2263494,[24DEC6 11EF61],[*BROADCAST],209 (0xD1),WiFi,"WiFi:[ ManagementBeacon] ....... RSSI = 209 dBm, Rate = Unknown, SSID = tamulink-wpa, Channel = 6",
102,10.3288198,[24DEC6 11EF61],[*BROADCAST],210 (0xD2),WiFi,"WiFi:[ ManagementBeacon] ....... RSSI = 210 dBm, Rate = Unknown, SSID = tamulink-wpa, Channel = 6",
103,10.4318521,[24DEC6 11EF61],[*BROADCAST],210 (0xD2),WiFi,"WiFi:[ ManagementBeacon] ....... RSSI = 210 dBm, Rate = Unknown, SSID = tamulink-wpa, Channel = 6",
104,10.5335278,[24DEC6 11EF61],[*BROADCAST],210 (0xD2),WiFi,"WiFi:[ ManagementBeacon] ....... RSSI = 210 dBm, Rate = Unknown, SSID = tamulink-wpa, Channel = 6",
105,10.7384219,[24DEC6 11EF61],[*BROADCAST],210 (0xD2),WiFi,"WiFi:[ ManagementBeacon] ....... RSSI = 210 dBm, Rate = Unknown, SSID = tamulink-wpa, Channel = 6",
106,10.8407315,[24DEC6 11EF61],[*BROADCAST],210 (0xD2),WiFi,"WiFi:[ ManagementBeacon] ....... RSSI = 210 dBm, Rate = Unknown, SSID = tamulink-wpa, Channel = 6",
107,10.9431454,[24DEC6 11EF61],[*BROADCAST],210 (0xD2),WiFi,"WiFi:[ ManagementBeacon] ....... RSSI = 210 dBm, Rate = Unknown, SSID = tamulink-wpa, Channel = 6",
108,11.0411082,[F04F7C 1B02BC],[*BROADCAST],210 (0xD2),WiFi,"WiFi:[ ManagementProbe request] ....... RSSI = 210 dBm, Rate = Unknown, SSID = BroadCast SSID",
109,11.0493222,[24DEC6 11EF61],[*BROADCAST],210 (0xD2),WiFi,"WiFi:[ ManagementBeacon] ....... RSSI = 210 dBm, Rate = Unknown, SSID = tamulink-wpa, Channel = 6",
110,11.1478752,[24DEC6 11EF61],[*BROADCAST],210 (0xD2),WiFi,"WiFi:[ ManagementBeacon] ....... RSSI = 210 dBm, Rate = Unknown, SSID = tamulink-wpa, Channel = 6",
111,11.2504217,[24DEC6 11EF61],[*BROADCAST],210 (0xD2),WiFi,"WiFi:[ ManagementBeacon] ....... RSSI = 210 dBm, Rate = Unknown, SSID = tamulink-wpa, Channel = 6",
112,11.3527967,[24DEC6 11EF61],[*BROADCAST],210 (0xD2),WiFi,"WiFi:[ ManagementBeacon] ....... RSSI = 210 dBm, Rate = Unknown, SSID = tamulink-wpa, Channel = 6",
113,11.4552243,[24DEC6 11EF61],[*BROADCAST],210 (0xD2),WiFi,"WiFi:[ ManagementBeacon] ....... RSSI = 210 dBm, Rate = Unknown, SSID = tamulink-wpa, Channel = 6",
114,11.5575291,[24DEC6 11EF61],[*BROADCAST],210 (0xD2),WiFi,"WiFi:[ ManagementBeacon] ....... RSSI = 210 dBm, Rate = Unknown, SSID = tamulink-wpa, Channel = 6",
115,11.6599982,[24DEC6 11EF61],[*BROADCAST],210 (0xD2),WiFi,"WiFi:[ ManagementBeacon] ....... RSSI = 210 dBm, Rate = Unknown, SSID = tamulink-wpa, Channel = 6",
116,11.7624155,[24DEC6 11EF61],[*BROADCAST],210 (0xD2),WiFi,"WiFi:[ ManagementBeacon] ....... RSSI = 210 dBm, Rate = Unknown, SSID = tamulink-wpa, Channel = 6",
117,11.8648247,[24DEC6 11EF61],[*BROADCAST],210 (0xD2),WiFi,"WiFi:[ ManagementBeacon] ....... RSSI = 210 dBm, Rate = Unknown, SSID = tamulink-wpa, Channel = 6",
118,11.9671197,[24DEC6 11EF61],[*BROADCAST],210 (0xD2),WiFi,"WiFi:[ ManagementBeacon] ....... RSSI = 210 dBm, Rate = Unknown, SSID = tamulink-wpa, Channel = 6",
119,12.0694810,[24DEC6 11EF61],[*BROADCAST],210 (0xD2),WiFi,"WiFi:[ ManagementBeacon] ....... RSSI = 210 dBm, Rate = Unknown, SSID = tamulink-wpa, Channel = 6",
120,12.1718658,[24DEC6 11EF61],[*BROADCAST],210 (0xD2),WiFi,"WiFi:[ ManagementBeacon] ....... RSSI = 210 dBm, Rate = Unknown, SSID = tamulink-wpa, Channel = 6",
121,12.2743772,[24DEC6 11EF61],[*BROADCAST],210 (0xD2),WiFi,"WiFi:[ ManagementBeacon] ....... RSSI = 210 dBm, Rate = Unknown, SSID = tamulink-wpa, Channel = 6",
122,12.3819170,[24DEC6 11EF61],[*BROADCAST],210 (0xD2),WiFi,"WiFi:[ ManagementBeacon] ....... RSSI = 210 dBm, Rate = Unknown, SSID = tamulink-wpa, Channel = 6",
123,12.4791751,[24DEC6 11EF61],[*BROADCAST],210 (0xD2),WiFi,"WiFi:[ ManagementBeacon] ....... RSSI = 210 dBm, Rate = Unknown, SSID = tamulink-wpa, Channel = 6",
124,12.5814692,[24DEC6 11EF61],[*BROADCAST],210 (0xD2),WiFi,"WiFi:[ ManagementBeacon] ....... RSSI = 210 dBm, Rate = Unknown, SSID = tamulink-wpa, Channel = 6",
125,12.6840131,[24DEC6 11EF61],[*BROADCAST],210 (0xD2),WiFi,"WiFi:[ ManagementBeacon] ....... RSSI = 210 dBm, Rate = Unknown, SSID = tamulink-wpa, Channel = 6",
126,12.7863488,[24DEC6 11EF61],[*BROADCAST],210 (0xD2),WiFi,"WiFi:[ ManagementBeacon] ....... RSSI = 210 dBm, Rate = Unknown, SSID = tamulink-wpa, Channel = 6",
127,12.8887909,[24DEC6 11EF61],[*BROADCAST],210 (0xD2),WiFi,"WiFi:[ ManagementBeacon] ....... RSSI = 210 dBm, Rate = Unknown, SSID = tamulink-wpa, Channel = 6",
128,12.9914528,[24DEC6 11EF61],[*BROADCAST],210 (0xD2),WiFi,"WiFi:[ ManagementBeacon] ....... RSSI = 210 dBm, Rate = Unknown, SSID = tamulink-wpa, Channel = 6",
129,13.0935203,[24DEC6 11EF61],[*BROADCAST],210 (0xD2),WiFi,"WiFi:[ ManagementBeacon] ....... RSSI = 210 dBm, Rate = Unknown, SSID = tamulink-wpa, Channel = 6",
130,13.1960253,[24DEC6 11EF61],[*BROADCAST],210 (0xD2),WiFi,"WiFi:[ ManagementBeacon] ....... RSSI = 210 dBm, Rate = Unknown, SSID = tamulink-wpa, Channel = 6",
131,13.2984229,[24DEC6 11EF61],[*BROADCAST],210 (0xD2),WiFi,"WiFi:[ ManagementBeacon] ....... RSSI = 210 dBm, Rate = Unknown, SSID = tamulink-wpa, Channel = 6",
132,13.4007389,[24DEC6 11EF61],[*BROADCAST],210 (0xD2),WiFi,"WiFi:[ ManagementBeacon] ....... RSSI = 210 dBm, Rate = Unknown, SSID = tamulink-wpa, Channel = 6",
133,13.5032037,[24DEC6 11EF61],[*BROADCAST],210 (0xD2),WiFi,"WiFi:[ ManagementBeacon] ....... RSSI = 210 dBm, Rate = Unknown, SSID = tamulink-wpa, Channel = 6",
134,13.6154665,[24DEC6 11EF61],[*BROADCAST],210 (0xD2),WiFi,"WiFi:[ ManagementBeacon] ....... RSSI = 210 dBm, Rate = Unknown, SSID = tamulink-wpa, Channel = 6",
135,13.7079451,[24DEC6 11EF61],[*BROADCAST],210 (0xD2),WiFi,"WiFi:[ ManagementBeacon] ....... RSSI = 210 dBm, Rate = Unknown, SSID = tamulink-wpa, Channel = 6",
136,13.8104488,[24DEC6 11EF61],[*BROADCAST],210 (0xD2),WiFi,"WiFi:[ ManagementBeacon] ....... RSSI = 210 dBm, Rate = Unknown, SSID = tamulink-wpa, Channel = 6",
137,13.9127472,[24DEC6 11EF61],[*BROADCAST],210 (0xD2),WiFi,"WiFi:[ ManagementBeacon] ....... RSSI = 210 dBm, Rate = Unknown, SSID = tamulink-wpa, Channel = 6",
138,14.0150923,[24DEC6 11EF61],[*BROADCAST],210 (0xD2),WiFi,"WiFi:[ ManagementBeacon] ....... RSSI = 210 dBm, Rate = Unknown, SSID = tamulink-wpa, Channel = 6",
139,14.1177294,[24DEC6 11EF61],[*BROADCAST],210 (0xD2),WiFi,"WiFi:[ ManagementBeacon] ....... RSSI = 210 dBm, Rate = Unknown, SSID = tamulink-wpa, Channel = 6",
140,14.2199603,[24DEC6 11EF61],[*BROADCAST],210 (0xD2),WiFi,"WiFi:[ ManagementBeacon] ....... RSSI = 210 dBm, Rate = Unknown, SSID = tamulink-wpa, Channel = 6",
141,14.3223780,[24DEC6 11EF61],[*BROADCAST],210 (0xD2),WiFi,"WiFi:[ ManagementBeacon] ....... RSSI = 210 dBm, Rate = Unknown, SSID = tamulink-wpa, Channel = 6",
142,14.4248163,[24DEC6 11EF61],[*BROADCAST],210 (0xD2),WiFi,"WiFi:[ ManagementBeacon] ....... RSSI = 210 dBm, Rate = Unknown, SSID = tamulink-wpa, Channel = 6",
143,14.6295081,[24DEC6 11EF61],[*BROADCAST],210 (0xD2),WiFi,"WiFi:[ ManagementBeacon] ....... RSSI = 210 dBm, Rate = Unknown, SSID = tamulink-wpa, Channel = 6",
144,14.7320426,[24DEC6 11EF61],[*BROADCAST],210 (0xD2),WiFi,"WiFi:[ ManagementBeacon] ....... RSSI = 210 dBm, Rate = Unknown, SSID = tamulink-wpa, Channel = 6",
145,14.8344304,[24DEC6 11EF61],[*BROADCAST],210 (0xD2),WiFi,"WiFi:[ ManagementBeacon] ....... RSSI = 210 dBm, Rate = Unknown, SSID = tamulink-wpa, Channel = 6",
146,14.9368302,[24DEC6 11EF61],[*BROADCAST],210 (0xD2),WiFi,"WiFi:[ ManagementBeacon] ....... RSSI = 210 dBm, Rate = Unknown, SSID = tamulink-wpa, Channel = 6",
147,15.0391380,[24DEC6 11EF61],[*BROADCAST],210 (0xD2),WiFi,"WiFi:[ ManagementBeacon] ....... RSSI = 210 dBm, Rate = Unknown, SSID = tamulink-wpa, Channel = 6",
148,15.1415186,[24DEC6 11EF61],[*BROADCAST],210 (0xD2),WiFi,"WiFi:[ ManagementBeacon] ....... RSSI = 210 dBm, Rate = Unknown, SSID = tamulink-wpa, Channel = 6",
149,15.2439385,[24DEC6 11EF61],[*BROADCAST],210 (0xD2),WiFi,"WiFi:[ ManagementBeacon] ....... RSSI = 210 dBm, Rate = Unknown, SSID = tamulink-wpa, Channel = 6",
150,15.3464396,[24DEC6 11EF61],[*BROADCAST],210 (0xD2),WiFi,"WiFi:[ ManagementBeacon] ....... RSSI = 210 dBm, Rate = Unknown, SSID = tamulink-wpa, Channel = 6",
151,15.4446377,[80000B C94267],[*BROADCAST],210 (0xD2),WiFi,"WiFi:[ ManagementProbe request] ....... RSSI = 210 dBm, Rate = Unknown, SSID = BroadCast SSID",
152,15.4495634,[80000B C94267],[*BROADCAST],210 (0xD2),WiFi,"WiFi:[ ManagementProbe request] ....... RSSI = 210 dBm, Rate = Unknown, SSID = tamulink-wpa",
153,15.5510655,[24DEC6 11EF61],[*BROADCAST],210 (0xD2),WiFi,"WiFi:[ ManagementBeacon] ....... RSSI = 210 dBm, Rate = Unknown, SSID = tamulink-wpa, Channel = 6",
154,15.5529250,ssl.gstatic.com,10.231.231.191,210 (0xD2),TLS,TLS:TLS Rec Layer-1 SSL Application Data,"{TLS:3, SSLVersionSelector:2, TCP:1, IPv4:37}"
155,15.5531504,ssl.gstatic.com,10.231.231.191,210 (0xD2),TCP,"TCP:Flags=...A...F, SrcPort=HTTPS(443), DstPort=3299, PayloadLen=0, Seq=4267551073, Ack=598853329, Win=172","{TCP:1, IPv4:37}"
156,15.5532299,10.231.231.191,ssl.gstatic.com,,TCP,"TCP:Flags=...A...., SrcPort=3299, DstPort=HTTPS(443), PayloadLen=0, Seq=598853329, Ack=4267551074, Win=67","{TCP:1, IPv4:37}"
157,15.5534330,ssl.gstatic.com,10.231.231.191,210 (0xD2),TCP,"TCP:[Segment Lost]Flags=...A...F, SrcPort=HTTPS(443), DstPort=3299, PayloadLen=0, Seq=4267551073, Ack=598853329, Win=172","{TCP:1, IPv4:37}"
158,15.5534916,10.231.231.191,ssl.gstatic.com,,TCP,"TCP:[Dup Ack #156]Flags=...A...., SrcPort=3299, DstPort=HTTPS(443), PayloadLen=0, Seq=598853329, Ack=4267551074, Win=67","{TCP:1, IPv4:37}"
159,15.6797007,[80000B C94267],[*BROADCAST],210 (0xD2),WiFi,"WiFi:[ ManagementProbe request] ....... RSSI = 210 dBm, Rate = Unknown, SSID = BroadCast SSID",
160,15.6807048,[80000B C94267],[*BROADCAST],210 (0xD2),WiFi,"WiFi:[ ManagementProbe request] ....... RSSI = 210 dBm, Rate = Unknown, SSID = tamulink-wpa",
161,15.6825766,[80000B C94267],[*BROADCAST],210 (0xD2),WiFi,"WiFi:[ ManagementProbe request] ....... RSSI = 210 dBm, Rate = Unknown, SSID = BroadCast SSID",
162,15.7897174,10.231.231.191,64.233.180.188,,TCP,"TCP:[Keep alive]Flags=...A...., SrcPort=3294, DstPort=5228, PayloadLen=1, Seq=4183061409 - 4183061410, Ack=2504375921, Win=66","{TCP:3, IPv4:2}"
163,15.8052041,64.233.180.188,10.231.231.191,210 (0xD2),TCP,"TCP:[Keep alive ack]Flags=...A...., SrcPort=5228, DstPort=3294, PayloadLen=0, Seq=2504375921, Ack=4183061410, Win=180","{TCP:3, IPv4:2}"
164,15.8542595,[80000B C94267],[*BROADCAST],210 (0xD2),WiFi,"WiFi:[ ManagementProbe request] ....... RSSI = 210 dBm, Rate = Unknown, SSID = BroadCast SSID",
165,15.8592361,[24DEC6 11EF61],[*BROADCAST],210 (0xD2),WiFi,"WiFi:[ ManagementBeacon] ....... RSSI = 210 dBm, Rate = Unknown, SSID = tamulink-wpa, Channel = 6",
166,15.8654101,[80000B C94267],[*BROADCAST],210 (0xD2),WiFi,"WiFi:[ ManagementProbe request] ....... RSSI = 210 dBm, Rate = Unknown, SSID = BroadCast SSID",
167,15.9607143,[24DEC6 11EF61],[*BROADCAST],210 (0xD2),WiFi,"WiFi:[ ManagementBeacon] ....... RSSI = 210 dBm, Rate = Unknown, SSID = tamulink-wpa, Channel = 6",
168,16.0630893,[24DEC6 11EF61],[*BROADCAST],210 (0xD2),WiFi,"WiFi:[ ManagementBeacon] ....... RSSI = 210 dBm, Rate = Unknown, SSID = tamulink-wpa, Channel = 6",
169,16.1654745,[24DEC6 11EF61],[*BROADCAST],210 (0xD2),WiFi,"WiFi:[ ManagementBeacon] ....... RSSI = 210 dBm, Rate = Unknown, SSID = tamulink-wpa, Channel = 6",
170,16.1951456,[20107A 840455],[*BROADCAST],210 (0xD2),WiFi,"WiFi:[ ManagementProbe request] ....... RSSI = 210 dBm, Rate = Unknown, SSID = BroadCast SSID",
171,16.3715972,[24DEC6 11EF61],[*BROADCAST],210 (0xD2),WiFi,"WiFi:[ ManagementBeacon] ....... RSSI = 210 dBm, Rate = Unknown, SSID = tamulink-wpa, Channel = 6",
172,16.5752349,[24DEC6 11EF61],[*BROADCAST],210 (0xD2),WiFi,"WiFi:[ ManagementBeacon] ....... RSSI = 210 dBm, Rate = Unknown, SSID = tamulink-wpa, Channel = 6",
173,16.6776158,[24DEC6 11EF61],[*BROADCAST],210 (0xD2),WiFi,"WiFi:[ ManagementBeacon] ....... RSSI = 210 dBm, Rate = Unknown, SSID = tamulink-wpa, Channel = 6",
174,16.7800845,[24DEC6 11EF61],[*BROADCAST],210 (0xD2),WiFi,"WiFi:[ ManagementBeacon] ....... RSSI = 210 dBm, Rate = Unknown, SSID = tamulink-wpa, Channel = 6",
175,16.8015429,[24DEC6 11EF60],[*BROADCAST],210 (0xD2),WiFi,"WiFi:[ ManagementReserved] ....... RSSI = 210 dBm, Rate = Unknown",
176,16.8824535,[24DEC6 11EF61],[*BROADCAST],210 (0xD2),WiFi,"WiFi:[ ManagementBeacon] ....... RSSI = 210 dBm, Rate = Unknown, SSID = tamulink-wpa, Channel = 6",
177,16.9848374,[24DEC6 11EF61],[*BROADCAST],210 (0xD2),WiFi,"WiFi:[ ManagementBeacon] ....... RSSI = 210 dBm, Rate = Unknown, SSID = tamulink-wpa, Channel = 6",
178,17.0870405,[24DEC6 11EF61],[*BROADCAST],210 (0xD2),WiFi,"WiFi:[ ManagementBeacon] ....... RSSI = 210 dBm, Rate = Unknown, SSID = tamulink-wpa, Channel = 6",
179,17.1896297,[24DEC6 11EF61],[*BROADCAST],210 (0xD2),WiFi,"WiFi:[ ManagementBeacon] ....... RSSI = 210 dBm, Rate = Unknown, SSID = tamulink-wpa, Channel = 6",
180,17.2920411,[24DEC6 11EF61],[*BROADCAST],210 (0xD2),WiFi,"WiFi:[ ManagementBeacon] ....... RSSI = 210 dBm, Rate = Unknown, SSID = tamulink-wpa, Channel = 6",
181,17.3943510,[24DEC6 11EF61],[*BROADCAST],210 (0xD2),WiFi,"WiFi:[ ManagementBeacon] ....... RSSI = 210 dBm, Rate = Unknown, SSID = tamulink-wpa, Channel = 6",
182,17.4037984,[80C5F2 1E8FED],[*BROADCAST],210 (0xD2),WiFi,"WiFi:[ ManagementProbe request] ....... RSSI = 210 dBm, Rate = Unknown, SSID = tamulink-wpa",
183,17.4060855,[80C5F2 1E8FED],[*BROADCAST],210 (0xD2),WiFi,"WiFi:[ ManagementProbe request] ....... RSSI = 210 dBm, Rate = Unknown, SSID = tamulink-wpa",
184,17.4078799,[80C5F2 1E8FED],[*BROADCAST],210 (0xD2),WiFi,"WiFi:[ ManagementProbe request] ....... RSSI = 210 dBm, Rate = Unknown, SSID = tamulink-wpa",
185,17.4967427,[24DEC6 11EF61],[*BROADCAST],210 (0xD2),WiFi,"WiFi:[ ManagementBeacon] ....... RSSI = 210 dBm, Rate = Unknown, SSID = tamulink-wpa, Channel = 6",
186,17.5336963,[3C2EF9 E3E53C],[*BROADCAST],210 (0xD2),WiFi,"WiFi:[ ManagementProbe request] ....... RSSI = 210 dBm, Rate = Unknown, SSID = tamulink-wpa, Channel = 6",
187,17.5507786,[3C2EF9 E3E53C],[*BROADCAST],210 (0xD2),WiFi,"WiFi:[ ManagementProbe request] ....... RSSI = 210 dBm, Rate = Unknown, SSID = tamulink-wpa, Channel = 6",
188,17.5990621,[24DEC6 11EF61],[*BROADCAST],210 (0xD2),WiFi,"WiFi:[ ManagementBeacon] ....... RSSI = 210 dBm, Rate = Unknown, SSID = tamulink-wpa, Channel = 6",
189,17.7016389,[24DEC6 11EF61],[*BROADCAST],210 (0xD2),WiFi,"WiFi:[ ManagementBeacon] ....... RSSI = 210 dBm, Rate = Unknown, SSID = tamulink-wpa, Channel = 6",
190,17.7983864,[80C5F2 1E8FED],[*BROADCAST],210 (0xD2),WiFi,"WiFi:[ ManagementProbe request] ....... RSSI = 210 dBm, Rate = Unknown, SSID = tamulink-wpa",
191,17.7994808,[80C5F2 1E8FED],[*BROADCAST],210 (0xD2),WiFi,"WiFi:[ ManagementProbe request] ....... RSSI = 210 dBm, Rate = Unknown, SSID = tamulink-wpa",
192,17.8006713,[80C5F2 1E8FED],[*BROADCAST],210 (0xD2),WiFi,"WiFi:[ ManagementProbe request] ....... RSSI = 210 dBm, Rate = Unknown, SSID = tamulink-wpa",
193,17.8017315,[80C5F2 1E8FED],[*BROADCAST],210 (0xD2),WiFi,"WiFi:[ ManagementProbe request] ....... RSSI = 210 dBm, Rate = Unknown, SSID = tamulink-wpa",
194,17.8039634,[24DEC6 11EF61],[*BROADCAST],210 (0xD2),WiFi,"WiFi:[ ManagementBeacon] ....... RSSI = 210 dBm, Rate = Unknown, SSID = tamulink-wpa, Channel = 6",
195,17.9063996,[24DEC6 11EF61],[*BROADCAST],210 (0xD2),WiFi,"WiFi:[ ManagementBeacon] ....... RSSI = 210 dBm, Rate = Unknown, SSID = tamulink-wpa, Channel = 6",
196,17.9089736,[D0817A B2C0A8],[*BROADCAST],210 (0xD2),WiFi,"WiFi:[ ManagementProbe request] ....... RSSI = 210 dBm, Rate = Unknown, SSID = BroadCast SSID, Channel = 5",
197,17.9250252,[D0817A B2C0A8],[*BROADCAST],210 (0xD2),WiFi,"WiFi:[ ManagementProbe request] ....... RSSI = 210 dBm, Rate = Unknown, SSID = BroadCast SSID, Channel = 5",
198,17.9569898,[80C5F2 1E8FED],[*BROADCAST],210 (0xD2),WiFi,"WiFi:[ ManagementProbe request] ....... RSSI = 210 dBm, Rate = Unknown, SSID = tamulink-wpa",
199,17.9591615,[80C5F2 1E8FED],[*BROADCAST],210 (0xD2),WiFi,"WiFi:[ ManagementProbe request] ....... RSSI = 210 dBm, Rate = Unknown, SSID = tamulink-wpa",
200,17.9602640,[80C5F2 1E8FED],[*BROADCAST],210 (0xD2),WiFi,"WiFi:[ ManagementProbe request] ....... RSSI = 210 dBm, Rate = Unknown, SSID = tamulink-wpa",
201,18.0087583,[24DEC6 11EF61],[*BROADCAST],210 (0xD2),WiFi,"WiFi:[ ManagementBeacon] ....... RSSI = 210 dBm, Rate = Unknown, SSID = tamulink-wpa, Channel = 6",
202,18.1118812,[24DEC6 11EF61],[*BROADCAST],210 (0xD2),WiFi,"WiFi:[ ManagementBeacon] ....... RSSI = 210 dBm, Rate = Unknown, SSID = tamulink-wpa, Channel = 6",
203,18.1674575,[80C5F2 1E8FED],[*BROADCAST],210 (0xD2),WiFi,"WiFi:[ ManagementProbe request] ....... RSSI = 210 dBm, Rate = Unknown, SSID = tamulink-wpa",
204,18.1686434,[80C5F2 1E8FED],[*BROADCAST],210 (0xD2),WiFi,"WiFi:[ ManagementProbe request] ....... RSSI = 210 dBm, Rate = Unknown, SSID = tamulink-wpa",
205,18.1698131,[80C5F2 1E8FED],[*BROADCAST],210 (0xD2),WiFi,"WiFi:[ ManagementProbe request] ....... RSSI = 210 dBm, Rate = Unknown, SSID = tamulink-wpa",
206,18.2134899,[24DEC6 11EF61],[*BROADCAST],210 (0xD2),WiFi,"WiFi:[ ManagementBeacon] ....... RSSI = 210 dBm, Rate = Unknown, SSID = tamulink-wpa, Channel = 6",
207,18.3159414,[24DEC6 11EF61],[*BROADCAST],210 (0xD2),WiFi,"WiFi:[ ManagementBeacon] ....... RSSI = 210 dBm, Rate = Unknown, SSID = tamulink-wpa, Channel = 6",
208,18.4183929,[24DEC6 11EF61],[*BROADCAST],210 (0xD2),WiFi,"WiFi:[ ManagementBeacon] ....... RSSI = 210 dBm, Rate = Unknown, SSID = tamulink-wpa, Channel = 6",
209,18.5207576,[24DEC6 11EF61],[*BROADCAST],210 (0xD2),WiFi,"WiFi:[ ManagementBeacon] ....... RSSI = 210 dBm, Rate = Unknown, SSID = tamulink-wpa, Channel = 6",
210,18.6231130,[24DEC6 11EF61],[*BROADCAST],210 (0xD2),WiFi,"WiFi:[ ManagementBeacon] ....... RSSI = 210 dBm, Rate = Unknown, SSID = tamulink-wpa, Channel = 6",
211,18.6574742,[80C5F2 1E8FED],[*BROADCAST],210 (0xD2),WiFi,"WiFi:[ ManagementProbe request] ....... RSSI = 210 dBm, Rate = Unknown, SSID = tamulink-wpa",
212,18.6604070,[80C5F2 1E8FED],[*BROADCAST],210 (0xD2),WiFi,"WiFi:[ ManagementProbe request] ....... RSSI = 210 dBm, Rate = Unknown, SSID = tamulink-wpa",
213,18.6622857,[80C5F2 1E8FED],[*BROADCAST],210 (0xD2),WiFi,"WiFi:[ ManagementProbe request] ....... RSSI = 210 dBm, Rate = Unknown, SSID = tamulink-wpa",
214,18.7256025,[24DEC6 11EF61],[*BROADCAST],210 (0xD2),WiFi,"WiFi:[ ManagementBeacon] ....... RSSI = 210 dBm, Rate = Unknown, SSID = tamulink-wpa, Channel = 6",
215,18.7878079,[F0D1A9 6A9237],[*BROADCAST],210 (0xD2),WiFi,"WiFi:[ ManagementProbe request] ....... RSSI = 210 dBm, Rate = Unknown, SSID = BroadCast SSID, Channel = 6",
216,18.8280464,[24DEC6 11EF61],[*BROADCAST],210 (0xD2),WiFi,"WiFi:[ ManagementBeacon] ....... RSSI = 210 dBm, Rate = Unknown, SSID = tamulink-wpa, Channel = 6",
217,18.8324256,[F0D1A9 6A9237],[*BROADCAST],210 (0xD2),WiFi,"WiFi:[ ManagementProbe request] ....... RSSI = 210 dBm, Rate = Unknown, SSID = BroadCast SSID, Channel = 8",
218,18.9304449,[24DEC6 11EF61],[*BROADCAST],210 (0xD2),WiFi,"WiFi:[ ManagementBeacon] ....... RSSI = 210 dBm, Rate = Unknown, SSID = tamulink-wpa, Channel = 6",
219,19.0327527,[24DEC6 11EF61],[*BROADCAST],210 (0xD2),WiFi,"WiFi:[ ManagementBeacon] ....... RSSI = 210 dBm, Rate = Unknown, SSID = tamulink-wpa, Channel = 6",
220,19.1351418,[24DEC6 11EF61],[*BROADCAST],210 (0xD2),WiFi,"WiFi:[ ManagementBeacon] ....... RSSI = 210 dBm, Rate = Unknown, SSID = tamulink-wpa, Channel = 6",
221,19.2376417,[24DEC6 11EF61],[*BROADCAST],210 (0xD2),WiFi,"WiFi:[ ManagementBeacon] ....... RSSI = 210 dBm, Rate = Unknown, SSID = tamulink-wpa, Channel = 6",
222,19.3400265,[24DEC6 11EF61],[*BROADCAST],210 (0xD2),WiFi,"WiFi:[ ManagementBeacon] ....... RSSI = 210 dBm, Rate = Unknown, SSID = tamulink-wpa, Channel = 6",
223,19.4424092,[24DEC6 11EF61],[*BROADCAST],210 (0xD2),WiFi,"WiFi:[ ManagementBeacon] ....... RSSI = 210 dBm, Rate = Unknown, SSID = tamulink-wpa, Channel = 6",
224,19.5447563,[24DEC6 11EF61],[*BROADCAST],210 (0xD2),WiFi,"WiFi:[ ManagementBeacon] ....... RSSI = 210 dBm, Rate = Unknown, SSID = tamulink-wpa, Channel = 6",
225,19.6471886,[24DEC6 11EF61],[*BROADCAST],210 (0xD2),WiFi,"WiFi:[ ManagementBeacon] ....... RSSI = 210 dBm, Rate = Unknown, SSID = tamulink-wpa, Channel = 6",
226,19.7495709,[24DEC6 11EF61],[*BROADCAST],210 (0xD2),WiFi,"WiFi:[ ManagementBeacon] ....... RSSI = 210 dBm, Rate = Unknown, SSID = tamulink-wpa, Channel = 6",
227,19.8549570,[24DEC6 11EF61],[*BROADCAST],210 (0xD2),WiFi,"WiFi:[ ManagementBeacon] ....... RSSI = 210 dBm, Rate = Unknown, SSID = tamulink-wpa, Channel = 6",
228,19.9544423,[24DEC6 11EF61],[*BROADCAST],210 (0xD2),WiFi,"WiFi:[ ManagementBeacon] ....... RSSI = 210 dBm, Rate = Unknown, SSID = tamulink-wpa, Channel = 6",
229,20.0566843,[24DEC6 11EF61],[*BROADCAST],210 (0xD2),WiFi,"WiFi:[ ManagementBeacon] ....... RSSI = 210 dBm, Rate = Unknown, SSID = tamulink-wpa, Channel = 6",
230,20.1591076,[24DEC6 11EF61],[*BROADCAST],210 (0xD2),WiFi,"WiFi:[ ManagementBeacon] ....... RSSI = 210 dBm, Rate = Unknown, SSID = tamulink-wpa, Channel = 6",
231,20.2615361,[24DEC6 11EF61],[*BROADCAST],210 (0xD2),WiFi,"WiFi:[ ManagementBeacon] ....... RSSI = 210 dBm, Rate = Unknown, SSID = tamulink-wpa, Channel = 6",
232,20.4663134,[24DEC6 11EF61],[*BROADCAST],210 (0xD2),WiFi,"WiFi:[ ManagementBeacon] ....... RSSI = 210 dBm, Rate = Unknown, SSID = tamulink-wpa, Channel = 6",
233,20.5686618,[24DEC6 11EF61],[*BROADCAST],210 (0xD2),WiFi,"WiFi:[ ManagementBeacon] ....... RSSI = 210 dBm, Rate = Unknown, SSID = tamulink-wpa, Channel = 6",
234,20.6711869,[24DEC6 11EF61],[*BROADCAST],210 (0xD2),WiFi,"WiFi:[ ManagementBeacon] ....... RSSI = 210 dBm, Rate = Unknown, SSID = tamulink-wpa, Channel = 6",
235,20.7735863,[24DEC6 11EF61],[*BROADCAST],210 (0xD2),WiFi,"WiFi:[ ManagementBeacon] ....... RSSI = 210 dBm, Rate = Unknown, SSID = tamulink-wpa, Channel = 6",
236,20.8760383,[24DEC6 11EF61],[*BROADCAST],210 (0xD2),WiFi,"WiFi:[ ManagementBeacon] ....... RSSI = 210 dBm, Rate = Unknown, SSID = tamulink-wpa, Channel = 6",
237,20.9784509,[24DEC6 11EF61],[*BROADCAST],210 (0xD2),WiFi,"WiFi:[ ManagementBeacon] ....... RSSI = 210 dBm, Rate = Unknown, SSID = tamulink-wpa, Channel = 6",
238,21.0806774,[24DEC6 11EF61],[*BROADCAST],210 (0xD2),WiFi,"WiFi:[ ManagementBeacon] ....... RSSI = 210 dBm, Rate = Unknown, SSID = tamulink-wpa, Channel = 6",
239,21.1831504,[24DEC6 11EF61],[*BROADCAST],210 (0xD2),WiFi,"WiFi:[ ManagementBeacon] ....... RSSI = 210 dBm, Rate = Unknown, SSID = tamulink-wpa, Channel = 6",
240,21.2855523,[24DEC6 11EF61],[*BROADCAST],210 (0xD2),WiFi,"WiFi:[ ManagementBeacon] ....... RSSI = 210 dBm, Rate = Unknown, SSID = tamulink-wpa, Channel = 6",
241,21.3880115,[24DEC6 11EF61],[*BROADCAST],210 (0xD2),WiFi,"WiFi:[ ManagementBeacon] ....... RSSI = 210 dBm, Rate = Unknown, SSID = tamulink-wpa, Channel = 6",
242,21.4904331,[24DEC6 11EF61],[*BROADCAST],210 (0xD2),WiFi,"WiFi:[ ManagementBeacon] ....... RSSI = 210 dBm, Rate = Unknown, SSID = tamulink-wpa, Channel = 6",
243,21.5926315,[24DEC6 11EF61],[*BROADCAST],209 (0xD1),WiFi,"WiFi:[ ManagementBeacon] ....... RSSI = 209 dBm, Rate = Unknown, SSID = tamulink-wpa, Channel = 6",
244,21.6952365,[24DEC6 11EF61],[*BROADCAST],209 (0xD1),WiFi,"WiFi:[ ManagementBeacon] ....... RSSI = 209 dBm, Rate = Unknown, SSID = tamulink-wpa, Channel = 6",
245,21.7976346,[24DEC6 11EF61],[*BROADCAST],209 (0xD1),WiFi,"WiFi:[ ManagementBeacon] ....... RSSI = 209 dBm, Rate = Unknown, SSID = tamulink-wpa, Channel = 6",
246,21.9000365,[24DEC6 11EF61],[*BROADCAST],209 (0xD1),WiFi,"WiFi:[ ManagementBeacon] ....... RSSI = 209 dBm, Rate = Unknown, SSID = tamulink-wpa, Channel = 6",
247,22.0024162,[24DEC6 11EF61],[*BROADCAST],209 (0xD1),WiFi,"WiFi:[ ManagementBeacon] ....... RSSI = 209 dBm, Rate = Unknown, SSID = tamulink-wpa, Channel = 6",
248,22.1046783,[24DEC6 11EF61],[*BROADCAST],209 (0xD1),WiFi,"WiFi:[ ManagementBeacon] ....... RSSI = 209 dBm, Rate = Unknown, SSID = tamulink-wpa, Channel = 6",
249,22.2070982,[24DEC6 11EF61],[*BROADCAST],209 (0xD1),WiFi,"WiFi:[ ManagementBeacon] ....... RSSI = 209 dBm, Rate = Unknown, SSID = tamulink-wpa, Channel = 6",
250,22.3095467,[24DEC6 11EF61],[*BROADCAST],209 (0xD1),WiFi,"WiFi:[ ManagementBeacon] ....... RSSI = 209 dBm, Rate = Unknown, SSID = tamulink-wpa, Channel = 6",
251,22.4120389,[24DEC6 11EF61],[*BROADCAST],209 (0xD1),WiFi,"WiFi:[ ManagementBeacon] ....... RSSI = 209 dBm, Rate = Unknown, SSID = tamulink-wpa, Channel = 6",
252,22.5146597,[24DEC6 11EF61],[*BROADCAST],209 (0xD1),WiFi,"WiFi:[ ManagementBeacon] ....... RSSI = 209 dBm, Rate = Unknown, SSID = tamulink-wpa, Channel = 6",
253,22.5295233,10.231.231.191,64.233.171.125,,TLS,TLS:Continued Data: 1 Bytes,"{TLS:8, SSLVersionSelector:7, TCP:2, IPv4:1}"
254,22.5507731,64.233.171.125,10.231.231.191,209 (0xD1),TCP,"TCP:[Segment Lost]Flags=...A...., SrcPort=5222, DstPort=2991, PayloadLen=0, Seq=1731803933, Ack=67438942, Win=279","{TCP:2, IPv4:1}"
255,22.6166447,[24DEC6 11EF61],[*BROADCAST],209 (0xD1),WiFi,"WiFi:[ ManagementBeacon] ....... RSSI = 209 dBm, Rate = Unknown, SSID = tamulink-wpa, Channel = 6",
256,22.7191471,[24DEC6 11EF61],[*BROADCAST],209 (0xD1),WiFi,"WiFi:[ ManagementBeacon] ....... RSSI = 209 dBm, Rate = Unknown, SSID = tamulink-wpa, Channel = 6",
257,22.8216371,[24DEC6 11EF61],[*BROADCAST],209 (0xD1),WiFi,"WiFi:[ ManagementBeacon] ....... RSSI = 209 dBm, Rate = Unknown, SSID = tamulink-wpa, Channel = 6",
258,22.9240318,[24DEC6 11EF61],[*BROADCAST],209 (0xD1),WiFi,"WiFi:[ ManagementBeacon] ....... RSSI = 209 dBm, Rate = Unknown, SSID = tamulink-wpa, Channel = 6",
259,23.0263503,[24DEC6 11EF61],[*BROADCAST],209 (0xD1),WiFi,"WiFi:[ ManagementBeacon] ....... RSSI = 209 dBm, Rate = Unknown, SSID = tamulink-wpa, Channel = 6",
260,23.1286471,[24DEC6 11EF61],[*BROADCAST],209 (0xD1),WiFi,"WiFi:[ ManagementBeacon] ....... RSSI = 209 dBm, Rate = Unknown, SSID = tamulink-wpa, Channel = 6",
261,23.2313872,[24DEC6 11EF61],[*BROADCAST],209 (0xD1),WiFi,"WiFi:[ ManagementBeacon] ....... RSSI = 209 dBm, Rate = Unknown, SSID = tamulink-wpa, Channel = 6",
262,23.3335959,[24DEC6 11EF61],[*BROADCAST],209 (0xD1),WiFi,"WiFi:[ ManagementBeacon] ....... RSSI = 209 dBm, Rate = Unknown, SSID = tamulink-wpa, Channel = 6",
263,23.4373513,[24DEC6 11EF61],[*BROADCAST],209 (0xD1),WiFi,"WiFi:[ ManagementBeacon] ....... RSSI = 209 dBm, Rate = Unknown, SSID = tamulink-wpa, Channel = 6",
264,23.5383441,[24DEC6 11EF61],[*BROADCAST],209 (0xD1),WiFi,"WiFi:[ ManagementBeacon] ....... RSSI = 209 dBm, Rate = Unknown, SSID = tamulink-wpa, Channel = 6",
265,23.6407341,[24DEC6 11EF61],[*BROADCAST],209 (0xD1),WiFi,"WiFi:[ ManagementBeacon] ....... RSSI = 209 dBm, Rate = Unknown, SSID = tamulink-wpa, Channel = 6",
266,23.7431869,[24DEC6 11EF61],[*BROADCAST],209 (0xD1),WiFi,"WiFi:[ ManagementBeacon] ....... RSSI = 209 dBm, Rate = Unknown, SSID = tamulink-wpa, Channel = 6",
267,23.8456559,[24DEC6 11EF61],[*BROADCAST],209 (0xD1),WiFi,"WiFi:[ ManagementBeacon] ....... RSSI = 209 dBm, Rate = Unknown, SSID = tamulink-wpa, Channel = 6",
268,23.9480391,[24DEC6 11EF61],[*BROADCAST],209 (0xD1),WiFi,"WiFi:[ ManagementBeacon] ....... RSSI = 209 dBm, Rate = Unknown, SSID = tamulink-wpa, Channel = 6",
269,24.0502862,[24DEC6 11EF61],[*BROADCAST],209 (0xD1),WiFi,"WiFi:[ ManagementBeacon] ....... RSSI = 209 dBm, Rate = Unknown, SSID = tamulink-wpa, Channel = 6",
270,24.1526633,[24DEC6 11EF61],[*BROADCAST],209 (0xD1),WiFi,"WiFi:[ ManagementBeacon] ....... RSSI = 209 dBm, Rate = Unknown, SSID = tamulink-wpa, Channel = 6",
271,24.2551610,[24DEC6 11EF61],[*BROADCAST],209 (0xD1),WiFi,"WiFi:[ ManagementBeacon] ....... RSSI = 209 dBm, Rate = Unknown, SSID = tamulink-wpa, Channel = 6",
272,24.3574680,[24DEC6 11EF61],[*BROADCAST],209 (0xD1),WiFi,"WiFi:[ ManagementBeacon] ....... RSSI = 209 dBm, Rate = Unknown, SSID = tamulink-wpa, Channel = 6",
273,24.4600397,[24DEC6 11EF61],[*BROADCAST],209 (0xD1),WiFi,"WiFi:[ ManagementBeacon] ....... RSSI = 209 dBm, Rate = Unknown, SSID = tamulink-wpa, Channel = 6",
274,24.5622800,[24DEC6 11EF61],[*BROADCAST],209 (0xD1),WiFi,"WiFi:[ ManagementBeacon] ....... RSSI = 209 dBm, Rate = Unknown, SSID = tamulink-wpa, Channel = 6",
275,24.6647657,[24DEC6 11EF61],[*BROADCAST],209 (0xD1),WiFi,"WiFi:[ ManagementBeacon] ....... RSSI = 209 dBm, Rate = Unknown, SSID = tamulink-wpa, Channel = 6",
276,24.7671578,[24DEC6 11EF61],[*BROADCAST],209 (0xD1),WiFi,"WiFi:[ ManagementBeacon] ....... RSSI = 209 dBm, Rate = Unknown, SSID = tamulink-wpa, Channel = 6",
277,24.8695751,[24DEC6 11EF61],[*BROADCAST],209 (0xD1),WiFi,"WiFi:[ ManagementBeacon] ....... RSSI = 209 dBm, Rate = Unknown, SSID = tamulink-wpa, Channel = 6",
278,24.9719608,[24DEC6 11EF61],[*BROADCAST],209 (0xD1),WiFi,"WiFi:[ ManagementBeacon] ....... RSSI = 209 dBm, Rate = Unknown, SSID = tamulink-wpa, Channel = 6",
279,25.0708718,[440010 6F170F],[*BROADCAST],209 (0xD1),WiFi,"WiFi:[ ManagementProbe request] ....... RSSI = 209 dBm, Rate = Unknown, SSID = tamulink-wpa, Channel = 6",
280,25.0742763,[24DEC6 11EF61],[*BROADCAST],209 (0xD1),WiFi,"WiFi:[ ManagementBeacon] ....... RSSI = 209 dBm, Rate = Unknown, SSID = tamulink-wpa, Channel = 6",
281,25.1767283,[24DEC6 11EF61],[*BROADCAST],209 (0xD1),WiFi,"WiFi:[ ManagementBeacon] ....... RSSI = 209 dBm, Rate = Unknown, SSID = tamulink-wpa, Channel = 6",
282,25.2791738,[24DEC6 11EF61],[*BROADCAST],209 (0xD1),WiFi,"WiFi:[ ManagementBeacon] ....... RSSI = 209 dBm, Rate = Unknown, SSID = tamulink-wpa, Channel = 6",
283,25.3815539,[24DEC6 11EF61],[*BROADCAST],209 (0xD1),WiFi,"WiFi:[ ManagementBeacon] ....... RSSI = 209 dBm, Rate = Unknown, SSID = tamulink-wpa, Channel = 6",
284,25.4798658,[80000B C94267],[*BROADCAST],209 (0xD1),WiFi,"WiFi:[ ManagementProbe request] ....... RSSI = 209 dBm, Rate = Unknown, SSID = BroadCast SSID",
285,25.4807728,[80000B C94267],[*BROADCAST],209 (0xD1),WiFi,"WiFi:[ ManagementProbe request] ....... RSSI = 209 dBm, Rate = Unknown, SSID = tamulink-wpa",
286,25.4823915,[80000B C94267],[*BROADCAST],209 (0xD1),WiFi,"WiFi:[ ManagementProbe request] ....... RSSI = 209 dBm, Rate = Unknown, SSID = BroadCast SSID",
287,25.4875755,[24DEC6 11EF61],[*BROADCAST],209 (0xD1),WiFi,"WiFi:[ ManagementBeacon] ....... RSSI = 209 dBm, Rate = Unknown, SSID = tamulink-wpa, Channel = 6",
288,25.5862962,[24DEC6 11EF61],[*BROADCAST],209 (0xD1),WiFi,"WiFi:[ ManagementBeacon] ....... RSSI = 209 dBm, Rate = Unknown, SSID = tamulink-wpa, Channel = 6",
289,25.6887580,[24DEC6 11EF61],[*BROADCAST],209 (0xD1),WiFi,"WiFi:[ ManagementBeacon] ....... RSSI = 209 dBm, Rate = Unknown, SSID = tamulink-wpa, Channel = 6",
290,25.7870544,[80000B C94267],[*BROADCAST],209 (0xD1),WiFi,"WiFi:[ ManagementProbe request] ....... RSSI = 209 dBm, Rate = Unknown, SSID = BroadCast SSID",
291,25.7880192,[80000B C94267],[*BROADCAST],209 (0xD1),WiFi,"WiFi:[ ManagementProbe request] ....... RSSI = 209 dBm, Rate = Unknown, SSID = tamulink-wpa",
292,25.7911586,[24DEC6 11EF61],[*BROADCAST],209 (0xD1),WiFi,"WiFi:[ ManagementBeacon] ....... RSSI = 209 dBm, Rate = Unknown, SSID = tamulink-wpa, Channel = 6",
293,25.8936469,[24DEC6 11EF61],[*BROADCAST],209 (0xD1),WiFi,"WiFi:[ ManagementBeacon] ....... RSSI = 209 dBm, Rate = Unknown, SSID = tamulink-wpa, Channel = 6",
294,25.9959676,[24DEC6 11EF61],[*BROADCAST],209 (0xD1),WiFi,"WiFi:[ ManagementBeacon] ....... RSSI = 209 dBm, Rate = Unknown, SSID = tamulink-wpa, Channel = 6",
295,26.0983139,[24DEC6 11EF61],[*BROADCAST],209 (0xD1),WiFi,"WiFi:[ ManagementBeacon] ....... RSSI = 209 dBm, Rate = Unknown, SSID = tamulink-wpa, Channel = 6",
296,26.2006671,[24DEC6 11EF61],[*BROADCAST],209 (0xD1),WiFi,"WiFi:[ ManagementBeacon] ....... RSSI = 209 dBm, Rate = Unknown, SSID = tamulink-wpa, Channel = 6",
297,26.3042643,[24DEC6 11EF61],[*BROADCAST],209 (0xD1),WiFi,"WiFi:[ ManagementBeacon] ....... RSSI = 209 dBm, Rate = Unknown, SSID = tamulink-wpa, Channel = 6",
298,26.4056489,[24DEC6 11EF61],[*BROADCAST],209 (0xD1),WiFi,"WiFi:[ ManagementBeacon] ....... RSSI = 209 dBm, Rate = Unknown, SSID = tamulink-wpa, Channel = 6",
299,26.5079392,[24DEC6 11EF61],[*BROADCAST],209 (0xD1),WiFi,"WiFi:[ ManagementBeacon] ....... RSSI = 209 dBm, Rate = Unknown, SSID = tamulink-wpa, Channel = 6",
300,26.6103231,[24DEC6 11EF61],[*BROADCAST],209 (0xD1),WiFi,"WiFi:[ ManagementBeacon] ....... RSSI = 209 dBm, Rate = Unknown, SSID = tamulink-wpa, Channel = 6",
301,26.7128563,[24DEC6 11EF61],[*BROADCAST],209 (0xD1),WiFi,"WiFi:[ ManagementBeacon] ....... RSSI = 209 dBm, Rate = Unknown, SSID = tamulink-wpa, Channel = 6",
302,26.8157787,[24DEC6 11EF61],[*BROADCAST],209 (0xD1),WiFi,"WiFi:[ ManagementBeacon] ....... RSSI = 209 dBm, Rate = Unknown, SSID = tamulink-wpa, Channel = 6",
303,26.8205650,35.153.8.208,10.231.231.191,209 (0xD1),TLS,TLS:TLS Rec Layer-1 Encrypted Alert,"{TLS:7, SSLVersionSelector:6, TCP:5, IPv4:4}"
304,26.8214302,10.231.231.191,35.153.8.208,,TLS,TLS:TLS Rec Layer-1 Encrypted Alert,"{TLS:7, SSLVersionSelector:6, TCP:5, IPv4:4}"
305,26.8216076,10.231.231.191,35.153.8.208,,TCP,"TCP:Flags=...A...F, SrcPort=3305, DstPort=HTTPS(443), PayloadLen=0, Seq=437862325, Ack=1353811985, Win=64","{TCP:5, IPv4:4}"
306,26.9175618,[24DEC6 11EF61],[*BROADCAST],209 (0xD1),WiFi,"WiFi:[ ManagementBeacon] ....... RSSI = 209 dBm, Rate = Unknown, SSID = tamulink-wpa, Channel = 6",
307,26.9197711,35.153.8.208,10.231.231.191,209 (0xD1),TCP,"TCP:Flags=...A...F, SrcPort=HTTPS(443), DstPort=3305, PayloadLen=0, Seq=1353811985, Ack=437862326, Win=157","{TCP:5, IPv4:4}"
308,26.9199943,10.231.231.191,35.153.8.208,,TCP,"TCP:Flags=...A...., SrcPort=3305, DstPort=HTTPS(443), PayloadLen=0, Seq=437862326, Ack=1353811986, Win=64","{TCP:5, IPv4:4}"
309,27.0200754,[24DEC6 11EF61],[*BROADCAST],209 (0xD1),WiFi,"WiFi:[ ManagementBeacon] ....... RSSI = 209 dBm, Rate = Unknown, SSID = tamulink-wpa, Channel = 6",
310,27.1223327,[24DEC6 11EF61],[*BROADCAST],209 (0xD1),WiFi,"WiFi:[ ManagementBeacon] ....... RSSI = 209 dBm, Rate = Unknown, SSID = tamulink-wpa, Channel = 6",
311,27.2248266,[24DEC6 11EF61],[*BROADCAST],209 (0xD1),WiFi,"WiFi:[ ManagementBeacon] ....... RSSI = 209 dBm, Rate = Unknown, SSID = tamulink-wpa, Channel = 6",
312,27.2851550,10.231.231.191,64.233.171.125,,TCP,"TCP:[Continuation to #253]Flags=...AP..., SrcPort=2991, DstPort=5222, PayloadLen=30, Seq=67438942 - 67438972, Ack=1731803933, Win=64","{TCP:2, IPv4:1}"
313,27.3036985,64.233.171.125,10.231.231.191,209 (0xD1),TCP,"TCP:Flags=...A...., SrcPort=5222, DstPort=2991, PayloadLen=0, Seq=1731803933, Ack=67438972, Win=279","{TCP:2, IPv4:1}"
314,27.3271879,[24DEC6 11EF61],[*BROADCAST],209 (0xD1),WiFi,"WiFi:[ ManagementBeacon] ....... RSSI = 209 dBm, Rate = Unknown, SSID = tamulink-wpa, Channel = 6",
315,27.4295676,[24DEC6 11EF61],[*BROADCAST],209 (0xD1),WiFi,"WiFi:[ ManagementBeacon] ....... RSSI = 209 dBm, Rate = Unknown, SSID = tamulink-wpa, Channel = 6",
316,27.5321175,[24DEC6 11EF61],[*BROADCAST],209 (0xD1),WiFi,"WiFi:[ ManagementBeacon] ....... RSSI = 209 dBm, Rate = Unknown, SSID = tamulink-wpa, Channel = 6",
317,27.7367887,[24DEC6 11EF61],[*BROADCAST],209 (0xD1),WiFi,"WiFi:[ ManagementBeacon] ....... RSSI = 209 dBm, Rate = Unknown, SSID = tamulink-wpa, Channel = 6",
318,27.8392518,[24DEC6 11EF61],[*BROADCAST],209 (0xD1),WiFi,"WiFi:[ ManagementBeacon] ....... RSSI = 209 dBm, Rate = Unknown, SSID = tamulink-wpa, Channel = 6",
319,27.9446619,[24DEC6 11EF61],[*BROADCAST],209 (0xD1),WiFi,"WiFi:[ ManagementBeacon] ....... RSSI = 209 dBm, Rate = Unknown, SSID = tamulink-wpa, Channel = 6",
320,28.0463855,[24DEC6 11EF61],[*BROADCAST],209 (0xD1),WiFi,"WiFi:[ ManagementBeacon] ....... RSSI = 209 dBm, Rate = Unknown, SSID = tamulink-wpa, Channel = 6",
321,28.1463840,[24DEC6 11EF61],[*BROADCAST],209 (0xD1),WiFi,"WiFi:[ ManagementBeacon] ....... RSSI = 209 dBm, Rate = Unknown, SSID = tamulink-wpa, Channel = 6",
322,28.2521003,[24DEC6 11EF61],[*BROADCAST],209 (0xD1),WiFi,"WiFi:[ ManagementBeacon] ....... RSSI = 209 dBm, Rate = Unknown, SSID = tamulink-wpa, Channel = 6",
323,28.3512546,[24DEC6 11EF61],[*BROADCAST],209 (0xD1),WiFi,"WiFi:[ ManagementBeacon] ....... RSSI = 209 dBm, Rate = Unknown, SSID = tamulink-wpa, Channel = 6",
324,28.4535710,[24DEC6 11EF61],[*BROADCAST],209 (0xD1),WiFi,"WiFi:[ ManagementBeacon] ....... RSSI = 209 dBm, Rate = Unknown, SSID = tamulink-wpa, Channel = 6",
325,28.5559870,[24DEC6 11EF61],[*BROADCAST],209 (0xD1),WiFi,"WiFi:[ ManagementBeacon] ....... RSSI = 209 dBm, Rate = Unknown, SSID = tamulink-wpa, Channel = 6",
326,28.6595137,[24DEC6 11EF61],[*BROADCAST],209 (0xD1),WiFi,"WiFi:[ ManagementBeacon] ....... RSSI = 209 dBm, Rate = Unknown, SSID = tamulink-wpa, Channel = 6",
327,28.8632527,[24DEC6 11EF61],[*BROADCAST],209 (0xD1),WiFi,"WiFi:[ ManagementBeacon] ....... RSSI = 209 dBm, Rate = Unknown, SSID = tamulink-wpa, Channel = 6",
328,28.9656563,[24DEC6 11EF61],[*BROADCAST],209 (0xD1),WiFi,"WiFi:[ ManagementBeacon] ....... RSSI = 209 dBm, Rate = Unknown, SSID = tamulink-wpa, Channel = 6",
329,29.0679855,[24DEC6 11EF61],[*BROADCAST],209 (0xD1),WiFi,"WiFi:[ ManagementBeacon] ....... RSSI = 209 dBm, Rate = Unknown, SSID = tamulink-wpa, Channel = 6",
330,29.1723025,[24DEC6 11EF61],[*BROADCAST],209 (0xD1),WiFi,"WiFi:[ ManagementBeacon] ....... RSSI = 209 dBm, Rate = Unknown, SSID = tamulink-wpa, Channel = 6",
331,29.3751224,[24DEC6 11EF61],[*BROADCAST],209 (0xD1),WiFi,"WiFi:[ ManagementBeacon] ....... RSSI = 209 dBm, Rate = Unknown, SSID = tamulink-wpa, Channel = 6",
332,29.5799049,[24DEC6 11EF61],[*BROADCAST],209 (0xD1),WiFi,"WiFi:[ ManagementBeacon] ....... RSSI = 209 dBm, Rate = Unknown, SSID = tamulink-wpa, Channel = 6",
333,29.6824244,[24DEC6 11EF61],[*BROADCAST],209 (0xD1),WiFi,"WiFi:[ ManagementBeacon] ....... RSSI = 209 dBm, Rate = Unknown, SSID = tamulink-wpa, Channel = 6",
334,29.7847789,[24DEC6 11EF61],[*BROADCAST],209 (0xD1),WiFi,"WiFi:[ ManagementBeacon] ....... RSSI = 209 dBm, Rate = Unknown, SSID = tamulink-wpa, Channel = 6",
335,29.8872163,[24DEC6 11EF61],[*BROADCAST],209 (0xD1),WiFi,"WiFi:[ ManagementBeacon] ....... RSSI = 209 dBm, Rate = Unknown, SSID = tamulink-wpa, Channel = 6",
336,29.9896601,[24DEC6 11EF61],[*BROADCAST],210 (0xD2),WiFi,"WiFi:[ ManagementBeacon] ....... RSSI = 210 dBm, Rate = Unknown, SSID = tamulink-wpa, Channel = 6",
337,30.0885390,[CC20E8 195777],[*BROADCAST],210 (0xD2),WiFi,"WiFi:[ ManagementProbe request] ....... RSSI = 210 dBm, Rate = Unknown, SSID = tamulink-wpa, Channel = 7",
338,30.0918738,[24DEC6 11EF61],[*BROADCAST],210 (0xD2),WiFi,"WiFi:[ ManagementBeacon] ....... RSSI = 210 dBm, Rate = Unknown, SSID = tamulink-wpa, Channel = 6",
339,30.1943301,[24DEC6 11EF61],[*BROADCAST],210 (0xD2),WiFi,"WiFi:[ ManagementBeacon] ....... RSSI = 210 dBm, Rate = Unknown, SSID = tamulink-wpa, Channel = 6",
340,30.2967418,[24DEC6 11EF61],[*BROADCAST],210 (0xD2),WiFi,"WiFi:[ ManagementBeacon] ....... RSSI = 210 dBm, Rate = Unknown, SSID = tamulink-wpa, Channel = 6",
341,30.3991574,[24DEC6 11EF61],[*BROADCAST],210 (0xD2),WiFi,"WiFi:[ ManagementBeacon] ....... RSSI = 210 dBm, Rate = Unknown, SSID = tamulink-wpa, Channel = 6",
342,30.5016244,[24DEC6 11EF61],[*BROADCAST],210 (0xD2),WiFi,"WiFi:[ ManagementBeacon] ....... RSSI = 210 dBm, Rate = Unknown, SSID = tamulink-wpa, Channel = 6",
343,30.6038958,[24DEC6 11EF61],[*BROADCAST],210 (0xD2),WiFi,"WiFi:[ ManagementBeacon] ....... RSSI = 210 dBm, Rate = Unknown, SSID = tamulink-wpa, Channel = 6",
344,30.7054963,[B4B676 1E7184],[*BROADCAST],210 (0xD2),WiFi,"WiFi:[ ManagementProbe request] ....... RSSI = 210 dBm, Rate = Unknown, SSID = BroadCast SSID",
345,30.7104255,[24DEC6 11EF61],[*BROADCAST],210 (0xD2),WiFi,"WiFi:[ ManagementBeacon] ....... RSSI = 210 dBm, Rate = Unknown, SSID = tamulink-wpa, Channel = 6",
346,30.8095819,[24DEC6 11EF61],[*BROADCAST],210 (0xD2),WiFi,"WiFi:[ ManagementBeacon] ....... RSSI = 210 dBm, Rate = Unknown, SSID = tamulink-wpa, Channel = 6",
347,30.9111217,[24DEC6 11EF61],[*BROADCAST],210 (0xD2),WiFi,"WiFi:[ ManagementBeacon] ....... RSSI = 210 dBm, Rate = Unknown, SSID = tamulink-wpa, Channel = 6",
348,31.0136481,[24DEC6 11EF61],[*BROADCAST],210 (0xD2),WiFi,"WiFi:[ ManagementBeacon] ....... RSSI = 210 dBm, Rate = Unknown, SSID = tamulink-wpa, Channel = 6",
349,31.1158460,[24DEC6 11EF61],[*BROADCAST],210 (0xD2),WiFi,"WiFi:[ ManagementBeacon] ....... RSSI = 210 dBm, Rate = Unknown, SSID = tamulink-wpa, Channel = 6",
350,31.2183835,[24DEC6 11EF61],[*BROADCAST],210 (0xD2),WiFi,"WiFi:[ ManagementBeacon] ....... RSSI = 210 dBm, Rate = Unknown, SSID = tamulink-wpa, Channel = 6",
351,31.3207983,[24DEC6 11EF61],[*BROADCAST],210 (0xD2),WiFi,"WiFi:[ ManagementBeacon] ....... RSSI = 210 dBm, Rate = Unknown, SSID = tamulink-wpa, Channel = 6",
352,31.4231497,[24DEC6 11EF61],[*BROADCAST],210 (0xD2),WiFi,"WiFi:[ ManagementBeacon] ....... RSSI = 210 dBm, Rate = Unknown, SSID = tamulink-wpa, Channel = 6",
353,31.6551426,[F04F7C 1B02BC],[*BROADCAST],210 (0xD2),WiFi,"WiFi:[ ManagementProbe request] ....... RSSI = 210 dBm, Rate = Unknown, SSID = BroadCast SSID",
354,31.7304551,[24DEC6 11EF61],[*BROADCAST],210 (0xD2),WiFi,"WiFi:[ ManagementBeacon] ....... RSSI = 210 dBm, Rate = Unknown, SSID = tamulink-wpa, Channel = 6",
355,31.8328566,[24DEC6 11EF61],[*BROADCAST],210 (0xD2),WiFi,"WiFi:[ ManagementBeacon] ....... RSSI = 210 dBm, Rate = Unknown, SSID = tamulink-wpa, Channel = 6",
356,31.9352453,[24DEC6 11EF61],[*BROADCAST],210 (0xD2),WiFi,"WiFi:[ ManagementBeacon] ....... RSSI = 210 dBm, Rate = Unknown, SSID = tamulink-wpa, Channel = 6",
357,32.0375664,[24DEC6 11EF61],[*BROADCAST],210 (0xD2),WiFi,"WiFi:[ ManagementBeacon] ....... RSSI = 210 dBm, Rate = Unknown, SSID = tamulink-wpa, Channel = 6",
358,32.1398751,[24DEC6 11EF61],[*BROADCAST],210 (0xD2),WiFi,"WiFi:[ ManagementBeacon] ....... RSSI = 210 dBm, Rate = Unknown, SSID = tamulink-wpa, Channel = 6",
359,32.2423989,[24DEC6 11EF61],[*BROADCAST],210 (0xD2),WiFi,"WiFi:[ ManagementBeacon] ....... RSSI = 210 dBm, Rate = Unknown, SSID = tamulink-wpa, Channel = 6",
360,32.3447071,[24DEC6 11EF61],[*BROADCAST],210 (0xD2),WiFi,"WiFi:[ ManagementBeacon] ....... RSSI = 210 dBm, Rate = Unknown, SSID = tamulink-wpa, Channel = 6",
361,32.4471822,[24DEC6 11EF61],[*BROADCAST],210 (0xD2),WiFi,"WiFi:[ ManagementBeacon] ....... RSSI = 210 dBm, Rate = Unknown, SSID = tamulink-wpa, Channel = 6",
362,32.5495888,[24DEC6 11EF61],[*BROADCAST],210 (0xD2),WiFi,"WiFi:[ ManagementBeacon] ....... RSSI = 210 dBm, Rate = Unknown, SSID = tamulink-wpa, Channel = 6",
363,32.6535679,[24DEC6 11EF61],[*BROADCAST],210 (0xD2),WiFi,"WiFi:[ ManagementBeacon] ....... RSSI = 210 dBm, Rate = Unknown, SSID = tamulink-wpa, Channel = 6",
364,32.7544791,[24DEC6 11EF61],[*BROADCAST],210 (0xD2),WiFi,"WiFi:[ ManagementBeacon] ....... RSSI = 210 dBm, Rate = Unknown, SSID = tamulink-wpa, Channel = 6",
365,32.9623098,[24DEC6 11EF61],[*BROADCAST],210 (0xD2),WiFi,"WiFi:[ ManagementBeacon] ....... RSSI = 210 dBm, Rate = Unknown, SSID = tamulink-wpa, Channel = 6",
366,33.0615775,[24DEC6 11EF61],[*BROADCAST],210 (0xD2),WiFi,"WiFi:[ ManagementBeacon] ....... RSSI = 210 dBm, Rate = Unknown, SSID = tamulink-wpa, Channel = 6",
367,33.2664617,[24DEC6 11EF61],[*BROADCAST],210 (0xD2),WiFi,"WiFi:[ ManagementBeacon] ....... RSSI = 210 dBm, Rate = Unknown, SSID = tamulink-wpa, Channel = 6",
368,33.3688320,[24DEC6 11EF61],[*BROADCAST],210 (0xD2),WiFi,"WiFi:[ ManagementBeacon] ....... RSSI = 210 dBm, Rate = Unknown, SSID = tamulink-wpa, Channel = 6",
369,33.4711518,[24DEC6 11EF61],[*BROADCAST],210 (0xD2),WiFi,"WiFi:[ ManagementBeacon] ....... RSSI = 210 dBm, Rate = Unknown, SSID = tamulink-wpa, Channel = 6",
370,33.5735803,[24DEC6 11EF61],[*BROADCAST],210 (0xD2),WiFi,"WiFi:[ ManagementBeacon] ....... RSSI = 210 dBm, Rate = Unknown, SSID = tamulink-wpa, Channel = 6",
371,33.6759736,[24DEC6 11EF61],[*BROADCAST],210 (0xD2),WiFi,"WiFi:[ ManagementBeacon] ....... RSSI = 210 dBm, Rate = Unknown, SSID = tamulink-wpa, Channel = 6",
372,33.7791847,[24DEC6 11EF61],[*BROADCAST],210 (0xD2),WiFi,"WiFi:[ ManagementBeacon] ....... RSSI = 210 dBm, Rate = Unknown, SSID = tamulink-wpa, Channel = 6",
373,33.8794500,[8CF5A3 0AA2B7],[*BROADCAST],210 (0xD2),WiFi,"WiFi:[ ManagementProbe request] ....... RSSI = 210 dBm, Rate = Unknown, SSID = BroadCast SSID, Channel = 7",
374,34.0855155,[24DEC6 11EF61],[*BROADCAST],210 (0xD2),WiFi,"WiFi:[ ManagementBeacon] ....... RSSI = 210 dBm, Rate = Unknown, SSID = tamulink-wpa, Channel = 6",
375,34.1884678,[24DEC6 11EF61],[*BROADCAST],210 (0xD2),WiFi,"WiFi:[ ManagementBeacon] ....... RSSI = 210 dBm, Rate = Unknown, SSID = tamulink-wpa, Channel = 6",
376,34.2903437,[24DEC6 11EF61],[*BROADCAST],210 (0xD2),WiFi,"WiFi:[ ManagementBeacon] ....... RSSI = 210 dBm, Rate = Unknown, SSID = tamulink-wpa, Channel = 6",
377,34.3926588,[24DEC6 11EF61],[*BROADCAST],210 (0xD2),WiFi,"WiFi:[ ManagementBeacon] ....... RSSI = 210 dBm, Rate = Unknown, SSID = tamulink-wpa, Channel = 6",
378,34.4952433,[24DEC6 11EF61],[*BROADCAST],210 (0xD2),WiFi,"WiFi:[ ManagementBeacon] ....... RSSI = 210 dBm, Rate = Unknown, SSID = tamulink-wpa, Channel = 6",
379,34.5975212,[24DEC6 11EF61],[*BROADCAST],210 (0xD2),WiFi,"WiFi:[ ManagementBeacon] ....... RSSI = 210 dBm, Rate = Unknown, SSID = tamulink-wpa, Channel = 6",
380,34.6999706,[24DEC6 11EF61],[*BROADCAST],210 (0xD2),WiFi,"WiFi:[ ManagementBeacon] ....... RSSI = 210 dBm, Rate = Unknown, SSID = tamulink-wpa, Channel = 6",
381,34.8030072,[24DEC6 11EF61],[*BROADCAST],210 (0xD2),WiFi,"WiFi:[ ManagementBeacon] ....... RSSI = 210 dBm, Rate = Unknown, SSID = tamulink-wpa, Channel = 6",
382,34.9047796,[24DEC6 11EF61],[*BROADCAST],210 (0xD2),WiFi,"WiFi:[ ManagementBeacon] ....... RSSI = 210 dBm, Rate = Unknown, SSID = tamulink-wpa, Channel = 6",
383,35.0071563,[24DEC6 11EF61],[*BROADCAST],210 (0xD2),WiFi,"WiFi:[ ManagementBeacon] ....... RSSI = 210 dBm, Rate = Unknown, SSID = tamulink-wpa, Channel = 6",
384,35.1095804,[24DEC6 11EF61],[*BROADCAST],210 (0xD2),WiFi,"WiFi:[ ManagementBeacon] ....... RSSI = 210 dBm, Rate = Unknown, SSID = tamulink-wpa, Channel = 6",
385,35.2125811,[24DEC6 11EF61],[*BROADCAST],210 (0xD2),WiFi,"WiFi:[ ManagementBeacon] ....... RSSI = 210 dBm, Rate = Unknown, SSID = tamulink-wpa, Channel = 6",
386,35.4168670,[24DEC6 11EF61],[*BROADCAST],210 (0xD2),WiFi,"WiFi:[ ManagementBeacon] ....... RSSI = 210 dBm, Rate = Unknown, SSID = tamulink-wpa, Channel = 6",
387,35.5192673,[24DEC6 11EF61],[*BROADCAST],210 (0xD2),WiFi,"WiFi:[ ManagementBeacon] ....... RSSI = 210 dBm, Rate = Unknown, SSID = tamulink-wpa, Channel = 6",
388,35.6214913,[24DEC6 11EF61],[*BROADCAST],210 (0xD2),WiFi,"WiFi:[ ManagementBeacon] ....... RSSI = 210 dBm, Rate = Unknown, SSID = tamulink-wpa, Channel = 6",
389,35.7198223,[80000B C94267],[*BROADCAST],210 (0xD2),WiFi,"WiFi:[ ManagementProbe request] ....... RSSI = 210 dBm, Rate = Unknown, SSID = BroadCast SSID",
390,35.7248037,[80000B C94267],[*BROADCAST],210 (0xD2),WiFi,"WiFi:[ ManagementProbe request] ....... RSSI = 210 dBm, Rate = Unknown, SSID = tamulink-wpa",
391,35.7292812,[80000B C94267],[*BROADCAST],210 (0xD2),WiFi,"WiFi:[ ManagementProbe request] ....... RSSI = 210 dBm, Rate = Unknown, SSID = BroadCast SSID",
392,35.8263806,[24DEC6 11EF61],[*BROADCAST],210 (0xD2),WiFi,"WiFi:[ ManagementBeacon] ....... RSSI = 210 dBm, Rate = Unknown, SSID = tamulink-wpa, Channel = 6",
393,35.9287907,[24DEC6 11EF61],[*BROADCAST],210 (0xD2),WiFi,"WiFi:[ ManagementBeacon] ....... RSSI = 210 dBm, Rate = Unknown, SSID = tamulink-wpa, Channel = 6",
394,36.0312482,[24DEC6 11EF61],[*BROADCAST],210 (0xD2),WiFi,"WiFi:[ ManagementBeacon] ....... RSSI = 210 dBm, Rate = Unknown, SSID = tamulink-wpa, Channel = 6",
395,36.1293753,[80000B C94267],[*BROADCAST],210 (0xD2),WiFi,"WiFi:[ ManagementProbe request] ....... RSSI = 210 dBm, Rate = Unknown, SSID = BroadCast SSID",
396,36.1343100,[24DEC6 11EF61],[*BROADCAST],210 (0xD2),WiFi,"WiFi:[ ManagementBeacon] ....... RSSI = 210 dBm, Rate = Unknown, SSID = tamulink-wpa, Channel = 6",
397,36.2359798,[24DEC6 11EF61],[*BROADCAST],210 (0xD2),WiFi,"WiFi:[ ManagementBeacon] ....... RSSI = 210 dBm, Rate = Unknown, SSID = tamulink-wpa, Channel = 6",
398,36.3383505,[24DEC6 11EF61],[*BROADCAST],210 (0xD2),WiFi,"WiFi:[ ManagementBeacon] ....... RSSI = 210 dBm, Rate = Unknown, SSID = tamulink-wpa, Channel = 6",
399,36.4407618,[24DEC6 11EF61],[*BROADCAST],210 (0xD2),WiFi,"WiFi:[ ManagementBeacon] ....... RSSI = 210 dBm, Rate = Unknown, SSID = tamulink-wpa, Channel = 6",
400,36.5450848,[24DEC6 11EF61],[*BROADCAST],210 (0xD2),WiFi,"WiFi:[ ManagementBeacon] ....... RSSI = 210 dBm, Rate = Unknown, SSID = tamulink-wpa, Channel = 6",
401,36.6476150,[24DEC6 11EF61],[*BROADCAST],210 (0xD2),WiFi,"WiFi:[ ManagementBeacon] ....... RSSI = 210 dBm, Rate = Unknown, SSID = tamulink-wpa, Channel = 6",
402,36.7479911,[24DEC6 11EF61],[*BROADCAST],210 (0xD2),WiFi,"WiFi:[ ManagementBeacon] ....... RSSI = 210 dBm, Rate = Unknown, SSID = tamulink-wpa, Channel = 6",
403,36.8517162,[24DEC6 11EF61],[*BROADCAST],210 (0xD2),WiFi,"WiFi:[ ManagementBeacon] ....... RSSI = 210 dBm, Rate = Unknown, SSID = tamulink-wpa, Channel = 6",
404,36.9528266,[24DEC6 11EF61],[*BROADCAST],210 (0xD2),WiFi,"WiFi:[ ManagementBeacon] ....... RSSI = 210 dBm, Rate = Unknown, SSID = tamulink-wpa, Channel = 6",
405,37.0551836,[24DEC6 11EF61],[*BROADCAST],210 (0xD2),WiFi,"WiFi:[ ManagementBeacon] ....... RSSI = 210 dBm, Rate = Unknown, SSID = tamulink-wpa, Channel = 6",
406,37.1575834,[24DEC6 11EF61],[*BROADCAST],210 (0xD2),WiFi,"WiFi:[ ManagementBeacon] ....... RSSI = 210 dBm, Rate = Unknown, SSID = tamulink-wpa, Channel = 6",
407,37.2600011,[24DEC6 11EF61],[*BROADCAST],210 (0xD2),WiFi,"WiFi:[ ManagementBeacon] ....... RSSI = 210 dBm, Rate = Unknown, SSID = tamulink-wpa, Channel = 6",
408,37.3624745,[24DEC6 11EF61],[*BROADCAST],210 (0xD2),WiFi,"WiFi:[ ManagementBeacon] ....... RSSI = 210 dBm, Rate = Unknown, SSID = tamulink-wpa, Channel = 6",
409,37.4648465,[24DEC6 11EF61],[*BROADCAST],210 (0xD2),WiFi,"WiFi:[ ManagementBeacon] ....... RSSI = 210 dBm, Rate = Unknown, SSID = tamulink-wpa, Channel = 6",
410,37.5672749,[24DEC6 11EF61],[*BROADCAST],210 (0xD2),WiFi,"WiFi:[ ManagementBeacon] ....... RSSI = 210 dBm, Rate = Unknown, SSID = tamulink-wpa, Channel = 6",
411,37.6695669,[24DEC6 11EF61],[*BROADCAST],210 (0xD2),WiFi,"WiFi:[ ManagementBeacon] ....... RSSI = 210 dBm, Rate = Unknown, SSID = tamulink-wpa, Channel = 6",
412,37.7719872,[24DEC6 11EF61],[*BROADCAST],210 (0xD2),WiFi,"WiFi:[ ManagementBeacon] ....... RSSI = 210 dBm, Rate = Unknown, SSID = tamulink-wpa, Channel = 6",
413,37.9768176,[24DEC6 11EF61],[*BROADCAST],210 (0xD2),WiFi,"WiFi:[ ManagementBeacon] ....... RSSI = 210 dBm, Rate = Unknown, SSID = tamulink-wpa, Channel = 6",
